"TID","EN","FR","DE","ES","IT","NL","NO","PT","TR","JP","CN","KR","RU","AR","CNT","FA"
"string","string","string","string","string","string","string","string","string","string","string","string","string","string","string","string","string"
"TID_NEWS_TREASURY TITLE","Clash Royale Tournaments Are Here!","Les tournois de Clash Royale sont là !","Clash Royale-Turniere sind da!","¡Llegan los torneos de Clash Royale!","Sono arrivati i tornei di Clash Royale!","Er zijn nu Clash Royale-toernooien!","Nå kan du delta i Clash Royale-turneringer!","Chegaram os Torneios do Clash Royale!","İşte Clash Royale Turnuvaları!","クラッシュ・ロワイヤルに大会が登場！","部落冲突:皇室战争锦标赛系统来了","클래시 로얄 토너먼트를 개최합니다!","Встречайте турниры Clash Royale!","لقد وصلت بطولات Clash Royale!","部落衝突:皇室戰爭聯賽系統來了","مسابقات Clash Royale فرا رسیدند!"
"TID_NEWS_TREASURY TEXT","Introducing a massive new update to Clash Royale: Tournaments!\nBattle nearby players for Tournament Trophies and unlock HUGE Tournament Chests!\n\nAlso in this update: Four new cards, including the Bowler, a frosty new Arena and more!","Une énorme mise à jour de Clash Royale vous attend, avec les tournois ! Affrontez des joueurs situés à proximité pour décrocher des trophées et débloquer d'ÉNORMES coffres !\n\nAvec aussi : quatre nouvelles cartes, dont le bouliste, une nouvelle arène glacée et bien plus encore !","Wir präsentieren ein gigantisches neues Update für Clash Royale: Turniere! Kämpfe gegen Spieler aus deiner Nähe um Turniertrophäen und schalte GEWALTIGE Turniertruhen frei!\n\nAußerdem: Vier neue Karten, einschließlich Bowler, eine frostige neue Arena und mehr!","Traemos una increíble actualización de Clash Royale: ¡los torneos! Lucha contra jugadores cercanos para ganar trofeos de torneo y desbloquea enormes cofres de torneo.\n\nOtras novedades de la actualización: Hemos introducido 4 cartas nuevas, como el lanzarrocas, además de una arena que te dejará de hielo ¡y mucho más!","Presentiamo un gigantesco nuovo aggiornamento di Clash Royale: i tornei! Combatti contro i giocatori vicini per ottenere trofei del torneo e sbloccare ENORMI forzieri del torneo!\n\nInoltre, in questo aggiornamento: quattro nuove carte, compreso il bocciatore, una nuova arena ghiacciata e altro ancora!","We introduceren een gigantische, nieuwe update voor Clash Royale: toernooien! Vecht met spelers uit je omgeving voor toernooitrofeeën en ontgrendel ENORME toernooikisten!\n\nTevens in deze update: vier nieuwe kaarten, inclusief de bowler, een bevroren, nieuwe arena en meer!","Vi introduserer en enorm ny oppdatering av Clash Royale: turneringer! Kjemp mot spillere i nærheten av deg for å vinne turneringstrofeer og låse opp STORE turneringskister!\n\nOppdateringen gir deg også: fire nye kort, deriblant bowleren, samt en kald ny arena og mer!","Apresentando uma grande novidade para o Clash Royale: Torneios! Lute com jogadores próximos para ganhar Troféus do Torneio e desbloquear baús incríveis!\n\nAinda na atualização: quatro novas cartas, incluindo o Corredor, uma nova arena congelada e muito mais!","Clash Royale'a yeni ve büyük bir gücelleme: Turnuvalar! Turnuva Kupaları için yakınlarınızdaki oyuncularla savaşın ve DEV Turnuva sandıklarının kilidini açın!\n\nAyrıca bu güncellemede: Atıcıyı da içeren dört yeni kart, dondurucu yeni bir Arena ve daha fazlası!","クラッシュ・ロワイヤルに、大規模な新機能「大会」を導入します！ 大会トロフィーをかけて、お近くのプレイヤーと戦いましょう！\n\nまた今回のアップデートでは、ボウラーを含む4つの新カードと、冷酷な新アリーナなどが追加されます！","隆重推出大型全新系统：锦标赛！ 想抢先体验锦标赛系统吗？加入官方锦标赛线上预选赛 ,7/8日等你前来赢取海量卡牌和晋级线下赛资格！\n\n此次更新还将推出：包括巨石投手的四张全新卡牌，冰霜覆盖的全新竞技场，还有更多！","클래시 로얄에 대형 업데이트로 다음 기능이 추가됩니다! 토너먼트!\n근처에 사는 플레이어들과 겨뤄 토너먼트 트로피를 얻고 거대한 토너먼트 상자를 여세요!\n\n또한 이번 업데이트에는 볼러, 프로스티 등 새 카드 4 종류와 새 아레나 등 다양한 컨텐츠가 포함되어 있습니다!","В Clash Royale вышло очень важное обновление, в котором появились турниры! Сражайтесь с местными игроками за турнирные трофеи и открывайте ОГРОМНЫЕ турнирные сундуки!\n\nА еще в обновлении вас ждут: четыре новых карты, включая вышибалу, новая заснеженная Арена и многое другое!","نقدم لكم تحديثًا ضخمًا للعبة Clash Royale: البطولات! حارب اللاعبين القريبين من أجل كؤوس البطولات وفتح صناديق البطولات الضخمة!\n\nوفي هذا التحديث أيضًا: أربع بطاقات جديدة بما في ذلك الباولر وساحة جديدة ثلجية والمزيد!","隆重推出大型全新系統：聯賽！ 與附近的玩家進行聯賽對戰贏取聯賽獎盃！衝擊聯賽排行榜，贏取巨大的聯賽寶箱！\n\n此次更新還將推出：包含巨石投手的四張全新卡牌，冰霜覆蓋的全新競技場，還有更多！ ","با معرفی یک به‌روزرسانی جدید بسیار بزرگ برای Clash Royale! برای شرکت در مسابقات با بازیکنان نزدیک خود نبرد کنید و صندوق‌های مسابقات عظیمی را قفل‌گشایی کنید!\n\nهمچنین در به‌روزرسانی: چهار کارت جدید، از جمله له‌کننده، یک استادیوم یخی جدید و بیشتر وجود دارد!"
"TID_NEWS_ECONOMY_TEXT","Play Now!","Jouez maintenant !","Jetzt spielen!","Jugar","Gioca subito!","Nu spelen!","Spill nå!","Quero jogar!","Hemen Oyna!","今すぐプレイ！","立即畅玩！","지금 즐겨보세요!","Сыграйте!","العب الآن!","立即遊玩！ ","اکنون بازی کنید!"
