﻿{
  "exp_ver": 1,
  "active_layout": 3,
  "war_layout": 5,
  "layout_state": [0, 1, 0, 0, 0, 0],
  "buildings": [
  {
    "data": 1000001,
    "id": 500000000,
    "lvl": 9,
    "x": 23,
    "y": 23,
    "e1x": 23,
    "e1y": 23,
    "lmx": 23,
    "lmy": 23,
    "l1x": 23,
    "l1y": 23,
    "l4x": 23,
    "l4y": 23,
    "l5x": 23,
    "l5y": 23
  }, {
    "data": 1000004,
    "id": 500000001,
    "lvl": 11,
    "x": 9,
    "y": 29,
    "res_time": 205627,
    "e1x": 39,
    "e1y": 20,
    "lmx": 18,
    "lmy": 39,
    "l1x": 39,
    "l1y": 20,
    "l4x": 9,
    "l4y": 31,
    "l5x": 9,
    "l5y": 29
  }, {
    "data": 1000000,
    "id": 500000002,
    "lvl": 7,
    "x": 8,
    "y": 8,
    "units": [],
    "e1x": 9,
    "e1y": 36,
    "lmx": 9,
    "lmy": 36,
    "l1x": 9,
    "l1y": 36,
    "l4x": 10,
    "l4y": 10,
    "l5x": 8,
    "l5y": 8
  }, {
    "data": 1000015,
    "id": 500000003,
    "lvl": 0,
    "x": 9,
    "y": 32,
    "e1x": 33,
    "e1y": 9,
    "lmx": 35,
    "lmy": 7,
    "l1x": 33,
    "l1y": 9,
    "l4x": 9,
    "l4y": 29,
    "l5x": 10,
    "l5y": 32
  }, {
    "data": 1000014,
    "id": 500000004,
    "lvl": 5,
    "x": 20,
    "y": 23,
    "e1x": 22,
    "e1y": 27,
    "lmx": 27,
    "lmy": 23,
    "l1x": 22,
    "l1y": 27,
    "l4x": 20,
    "l4y": 23,
    "l5x": 20,
    "l5y": 23
  }, {
    "data": 1000008,
    "id": 500000005,
    "lvl": 11,
    "x": 23,
    "y": 8,
    "e1x": 12,
    "e1y": 14,
    "lmx": 12,
    "lmy": 14,
    "l1x": 12,
    "l1y": 14,
    "l4x": 9,
    "l4y": 26,
    "l5x": 23,
    "l5y": 9
  }, {
    "data": 1000015,
    "id": 500000006,
    "lvl": 0,
    "x": 8,
    "y": 21,
    "e1x": 39,
    "e1y": 27,
    "lmx": 21,
    "lmy": 8,
    "l1x": 39,
    "l1y": 27,
    "l4x": 10,
    "l4y": 21,
    "l5x": 29,
    "l5y": 35
  }, {
    "data": 1000002,
    "id": 500000007,
    "lvl": 11,
    "x": 31,
    "y": 8,
    "res_time": 205632,
    "e1x": 32,
    "e1y": 38,
    "lmx": 28,
    "lmy": 40,
    "l1x": 32,
    "l1y": 38,
    "l4x": 31,
    "l4y": 9,
    "l5x": 31,
    "l5y": 9
  }, {
    "data": 1000003,
    "id": 500000008,
    "lvl": 10,
    "x": 19,
    "y": 16,
    "e1x": 25,
    "e1y": 35,
    "lmx": 29,
    "lmy": 32,
    "l1x": 25,
    "l1y": 35,
    "l4x": 19,
    "l4y": 16,
    "l5x": 19,
    "l5y": 16
  }, {
    "data": 1000005,
    "id": 500000009,
    "lvl": 10,
    "x": 16,
    "y": 18,
    "e1x": 22,
    "e1y": 35,
    "lmx": 16,
    "lmy": 25,
    "l1x": 22,
    "l1y": 35,
    "l4x": 16,
    "l4y": 18,
    "l5x": 16,
    "l5y": 18
  }, {
    "data": 1000006,
    "id": 500000010,
    "lvl": 9,
    "x": 38,
    "y": 25,
    "unit_prod": { "unit_type": 0 },
    "e1x": 39,
    "e1y": 31,
    "lmx": 39,
    "lmy": 32,
    "l1x": 39,
    "l1y": 31,
    "l4x": 38,
    "l4y": 22,
    "l5x": 38,
    "l5y": 25
  }, {
    "data": 1000002,
    "id": 500000011,
    "lvl": 11,
    "x": 31,
    "y": 38,
    "res_time": 205700,
    "e1x": 25,
    "e1y": 8,
    "lmx": 15,
    "lmy": 39,
    "l1x": 25,
    "l1y": 8,
    "l4x": 31,
    "l4y": 38,
    "l5x": 31,
    "l5y": 38
  }, {
    "data": 1000004,
    "id": 500000012,
    "lvl": 11,
    "x": 9,
    "y": 23,
    "res_time": 205628,
    "e1x": 29,
    "e1y": 8,
    "lmx": 29,
    "lmy": 8,
    "l1x": 29,
    "l1y": 8,
    "l4x": 16,
    "l4y": 24,
    "l5x": 9,
    "l5y": 20
  }, {
    "data": 1000006,
    "id": 500000013,
    "lvl": 9,
    "x": 38,
    "y": 28,
    "unit_prod": { "unit_type": 0 },
    "e1x": 25,
    "e1y": 12,
    "lmx": 39,
    "lmy": 28,
    "l1x": 25,
    "l1y": 12,
    "l4x": 38,
    "l4y": 28,
    "l5x": 38,
    "l5y": 28
  }, {
    "data": 1000002,
    "id": 500000014,
    "lvl": 11,
    "x": 28,
    "y": 38,
    "res_time": 205626,
    "e1x": 14,
    "e1y": 8,
    "lmx": 21,
    "lmy": 39,
    "l1x": 14,
    "l1y": 8,
    "l4x": 34,
    "l4y": 28,
    "l5x": 28,
    "l5y": 38
  }, {
    "data": 1000000,
    "id": 500000015,
    "lvl": 7,
    "x": 9,
    "y": 37,
    "units": [],
    "e1x": 36,
    "e1y": 9,
    "lmx": 36,
    "lmy": 9,
    "l1x": 36,
    "l1y": 9,
    "l4x": 10,
    "l4y": 35,
    "l5x": 9,
    "l5y": 37
  }, {
    "data": 1000007,
    "id": 500000016,
    "lvl": 7,
    "x": 43,
    "y": 21,
    "unit_upg": { "unit_type": 1, "t": 345498, "id": 26000009, "t_end": 1457914275 },
    "e1x": 7,
    "e1y": 26,
    "lmx": 7,
    "lmy": 22,
    "l1x": 7,
    "l1y": 26,
    "l4x": 19,
    "l4y": 8,
    "l5x": 43,
    "l5y": 21
  }, {
    "data": 1000005,
    "id": 500000017,
    "lvl": 10,
    "x": 18,
    "y": 31,
    "e1x": 35,
    "e1y": 22,
    "lmx": 31,
    "lmy": 22,
    "l1x": 35,
    "l1y": 22,
    "l4x": 18,
    "l4y": 31,
    "l5x": 18,
    "l5y": 31
  }, {
    "data": 1000015,
    "id": 500000018,
    "lvl": 0,
    "x": 9,
    "y": 16,
    "e1x": 38,
    "e1y": 14,
    "lmx": 15,
    "lmy": 8,
    "l1x": 38,
    "l1y": 14,
    "l4x": 9,
    "l4y": 16,
    "l5x": 10,
    "l5y": 13
  }, {
    "data": 1000015,
    "id": 500000019,
    "lvl": 0,
    "x": 29,
    "y": 9,
    "e1x": 39,
    "e1y": 29,
    "lmx": 24,
    "lmy": 8,
    "l1x": 39,
    "l1y": 29,
    "l4x": 29,
    "l4y": 10,
    "l5x": 29,
    "l5y": 10
  }, {
    "data": 1000003,
    "id": 500000020,
    "lvl": 10,
    "x": 28,
    "y": 31,
    "e1x": 35,
    "e1y": 25,
    "lmx": 18,
    "lmy": 32,
    "l1x": 35,
    "l1y": 25,
    "l4x": 27,
    "l4y": 16,
    "l5x": 28,
    "l5y": 31
  }, {
    "data": 1000004,
    "id": 500000021,
    "lvl": 11,
    "x": 9,
    "y": 18,
    "res_time": 205628,
    "e1x": 38,
    "e1y": 16,
    "lmx": 26,
    "lmy": 8,
    "l1x": 38,
    "l1y": 16,
    "l4x": 9,
    "l4y": 18,
    "l5x": 9,
    "l5y": 17
  }, {
    "data": 1000008,
    "id": 500000022,
    "lvl": 11,
    "x": 28,
    "y": 13,
    "e1x": 15,
    "e1y": 35,
    "lmx": 15,
    "lmy": 35,
    "l1x": 15,
    "l1y": 35,
    "l4x": 26,
    "l4y": 9,
    "l5x": 28,
    "l5y": 13
  }, {
    "data": 1000009,
    "id": 500000023,
    "lvl": 11,
    "x": 34,
    "y": 31,
    "e1x": 15,
    "e1y": 12,
    "lmx": 15,
    "lmy": 12,
    "l1x": 15,
    "l1y": 12,
    "l4x": 13,
    "l4y": 16,
    "l5x": 34,
    "l5y": 31
  }, {
    "data": 1000013,
    "id": 500000024,
    "lvl": 7,
    "x": 13,
    "y": 24,
    "e1x": 15,
    "e1y": 29,
    "lmx": 15,
    "lmy": 29,
    "l1x": 15,
    "l1y": 29,
    "l4x": 13,
    "l4y": 25,
    "l5x": 13,
    "l5y": 24
  }, {
    "data": 1000006,
    "id": 500000025,
    "lvl": 9,
    "x": 38,
    "y": 31,
    "unit_prod": { "unit_type": 0 },
    "e1x": 29,
    "e1y": 38,
    "lmx": 39,
    "lmy": 20,
    "l1x": 29,
    "l1y": 38,
    "l4x": 38,
    "l4y": 31,
    "l5x": 38,
    "l5y": 31
  }, {
    "data": 1000002,
    "id": 500000026,
    "lvl": 11,
    "x": 16,
    "y": 24,
    "res_time": 205629,
    "e1x": 39,
    "e1y": 24,
    "lmx": 8,
    "lmy": 26,
    "l1x": 39,
    "l1y": 24,
    "l4x": 16,
    "l4y": 38,
    "l5x": 16,
    "l5y": 24
  }, {
    "data": 1000010,
    "id": 500000027,
    "lvl": 8,
    "x": 8,
    "y": 15,
    "e1x": 11,
    "e1y": 20,
    "lmx": 11,
    "lmy": 20,
    "l1x": 11,
    "l1y": 20,
    "l4x": 8,
    "l4y": 15,
    "l5x": 8,
    "l5y": 15
  }, {
    "data": 1000010,
    "id": 500000028,
    "lvl": 8,
    "x": 41,
    "y": 15,
    "e1x": 14,
    "e1y": 21,
    "lmx": 14,
    "lmy": 21,
    "l1x": 14,
    "l1y": 21,
    "l4x": 41,
    "l4y": 15,
    "l5x": 41,
    "l5y": 15
  }, {
    "data": 1000010,
    "id": 500000029,
    "lvl": 8,
    "x": 41,
    "y": 34,
    "e1x": 13,
    "e1y": 21,
    "lmx": 13,
    "lmy": 21,
    "l1x": 13,
    "l1y": 21,
    "l4x": 41,
    "l4y": 34,
    "l5x": 41,
    "l5y": 34
  }, {
    "data": 1000010,
    "id": 500000030,
    "lvl": 8,
    "x": 15,
    "y": 41,
    "e1x": 11,
    "e1y": 19,
    "lmx": 11,
    "lmy": 19,
    "l1x": 11,
    "l1y": 19,
    "l4x": 15,
    "l4y": 41,
    "l5x": 15,
    "l5y": 41
  }, {
    "data": 1000010,
    "id": 500000031,
    "lvl": 8,
    "x": 7,
    "y": 23,
    "e1x": 11,
    "e1y": 21,
    "lmx": 11,
    "lmy": 21,
    "l1x": 11,
    "l1y": 21,
    "l4x": 40,
    "l4y": 35,
    "l5x": 7,
    "l5y": 23
  }, {
    "data": 1000010,
    "id": 500000032,
    "lvl": 8,
    "x": 34,
    "y": 41,
    "e1x": 11,
    "e1y": 18,
    "lmx": 11,
    "lmy": 18,
    "l1x": 11,
    "l1y": 18,
    "l4x": 34,
    "l4y": 41,
    "l5x": 34,
    "l5y": 41
  }, {
    "data": 1000010,
    "id": 500000033,
    "lvl": 7,
    "x": 36,
    "y": 42,
    "e1x": 12,
    "e1y": 21,
    "lmx": 12,
    "lmy": 21,
    "l1x": 12,
    "l1y": 21,
    "l4x": 39,
    "l4y": 40,
    "l5x": 36,
    "l5y": 42
  }, {
    "data": 1000010,
    "id": 500000034,
    "lvl": 8,
    "x": 7,
    "y": 24,
    "e1x": 11,
    "e1y": 17,
    "lmx": 11,
    "lmy": 17,
    "l1x": 11,
    "l1y": 17,
    "l4x": 38,
    "l4y": 40,
    "l5x": 7,
    "l5y": 24
  }, {
    "data": 1000010,
    "id": 500000035,
    "lvl": 8,
    "x": 7,
    "y": 34,
    "e1x": 11,
    "e1y": 16,
    "lmx": 11,
    "lmy": 16,
    "l1x": 11,
    "l1y": 16,
    "l4x": 7,
    "l4y": 34,
    "l5x": 7,
    "l5y": 34
  }, {
    "data": 1000010,
    "id": 500000036,
    "lvl": 7,
    "x": 42,
    "y": 35,
    "e1x": 11,
    "e1y": 15,
    "lmx": 11,
    "lmy": 15,
    "l1x": 11,
    "l1y": 15,
    "l4x": 40,
    "l4y": 38,
    "l5x": 42,
    "l5y": 35
  }, {
    "data": 1000010,
    "id": 500000037,
    "lvl": 7,
    "x": 42,
    "y": 13,
    "e1x": 11,
    "e1y": 14,
    "lmx": 11,
    "lmy": 14,
    "l1x": 11,
    "l1y": 14,
    "l4x": 40,
    "l4y": 36,
    "l5x": 42,
    "l5y": 13
  }, {
    "data": 1000010,
    "id": 500000038,
    "lvl": 7,
    "x": 7,
    "y": 12,
    "e1x": 11,
    "e1y": 13,
    "lmx": 11,
    "lmy": 13,
    "l1x": 11,
    "l1y": 13,
    "l4x": 40,
    "l4y": 37,
    "l5x": 7,
    "l5y": 12
  }, {
    "data": 1000010,
    "id": 500000039,
    "lvl": 8,
    "x": 12,
    "y": 35,
    "e1x": 12,
    "e1y": 13,
    "lmx": 12,
    "lmy": 13,
    "l1x": 12,
    "l1y": 13,
    "l4x": 11,
    "l4y": 34,
    "l5x": 12,
    "l5y": 35
  }, {
    "data": 1000010,
    "id": 500000040,
    "lvl": 8,
    "x": 10,
    "y": 34,
    "e1x": 13,
    "e1y": 13,
    "lmx": 13,
    "lmy": 13,
    "l1x": 13,
    "l1y": 13,
    "l4x": 10,
    "l4y": 34,
    "l5x": 10,
    "l5y": 34
  }, {
    "data": 1000010,
    "id": 500000041,
    "lvl": 8,
    "x": 9,
    "y": 34,
    "e1x": 14,
    "e1y": 12,
    "lmx": 14,
    "lmy": 12,
    "l1x": 14,
    "l1y": 12,
    "l4x": 9,
    "l4y": 34,
    "l5x": 9,
    "l5y": 34
  }, {
    "data": 1000010,
    "id": 500000042,
    "lvl": 8,
    "x": 8,
    "y": 34,
    "e1x": 11,
    "e1y": 27,
    "lmx": 11,
    "lmy": 27,
    "l1x": 11,
    "l1y": 27,
    "l4x": 8,
    "l4y": 34,
    "l5x": 8,
    "l5y": 34
  }, {
    "data": 1000010,
    "id": 500000043,
    "lvl": 8,
    "x": 7,
    "y": 33,
    "e1x": 14,
    "e1y": 13,
    "lmx": 14,
    "lmy": 13,
    "l1x": 14,
    "l1y": 13,
    "l4x": 7,
    "l4y": 33,
    "l5x": 7,
    "l5y": 33
  }, {
    "data": 1000010,
    "id": 500000044,
    "lvl": 8,
    "x": 7,
    "y": 32,
    "e1x": 14,
    "e1y": 11,
    "lmx": 14,
    "lmy": 11,
    "l1x": 14,
    "l1y": 11,
    "l4x": 7,
    "l4y": 32,
    "l5x": 7,
    "l5y": 32
  }, {
    "data": 1000010,
    "id": 500000045,
    "lvl": 8,
    "x": 7,
    "y": 31,
    "e1x": 15,
    "e1y": 11,
    "lmx": 15,
    "lmy": 11,
    "l1x": 15,
    "l1y": 11,
    "l4x": 7,
    "l4y": 31,
    "l5x": 7,
    "l5y": 31
  }, {
    "data": 1000004,
    "id": 500000046,
    "lvl": 11,
    "x": 16,
    "y": 8,
    "res_time": 205633,
    "e1x": 12,
    "e1y": 22,
    "lmx": 12,
    "lmy": 22,
    "l1x": 12,
    "l1y": 22,
    "l4x": 16,
    "l4y": 9,
    "l5x": 16,
    "l5y": 9
  }, {
    "data": 1000010,
    "id": 500000047,
    "lvl": 8,
    "x": 7,
    "y": 30,
    "e1x": 16,
    "e1y": 11,
    "lmx": 16,
    "lmy": 11,
    "l1x": 16,
    "l1y": 11,
    "l4x": 7,
    "l4y": 30,
    "l5x": 7,
    "l5y": 30
  }, {
    "data": 1000010,
    "id": 500000048,
    "lvl": 8,
    "x": 7,
    "y": 29,
    "e1x": 17,
    "e1y": 11,
    "lmx": 17,
    "lmy": 11,
    "l1x": 17,
    "l1y": 11,
    "l4x": 7,
    "l4y": 29,
    "l5x": 7,
    "l5y": 29
  }, {
    "data": 1000010,
    "id": 500000049,
    "lvl": 8,
    "x": 7,
    "y": 28,
    "e1x": 18,
    "e1y": 11,
    "lmx": 18,
    "lmy": 11,
    "l1x": 18,
    "l1y": 11,
    "l4x": 7,
    "l4y": 28,
    "l5x": 7,
    "l5y": 28
  }, {
    "data": 1000010,
    "id": 500000050,
    "lvl": 8,
    "x": 7,
    "y": 27,
    "e1x": 19,
    "e1y": 11,
    "lmx": 19,
    "lmy": 11,
    "l1x": 19,
    "l1y": 11,
    "l4x": 7,
    "l4y": 27,
    "l5x": 7,
    "l5y": 27
  }, {
    "data": 1000010,
    "id": 500000051,
    "lvl": 8,
    "x": 7,
    "y": 26,
    "e1x": 20,
    "e1y": 11,
    "lmx": 20,
    "lmy": 11,
    "l1x": 20,
    "l1y": 11,
    "l4x": 7,
    "l4y": 26,
    "l5x": 7,
    "l5y": 26
  }, {
    "data": 1000010,
    "id": 500000052,
    "lvl": 8,
    "x": 7,
    "y": 25,
    "e1x": 21,
    "e1y": 11,
    "lmx": 21,
    "lmy": 11,
    "l1x": 21,
    "l1y": 11,
    "l4x": 7,
    "l4y": 25,
    "l5x": 7,
    "l5y": 25
  }, {
    "data": 1000010,
    "id": 500000053,
    "lvl": 7,
    "x": 8,
    "y": 33,
    "e1x": 11,
    "e1y": 26,
    "lmx": 11,
    "lmy": 26,
    "l1x": 11,
    "l1y": 26,
    "l4x": 7,
    "l4y": 24,
    "l5x": 8,
    "l5y": 33
  }, {
    "data": 1000010,
    "id": 500000054,
    "lvl": 7,
    "x": 8,
    "y": 32,
    "e1x": 21,
    "e1y": 12,
    "lmx": 21,
    "lmy": 12,
    "l1x": 21,
    "l1y": 12,
    "l4x": 7,
    "l4y": 23,
    "l5x": 8,
    "l5y": 32
  }, {
    "data": 1000010,
    "id": 500000055,
    "lvl": 8,
    "x": 7,
    "y": 22,
    "e1x": 21,
    "e1y": 13,
    "lmx": 21,
    "lmy": 13,
    "l1x": 21,
    "l1y": 13,
    "l4x": 7,
    "l4y": 22,
    "l5x": 7,
    "l5y": 22
  }, {
    "data": 1000010,
    "id": 500000056,
    "lvl": 8,
    "x": 7,
    "y": 21,
    "e1x": 21,
    "e1y": 14,
    "lmx": 21,
    "lmy": 14,
    "l1x": 21,
    "l1y": 14,
    "l4x": 7,
    "l4y": 21,
    "l5x": 7,
    "l5y": 21
  }, {
    "data": 1000010,
    "id": 500000057,
    "lvl": 8,
    "x": 7,
    "y": 20,
    "e1x": 13,
    "e1y": 35,
    "lmx": 13,
    "lmy": 35,
    "l1x": 13,
    "l1y": 35,
    "l4x": 7,
    "l4y": 20,
    "l5x": 7,
    "l5y": 20
  }, {
    "data": 1000010,
    "id": 500000058,
    "lvl": 8,
    "x": 7,
    "y": 19,
    "e1x": 11,
    "e1y": 35,
    "lmx": 11,
    "lmy": 35,
    "l1x": 11,
    "l1y": 35,
    "l4x": 7,
    "l4y": 19,
    "l5x": 7,
    "l5y": 19
  }, {
    "data": 1000010,
    "id": 500000059,
    "lvl": 8,
    "x": 7,
    "y": 18,
    "e1x": 12,
    "e1y": 35,
    "lmx": 12,
    "lmy": 35,
    "l1x": 12,
    "l1y": 35,
    "l4x": 7,
    "l4y": 18,
    "l5x": 7,
    "l5y": 18
  }, {
    "data": 1000000,
    "id": 500000060,
    "lvl": 7,
    "x": 36,
    "y": 8,
    "units": [],
    "e1x": 9,
    "e1y": 8,
    "lmx": 9,
    "lmy": 8,
    "l1x": 9,
    "l1y": 8,
    "l4x": 35,
    "l4y": 10,
    "l5x": 36,
    "l5y": 8
  }, {
    "data": 1000010,
    "id": 500000061,
    "lvl": 8,
    "x": 7,
    "y": 17,
    "e1x": 11,
    "e1y": 34,
    "lmx": 11,
    "lmy": 34,
    "l1x": 11,
    "l1y": 34,
    "l4x": 7,
    "l4y": 17,
    "l5x": 7,
    "l5y": 17
  }, {
    "data": 1000010,
    "id": 500000062,
    "lvl": 8,
    "x": 7,
    "y": 16,
    "e1x": 11,
    "e1y": 33,
    "lmx": 11,
    "lmy": 33,
    "l1x": 11,
    "l1y": 33,
    "l4x": 7,
    "l4y": 16,
    "l5x": 7,
    "l5y": 16
  }, {
    "data": 1000010,
    "id": 500000063,
    "lvl": 8,
    "x": 7,
    "y": 15,
    "e1x": 11,
    "e1y": 32,
    "lmx": 11,
    "lmy": 32,
    "l1x": 11,
    "l1y": 32,
    "l4x": 7,
    "l4y": 15,
    "l5x": 7,
    "l5y": 15
  }, {
    "data": 1000010,
    "id": 500000064,
    "lvl": 8,
    "x": 9,
    "y": 15,
    "e1x": 11,
    "e1y": 31,
    "lmx": 11,
    "lmy": 31,
    "l1x": 11,
    "l1y": 31,
    "l4x": 9,
    "l4y": 15,
    "l5x": 9,
    "l5y": 15
  }, {
    "data": 1000010,
    "id": 500000065,
    "lvl": 8,
    "x": 10,
    "y": 15,
    "e1x": 11,
    "e1y": 30,
    "lmx": 11,
    "lmy": 30,
    "l1x": 11,
    "l1y": 30,
    "l4x": 10,
    "l4y": 15,
    "l5x": 10,
    "l5y": 15
  }, {
    "data": 1000010,
    "id": 500000066,
    "lvl": 8,
    "x": 11,
    "y": 15,
    "e1x": 11,
    "e1y": 29,
    "lmx": 11,
    "lmy": 29,
    "l1x": 11,
    "l1y": 29,
    "l4x": 11,
    "l4y": 15,
    "l5x": 11,
    "l5y": 15
  }, {
    "data": 1000010,
    "id": 500000067,
    "lvl": 8,
    "x": 34,
    "y": 7,
    "e1x": 11,
    "e1y": 28,
    "lmx": 11,
    "lmy": 28,
    "l1x": 11,
    "l1y": 28,
    "l4x": 34,
    "l4y": 7,
    "l5x": 34,
    "l5y": 7
  }, {
    "data": 1000010,
    "id": 500000068,
    "lvl": 8,
    "x": 33,
    "y": 7,
    "e1x": 12,
    "e1y": 28,
    "lmx": 12,
    "lmy": 28,
    "l1x": 12,
    "l1y": 28,
    "l4x": 33,
    "l4y": 7,
    "l5x": 33,
    "l5y": 7
  }, {
    "data": 1000010,
    "id": 500000069,
    "lvl": 8,
    "x": 32,
    "y": 7,
    "e1x": 13,
    "e1y": 28,
    "lmx": 13,
    "lmy": 28,
    "l1x": 13,
    "l1y": 28,
    "l4x": 32,
    "l4y": 7,
    "l5x": 32,
    "l5y": 7
  }, {
    "data": 1000008,
    "id": 500000070,
    "lvl": 11,
    "x": 25,
    "y": 38,
    "e1x": 12,
    "e1y": 30,
    "lmx": 12,
    "lmy": 30,
    "l1x": 12,
    "l1y": 30,
    "l4x": 38,
    "l4y": 25,
    "l5x": 25,
    "l5y": 38
  }, {
    "data": 1000010,
    "id": 500000071,
    "lvl": 8,
    "x": 31,
    "y": 7,
    "e1x": 14,
    "e1y": 28,
    "lmx": 14,
    "lmy": 28,
    "l1x": 14,
    "l1y": 28,
    "l4x": 31,
    "l4y": 7,
    "l5x": 31,
    "l5y": 7
  }, {
    "data": 1000010,
    "id": 500000072,
    "lvl": 8,
    "x": 30,
    "y": 7,
    "e1x": 14,
    "e1y": 35,
    "lmx": 14,
    "lmy": 35,
    "l1x": 14,
    "l1y": 35,
    "l4x": 30,
    "l4y": 7,
    "l5x": 30,
    "l5y": 7
  }, {
    "data": 1000010,
    "id": 500000073,
    "lvl": 8,
    "x": 29,
    "y": 7,
    "e1x": 14,
    "e1y": 36,
    "lmx": 14,
    "lmy": 36,
    "l1x": 14,
    "l1y": 36,
    "l4x": 29,
    "l4y": 7,
    "l5x": 29,
    "l5y": 7
  }, {
    "data": 1000010,
    "id": 500000074,
    "lvl": 8,
    "x": 28,
    "y": 7,
    "e1x": 14,
    "e1y": 37,
    "lmx": 14,
    "lmy": 37,
    "l1x": 14,
    "l1y": 37,
    "l4x": 28,
    "l4y": 7,
    "l5x": 28,
    "l5y": 7
  }, {
    "data": 1000010,
    "id": 500000075,
    "lvl": 8,
    "x": 27,
    "y": 7,
    "e1x": 14,
    "e1y": 38,
    "lmx": 14,
    "lmy": 38,
    "l1x": 14,
    "l1y": 38,
    "l4x": 27,
    "l4y": 7,
    "l5x": 27,
    "l5y": 7
  }, {
    "data": 1000010,
    "id": 500000076,
    "lvl": 8,
    "x": 26,
    "y": 7,
    "e1x": 15,
    "e1y": 38,
    "lmx": 15,
    "lmy": 38,
    "l1x": 15,
    "l1y": 38,
    "l4x": 26,
    "l4y": 7,
    "l5x": 26,
    "l5y": 7
  }, {
    "data": 1000010,
    "id": 500000077,
    "lvl": 8,
    "x": 25,
    "y": 7,
    "e1x": 16,
    "e1y": 38,
    "lmx": 16,
    "lmy": 38,
    "l1x": 16,
    "l1y": 38,
    "l4x": 25,
    "l4y": 7,
    "l5x": 25,
    "l5y": 7
  }, {
    "data": 1000010,
    "id": 500000078,
    "lvl": 8,
    "x": 24,
    "y": 7,
    "e1x": 17,
    "e1y": 38,
    "lmx": 17,
    "lmy": 38,
    "l1x": 17,
    "l1y": 38,
    "l4x": 24,
    "l4y": 7,
    "l5x": 24,
    "l5y": 7
  }, {
    "data": 1000010,
    "id": 500000079,
    "lvl": 8,
    "x": 23,
    "y": 7,
    "e1x": 18,
    "e1y": 38,
    "lmx": 18,
    "lmy": 38,
    "l1x": 18,
    "l1y": 38,
    "l4x": 23,
    "l4y": 7,
    "l5x": 23,
    "l5y": 7
  }, {
    "data": 1000010,
    "id": 500000080,
    "lvl": 8,
    "x": 22,
    "y": 7,
    "e1x": 19,
    "e1y": 38,
    "lmx": 19,
    "lmy": 38,
    "l1x": 19,
    "l1y": 38,
    "l4x": 22,
    "l4y": 7,
    "l5x": 22,
    "l5y": 7
  }, {
    "data": 1000010,
    "id": 500000081,
    "lvl": 8,
    "x": 21,
    "y": 7,
    "e1x": 20,
    "e1y": 38,
    "lmx": 20,
    "lmy": 38,
    "l1x": 20,
    "l1y": 38,
    "l4x": 21,
    "l4y": 7,
    "l5x": 21,
    "l5y": 7
  }, {
    "data": 1000010,
    "id": 500000082,
    "lvl": 8,
    "x": 20,
    "y": 7,
    "e1x": 21,
    "e1y": 38,
    "lmx": 21,
    "lmy": 38,
    "l1x": 21,
    "l1y": 38,
    "l4x": 20,
    "l4y": 7,
    "l5x": 20,
    "l5y": 7
  }, {
    "data": 1000010,
    "id": 500000083,
    "lvl": 8,
    "x": 19,
    "y": 7,
    "e1x": 21,
    "e1y": 37,
    "lmx": 21,
    "lmy": 37,
    "l1x": 21,
    "l1y": 37,
    "l4x": 19,
    "l4y": 7,
    "l5x": 19,
    "l5y": 7
  }, {
    "data": 1000010,
    "id": 500000084,
    "lvl": 8,
    "x": 18,
    "y": 7,
    "e1x": 21,
    "e1y": 36,
    "lmx": 21,
    "lmy": 36,
    "l1x": 21,
    "l1y": 36,
    "l4x": 18,
    "l4y": 7,
    "l5x": 18,
    "l5y": 7
  }, {
    "data": 1000010,
    "id": 500000085,
    "lvl": 8,
    "x": 17,
    "y": 7,
    "e1x": 21,
    "e1y": 35,
    "lmx": 21,
    "lmy": 35,
    "l1x": 21,
    "l1y": 35,
    "l4x": 17,
    "l4y": 7,
    "l5x": 17,
    "l5y": 7
  }, {
    "data": 1000010,
    "id": 500000086,
    "lvl": 8,
    "x": 17,
    "y": 37,
    "e1x": 17,
    "e1y": 21,
    "lmx": 17,
    "lmy": 21,
    "l1x": 17,
    "l1y": 21,
    "l4x": 17,
    "l4y": 37,
    "l5x": 17,
    "l5y": 37
  }, {
    "data": 1000010,
    "id": 500000087,
    "lvl": 8,
    "x": 18,
    "y": 37,
    "e1x": 16,
    "e1y": 21,
    "lmx": 16,
    "lmy": 21,
    "l1x": 16,
    "l1y": 21,
    "l4x": 18,
    "l4y": 37,
    "l5x": 18,
    "l5y": 37
  }, {
    "data": 1000010,
    "id": 500000088,
    "lvl": 8,
    "x": 19,
    "y": 37,
    "e1x": 15,
    "e1y": 21,
    "lmx": 15,
    "lmy": 21,
    "l1x": 15,
    "l1y": 21,
    "l4x": 19,
    "l4y": 37,
    "l5x": 19,
    "l5y": 37
  }, {
    "data": 1000010,
    "id": 500000089,
    "lvl": 8,
    "x": 16,
    "y": 7,
    "e1x": 15,
    "e1y": 22,
    "lmx": 15,
    "lmy": 22,
    "l1x": 15,
    "l1y": 22,
    "l4x": 16,
    "l4y": 7,
    "l5x": 16,
    "l5y": 7
  }, {
    "data": 1000010,
    "id": 500000090,
    "lvl": 8,
    "x": 15,
    "y": 7,
    "e1x": 15,
    "e1y": 23,
    "lmx": 15,
    "lmy": 23,
    "l1x": 15,
    "l1y": 23,
    "l4x": 15,
    "l4y": 7,
    "l5x": 15,
    "l5y": 7
  }, {
    "data": 1000010,
    "id": 500000091,
    "lvl": 8,
    "x": 15,
    "y": 8,
    "e1x": 15,
    "e1y": 24,
    "lmx": 15,
    "lmy": 24,
    "l1x": 15,
    "l1y": 24,
    "l4x": 15,
    "l4y": 8,
    "l5x": 15,
    "l5y": 8
  }, {
    "data": 1000010,
    "id": 500000092,
    "lvl": 8,
    "x": 15,
    "y": 9,
    "e1x": 15,
    "e1y": 25,
    "lmx": 15,
    "lmy": 25,
    "l1x": 15,
    "l1y": 25,
    "l4x": 15,
    "l4y": 9,
    "l5x": 15,
    "l5y": 9
  }, {
    "data": 1000010,
    "id": 500000093,
    "lvl": 8,
    "x": 15,
    "y": 10,
    "e1x": 15,
    "e1y": 26,
    "lmx": 15,
    "lmy": 26,
    "l1x": 15,
    "l1y": 26,
    "l4x": 15,
    "l4y": 10,
    "l5x": 15,
    "l5y": 10
  }, {
    "data": 1000010,
    "id": 500000094,
    "lvl": 8,
    "x": 15,
    "y": 11,
    "e1x": 15,
    "e1y": 27,
    "lmx": 15,
    "lmy": 27,
    "l1x": 15,
    "l1y": 27,
    "l4x": 15,
    "l4y": 11,
    "l5x": 15,
    "l5y": 11
  }, {
    "data": 1000010,
    "id": 500000095,
    "lvl": 8,
    "x": 20,
    "y": 37,
    "e1x": 15,
    "e1y": 28,
    "lmx": 15,
    "lmy": 28,
    "l1x": 15,
    "l1y": 28,
    "l4x": 20,
    "l4y": 37,
    "l5x": 20,
    "l5y": 37
  }, {
    "data": 1000010,
    "id": 500000096,
    "lvl": 8,
    "x": 21,
    "y": 37,
    "e1x": 16,
    "e1y": 28,
    "lmx": 16,
    "lmy": 28,
    "l1x": 16,
    "l1y": 28,
    "l4x": 21,
    "l4y": 37,
    "l5x": 21,
    "l5y": 37
  }, {
    "data": 1000010,
    "id": 500000097,
    "lvl": 8,
    "x": 22,
    "y": 37,
    "e1x": 17,
    "e1y": 28,
    "lmx": 17,
    "lmy": 28,
    "l1x": 17,
    "l1y": 28,
    "l4x": 22,
    "l4y": 37,
    "l5x": 22,
    "l5y": 37
  }, {
    "data": 1000010,
    "id": 500000098,
    "lvl": 8,
    "x": 34,
    "y": 8,
    "e1x": 31,
    "e1y": 37,
    "lmx": 31,
    "lmy": 37,
    "l1x": 31,
    "l1y": 37,
    "l4x": 34,
    "l4y": 8,
    "l5x": 34,
    "l5y": 8
  }, {
    "data": 1000010,
    "id": 500000099,
    "lvl": 8,
    "x": 34,
    "y": 9,
    "e1x": 30,
    "e1y": 37,
    "lmx": 30,
    "lmy": 37,
    "l1x": 30,
    "l1y": 37,
    "l4x": 34,
    "l4y": 9,
    "l5x": 34,
    "l5y": 9
  }, {
    "data": 1000009,
    "id": 500000100,
    "lvl": 11,
    "x": 31,
    "y": 34,
    "e1x": 18,
    "e1y": 35,
    "lmx": 18,
    "lmy": 35,
    "l1x": 18,
    "l1y": 35,
    "l4x": 16,
    "l4y": 13,
    "l5x": 31,
    "l5y": 34
  }, {
    "data": 1000009,
    "id": 500000101,
    "lvl": 11,
    "x": 13,
    "y": 30,
    "e1x": 35,
    "e1y": 29,
    "lmx": 35,
    "lmy": 29,
    "l1x": 35,
    "l1y": 29,
    "l4x": 13,
    "l4y": 31,
    "l5x": 14,
    "l5y": 32
  }, {
    "data": 1000004,
    "id": 500000102,
    "lvl": 11,
    "x": 9,
    "y": 26,
    "res_time": 205627,
    "e1x": 8,
    "e1y": 17,
    "lmx": 25,
    "lmy": 39,
    "l1x": 8,
    "l1y": 17,
    "l4x": 23,
    "l4y": 8,
    "l5x": 9,
    "l5y": 26
  }, {
    "data": 1000002,
    "id": 500000103,
    "lvl": 11,
    "x": 22,
    "y": 31,
    "res_time": 205629,
    "e1x": 8,
    "e1y": 30,
    "lmx": 8,
    "lmy": 30,
    "l1x": 8,
    "l1y": 30,
    "l4x": 16,
    "l4y": 21,
    "l5x": 22,
    "l5y": 31
  }, {
    "data": 1000020,
    "id": 500000104,
    "lvl": 4,
    "x": 19,
    "y": 38,
    "units": [],
    "unit_prod": { "unit_type": 1 },
    "e1x": 22,
    "e1y": 39,
    "lmx": 34,
    "lmy": 38,
    "l1x": 22,
    "l1y": 39,
    "l4x": 19,
    "l4y": 38,
    "l5x": 19,
    "l5y": 38
  }, {
    "data": 1000010,
    "id": 500000105,
    "lvl": 8,
    "x": 34,
    "y": 10,
    "e1x": 29,
    "e1y": 37,
    "lmx": 29,
    "lmy": 37,
    "l1x": 29,
    "l1y": 37,
    "l4x": 34,
    "l4y": 10,
    "l5x": 34,
    "l5y": 10
  }, {
    "data": 1000010,
    "id": 500000106,
    "lvl": 8,
    "x": 34,
    "y": 11,
    "e1x": 28,
    "e1y": 37,
    "lmx": 28,
    "lmy": 37,
    "l1x": 28,
    "l1y": 37,
    "l4x": 34,
    "l4y": 11,
    "l5x": 34,
    "l5y": 11
  }, {
    "data": 1000010,
    "id": 500000107,
    "lvl": 8,
    "x": 38,
    "y": 15,
    "e1x": 28,
    "e1y": 36,
    "lmx": 28,
    "lmy": 36,
    "l1x": 28,
    "l1y": 36,
    "l4x": 38,
    "l4y": 15,
    "l5x": 38,
    "l5y": 15
  }, {
    "data": 1000010,
    "id": 500000108,
    "lvl": 8,
    "x": 39,
    "y": 15,
    "e1x": 28,
    "e1y": 35,
    "lmx": 28,
    "lmy": 35,
    "l1x": 28,
    "l1y": 35,
    "l4x": 39,
    "l4y": 15,
    "l5x": 39,
    "l5y": 15
  }, {
    "data": 1000010,
    "id": 500000109,
    "lvl": 8,
    "x": 40,
    "y": 15,
    "e1x": 32,
    "e1y": 37,
    "lmx": 32,
    "lmy": 37,
    "l1x": 32,
    "l1y": 37,
    "l4x": 40,
    "l4y": 15,
    "l5x": 40,
    "l5y": 15
  }, {
    "data": 1000010,
    "id": 500000110,
    "lvl": 8,
    "x": 42,
    "y": 15,
    "e1x": 33,
    "e1y": 37,
    "lmx": 33,
    "lmy": 37,
    "l1x": 33,
    "l1y": 37,
    "l4x": 42,
    "l4y": 15,
    "l5x": 42,
    "l5y": 15
  }, {
    "data": 1000010,
    "id": 500000111,
    "lvl": 8,
    "x": 42,
    "y": 16,
    "e1x": 34,
    "e1y": 37,
    "lmx": 34,
    "lmy": 37,
    "l1x": 34,
    "l1y": 37,
    "l4x": 42,
    "l4y": 16,
    "l5x": 42,
    "l5y": 16
  }, {
    "data": 1000010,
    "id": 500000112,
    "lvl": 8,
    "x": 42,
    "y": 17,
    "e1x": 35,
    "e1y": 37,
    "lmx": 35,
    "lmy": 37,
    "l1x": 35,
    "l1y": 37,
    "l4x": 42,
    "l4y": 17,
    "l5x": 42,
    "l5y": 17
  }, {
    "data": 1000010,
    "id": 500000113,
    "lvl": 8,
    "x": 42,
    "y": 18,
    "e1x": 36,
    "e1y": 37,
    "lmx": 36,
    "lmy": 37,
    "l1x": 36,
    "l1y": 37,
    "l4x": 42,
    "l4y": 18,
    "l5x": 42,
    "l5y": 18
  }, {
    "data": 1000010,
    "id": 500000114,
    "lvl": 8,
    "x": 42,
    "y": 19,
    "e1x": 36,
    "e1y": 36,
    "lmx": 36,
    "lmy": 36,
    "l1x": 36,
    "l1y": 36,
    "l4x": 42,
    "l4y": 19,
    "l5x": 42,
    "l5y": 19
  }, {
    "data": 1000010,
    "id": 500000115,
    "lvl": 8,
    "x": 42,
    "y": 20,
    "e1x": 35,
    "e1y": 35,
    "lmx": 37,
    "lmy": 14,
    "l1x": 35,
    "l1y": 35,
    "l4x": 42,
    "l4y": 20,
    "l5x": 42,
    "l5y": 20
  }, {
    "data": 1000010,
    "id": 500000116,
    "lvl": 8,
    "x": 42,
    "y": 21,
    "e1x": 36,
    "e1y": 35,
    "lmx": 36,
    "lmy": 35,
    "l1x": 36,
    "l1y": 35,
    "l4x": 42,
    "l4y": 21,
    "l5x": 42,
    "l5y": 21
  }, {
    "data": 1000010,
    "id": 500000117,
    "lvl": 8,
    "x": 42,
    "y": 22,
    "e1x": 37,
    "e1y": 35,
    "lmx": 37,
    "lmy": 35,
    "l1x": 37,
    "l1y": 35,
    "l4x": 42,
    "l4y": 22,
    "l5x": 42,
    "l5y": 22
  }, {
    "data": 1000010,
    "id": 500000118,
    "lvl": 8,
    "x": 42,
    "y": 23,
    "e1x": 38,
    "e1y": 35,
    "lmx": 38,
    "lmy": 35,
    "l1x": 38,
    "l1y": 35,
    "l4x": 42,
    "l4y": 23,
    "l5x": 42,
    "l5y": 23
  }, {
    "data": 1000010,
    "id": 500000119,
    "lvl": 8,
    "x": 42,
    "y": 24,
    "e1x": 38,
    "e1y": 34,
    "lmx": 38,
    "lmy": 34,
    "l1x": 38,
    "l1y": 34,
    "l4x": 42,
    "l4y": 24,
    "l5x": 42,
    "l5y": 24
  }, {
    "data": 1000010,
    "id": 500000120,
    "lvl": 8,
    "x": 42,
    "y": 25,
    "e1x": 38,
    "e1y": 33,
    "lmx": 38,
    "lmy": 33,
    "l1x": 38,
    "l1y": 33,
    "l4x": 42,
    "l4y": 25,
    "l5x": 42,
    "l5y": 25
  }, {
    "data": 1000010,
    "id": 500000121,
    "lvl": 8,
    "x": 42,
    "y": 26,
    "e1x": 38,
    "e1y": 32,
    "lmx": 38,
    "lmy": 32,
    "l1x": 38,
    "l1y": 32,
    "l4x": 42,
    "l4y": 26,
    "l5x": 42,
    "l5y": 26
  }, {
    "data": 1000010,
    "id": 500000122,
    "lvl": 8,
    "x": 42,
    "y": 27,
    "e1x": 38,
    "e1y": 31,
    "lmx": 38,
    "lmy": 31,
    "l1x": 38,
    "l1y": 31,
    "l4x": 42,
    "l4y": 27,
    "l5x": 42,
    "l5y": 27
  }, {
    "data": 1000010,
    "id": 500000123,
    "lvl": 8,
    "x": 42,
    "y": 28,
    "e1x": 38,
    "e1y": 30,
    "lmx": 38,
    "lmy": 30,
    "l1x": 38,
    "l1y": 30,
    "l4x": 42,
    "l4y": 28,
    "l5x": 42,
    "l5y": 28
  }, {
    "data": 1000010,
    "id": 500000124,
    "lvl": 8,
    "x": 42,
    "y": 29,
    "e1x": 38,
    "e1y": 29,
    "lmx": 38,
    "lmy": 29,
    "l1x": 38,
    "l1y": 29,
    "l4x": 42,
    "l4y": 29,
    "l5x": 42,
    "l5y": 29
  }, {
    "data": 1000010,
    "id": 500000125,
    "lvl": 8,
    "x": 42,
    "y": 30,
    "e1x": 37,
    "e1y": 28,
    "lmx": 37,
    "lmy": 28,
    "l1x": 37,
    "l1y": 28,
    "l4x": 42,
    "l4y": 30,
    "l5x": 42,
    "l5y": 30
  }, {
    "data": 1000010,
    "id": 500000126,
    "lvl": 8,
    "x": 42,
    "y": 31,
    "e1x": 38,
    "e1y": 28,
    "lmx": 38,
    "lmy": 28,
    "l1x": 38,
    "l1y": 28,
    "l4x": 42,
    "l4y": 31,
    "l5x": 42,
    "l5y": 31
  }, {
    "data": 1000010,
    "id": 500000127,
    "lvl": 8,
    "x": 42,
    "y": 32,
    "e1x": 36,
    "e1y": 28,
    "lmx": 36,
    "lmy": 28,
    "l1x": 36,
    "l1y": 28,
    "l4x": 42,
    "l4y": 32,
    "l5x": 42,
    "l5y": 32
  }, {
    "data": 1000010,
    "id": 500000128,
    "lvl": 8,
    "x": 23,
    "y": 37,
    "e1x": 19,
    "e1y": 22,
    "lmx": 19,
    "lmy": 22,
    "l1x": 19,
    "l1y": 22,
    "l4x": 23,
    "l4y": 37,
    "l5x": 23,
    "l5y": 37
  }, {
    "data": 1000010,
    "id": 500000129,
    "lvl": 8,
    "x": 42,
    "y": 33,
    "e1x": 35,
    "e1y": 28,
    "lmx": 35,
    "lmy": 28,
    "l1x": 35,
    "l1y": 28,
    "l4x": 42,
    "l4y": 33,
    "l5x": 42,
    "l5y": 33
  }, {
    "data": 1000010,
    "id": 500000130,
    "lvl": 8,
    "x": 24,
    "y": 37,
    "e1x": 28,
    "e1y": 32,
    "lmx": 28,
    "lmy": 32,
    "l1x": 28,
    "l1y": 32,
    "l4x": 24,
    "l4y": 37,
    "l5x": 24,
    "l5y": 37
  }, {
    "data": 1000011,
    "id": 500000131,
    "lvl": 7,
    "x": 13,
    "y": 27,
    "e1x": 15,
    "e1y": 17,
    "lmx": 15,
    "lmy": 17,
    "l1x": 15,
    "l1y": 17,
    "l4x": 13,
    "l4y": 28,
    "l5x": 13,
    "l5y": 27
  }, {
    "data": 1000010,
    "id": 500000132,
    "lvl": 8,
    "x": 42,
    "y": 34,
    "e1x": 28,
    "e1y": 33,
    "lmx": 28,
    "lmy": 33,
    "l1x": 28,
    "l1y": 33,
    "l4x": 42,
    "l4y": 34,
    "l5x": 42,
    "l5y": 34
  }, {
    "data": 1000010,
    "id": 500000133,
    "lvl": 8,
    "x": 25,
    "y": 37,
    "e1x": 28,
    "e1y": 34,
    "lmx": 28,
    "lmy": 34,
    "l1x": 28,
    "l1y": 34,
    "l4x": 25,
    "l4y": 37,
    "l5x": 25,
    "l5y": 37
  }, {
    "data": 1000002,
    "id": 500000134,
    "lvl": 11,
    "x": 22,
    "y": 38,
    "res_time": 205626,
    "e1x": 22,
    "e1y": 12,
    "lmx": 32,
    "lmy": 8,
    "l1x": 22,
    "l1y": 12,
    "l4x": 19,
    "l4y": 34,
    "l5x": 22,
    "l5y": 38
  }, {
    "data": 1000004,
    "id": 500000135,
    "lvl": 11,
    "x": 26,
    "y": 8,
    "res_time": 205632,
    "e1x": 8,
    "e1y": 14,
    "lmx": 8,
    "lmy": 33,
    "l1x": 8,
    "l1y": 14,
    "l4x": 28,
    "l4y": 13,
    "l5x": 26,
    "l5y": 9
  }, {
    "data": 1000013,
    "id": 500000136,
    "lvl": 7,
    "x": 34,
    "y": 25,
    "e1x": 25,
    "e1y": 31,
    "lmx": 18,
    "lmy": 15,
    "l1x": 25,
    "l1y": 31,
    "l4x": 25,
    "l4y": 34,
    "l5x": 34,
    "l5y": 25
  }, {
    "data": 1000010,
    "id": 500000137,
    "lvl": 8,
    "x": 40,
    "y": 34,
    "e1x": 27,
    "e1y": 34,
    "lmx": 27,
    "lmy": 34,
    "l1x": 27,
    "l1y": 34,
    "l4x": 40,
    "l4y": 34,
    "l5x": 40,
    "l5y": 34
  }, {
    "data": 1000010,
    "id": 500000138,
    "lvl": 8,
    "x": 39,
    "y": 34,
    "e1x": 26,
    "e1y": 34,
    "lmx": 26,
    "lmy": 34,
    "l1x": 26,
    "l1y": 34,
    "l4x": 39,
    "l4y": 34,
    "l5x": 39,
    "l5y": 34
  }, {
    "data": 1000012,
    "id": 500000139,
    "lvl": 6,
    "x": 13,
    "y": 21,
    "e1x": 16,
    "e1y": 22,
    "lmx": 16,
    "lmy": 22,
    "l1x": 16,
    "l1y": 22,
    "l4x": 13,
    "l4y": 22,
    "l5x": 13,
    "l5y": 21
  }, {
    "data": 1000010,
    "id": 500000140,
    "lvl": 8,
    "x": 34,
    "y": 38,
    "e1x": 25,
    "e1y": 34,
    "lmx": 25,
    "lmy": 34,
    "l1x": 25,
    "l1y": 34,
    "l4x": 34,
    "l4y": 38,
    "l5x": 34,
    "l5y": 38
  }, {
    "data": 1000010,
    "id": 500000141,
    "lvl": 8,
    "x": 34,
    "y": 39,
    "e1x": 24,
    "e1y": 34,
    "lmx": 24,
    "lmy": 34,
    "l1x": 24,
    "l1y": 34,
    "l4x": 34,
    "l4y": 39,
    "l5x": 34,
    "l5y": 39
  }, {
    "data": 1000010,
    "id": 500000142,
    "lvl": 8,
    "x": 34,
    "y": 40,
    "e1x": 23,
    "e1y": 34,
    "lmx": 23,
    "lmy": 34,
    "l1x": 23,
    "l1y": 34,
    "l4x": 34,
    "l4y": 40,
    "l5x": 34,
    "l5y": 40
  }, {
    "data": 1000010,
    "id": 500000143,
    "lvl": 8,
    "x": 34,
    "y": 42,
    "e1x": 22,
    "e1y": 34,
    "lmx": 22,
    "lmy": 34,
    "l1x": 22,
    "l1y": 34,
    "l4x": 34,
    "l4y": 42,
    "l5x": 34,
    "l5y": 42
  }, {
    "data": 1000010,
    "id": 500000144,
    "lvl": 8,
    "x": 26,
    "y": 37,
    "e1x": 21,
    "e1y": 34,
    "lmx": 21,
    "lmy": 34,
    "l1x": 21,
    "l1y": 34,
    "l4x": 26,
    "l4y": 37,
    "l5x": 26,
    "l5y": 37
  }, {
    "data": 1000010,
    "id": 500000145,
    "lvl": 8,
    "x": 27,
    "y": 37,
    "e1x": 21,
    "e1y": 33,
    "lmx": 21,
    "lmy": 33,
    "l1x": 21,
    "l1y": 33,
    "l4x": 27,
    "l4y": 37,
    "l5x": 27,
    "l5y": 37
  }, {
    "data": 1000010,
    "id": 500000146,
    "lvl": 8,
    "x": 28,
    "y": 37,
    "e1x": 21,
    "e1y": 32,
    "lmx": 21,
    "lmy": 32,
    "l1x": 21,
    "l1y": 32,
    "l4x": 28,
    "l4y": 37,
    "l5x": 28,
    "l5y": 37
  }, {
    "data": 1000010,
    "id": 500000147,
    "lvl": 8,
    "x": 38,
    "y": 34,
    "e1x": 27,
    "e1y": 15,
    "lmx": 27,
    "lmy": 15,
    "l1x": 27,
    "l1y": 15,
    "l4x": 38,
    "l4y": 34,
    "l5x": 38,
    "l5y": 34
  }, {
    "data": 1000010,
    "id": 500000148,
    "lvl": 8,
    "x": 33,
    "y": 42,
    "e1x": 26,
    "e1y": 15,
    "lmx": 26,
    "lmy": 15,
    "l1x": 26,
    "l1y": 15,
    "l4x": 33,
    "l4y": 42,
    "l5x": 33,
    "l5y": 42
  }, {
    "data": 1000010,
    "id": 500000149,
    "lvl": 8,
    "x": 32,
    "y": 42,
    "e1x": 25,
    "e1y": 15,
    "lmx": 25,
    "lmy": 15,
    "l1x": 25,
    "l1y": 15,
    "l4x": 32,
    "l4y": 42,
    "l5x": 32,
    "l5y": 42
  }, {
    "data": 1000011,
    "id": 500000150,
    "lvl": 7,
    "x": 34,
    "y": 19,
    "e1x": 15,
    "e1y": 32,
    "lmx": 15,
    "lmy": 32,
    "l1x": 15,
    "l1y": 32,
    "l4x": 19,
    "l4y": 13,
    "l5x": 34,
    "l5y": 19
  }, {
    "data": 1000010,
    "id": 500000151,
    "lvl": 8,
    "x": 31,
    "y": 42,
    "e1x": 24,
    "e1y": 15,
    "lmx": 24,
    "lmy": 15,
    "l1x": 24,
    "l1y": 15,
    "l4x": 31,
    "l4y": 42,
    "l5x": 31,
    "l5y": 42
  }, {
    "data": 1000010,
    "id": 500000152,
    "lvl": 8,
    "x": 30,
    "y": 42,
    "e1x": 23,
    "e1y": 15,
    "lmx": 23,
    "lmy": 15,
    "l1x": 23,
    "l1y": 15,
    "l4x": 30,
    "l4y": 42,
    "l5x": 30,
    "l5y": 42
  }, {
    "data": 1000010,
    "id": 500000153,
    "lvl": 8,
    "x": 29,
    "y": 42,
    "e1x": 22,
    "e1y": 15,
    "lmx": 22,
    "lmy": 15,
    "l1x": 22,
    "l1y": 15,
    "l4x": 29,
    "l4y": 42,
    "l5x": 29,
    "l5y": 42
  }, {
    "data": 1000010,
    "id": 500000154,
    "lvl": 8,
    "x": 29,
    "y": 37,
    "e1x": 32,
    "e1y": 28,
    "lmx": 32,
    "lmy": 28,
    "l1x": 32,
    "l1y": 28,
    "l4x": 29,
    "l4y": 37,
    "l5x": 29,
    "l5y": 37
  }, {
    "data": 1000010,
    "id": 500000155,
    "lvl": 8,
    "x": 30,
    "y": 37,
    "e1x": 33,
    "e1y": 28,
    "lmx": 33,
    "lmy": 28,
    "l1x": 33,
    "l1y": 28,
    "l4x": 30,
    "l4y": 37,
    "l5x": 30,
    "l5y": 37
  }, {
    "data": 1000010,
    "id": 500000156,
    "lvl": 8,
    "x": 31,
    "y": 37,
    "e1x": 34,
    "e1y": 28,
    "lmx": 34,
    "lmy": 28,
    "l1x": 34,
    "l1y": 28,
    "l4x": 31,
    "l4y": 37,
    "l5x": 31,
    "l5y": 37
  }, {
    "data": 1000010,
    "id": 500000157,
    "lvl": 8,
    "x": 28,
    "y": 42,
    "e1x": 34,
    "e1y": 27,
    "lmx": 34,
    "lmy": 27,
    "l1x": 34,
    "l1y": 27,
    "l4x": 28,
    "l4y": 42,
    "l5x": 28,
    "l5y": 42
  }, {
    "data": 1000010,
    "id": 500000158,
    "lvl": 8,
    "x": 27,
    "y": 42,
    "e1x": 34,
    "e1y": 26,
    "lmx": 34,
    "lmy": 26,
    "l1x": 34,
    "l1y": 26,
    "l4x": 27,
    "l4y": 42,
    "l5x": 27,
    "l5y": 42
  }, {
    "data": 1000010,
    "id": 500000159,
    "lvl": 8,
    "x": 26,
    "y": 42,
    "e1x": 34,
    "e1y": 25,
    "lmx": 34,
    "lmy": 25,
    "l1x": 34,
    "l1y": 25,
    "l4x": 26,
    "l4y": 42,
    "l5x": 26,
    "l5y": 42
  }, {
    "data": 1000010,
    "id": 500000160,
    "lvl": 8,
    "x": 25,
    "y": 42,
    "e1x": 34,
    "e1y": 24,
    "lmx": 34,
    "lmy": 24,
    "l1x": 34,
    "l1y": 24,
    "l4x": 25,
    "l4y": 42,
    "l5x": 25,
    "l5y": 42
  }, {
    "data": 1000010,
    "id": 500000161,
    "lvl": 8,
    "x": 24,
    "y": 42,
    "e1x": 34,
    "e1y": 23,
    "lmx": 34,
    "lmy": 23,
    "l1x": 34,
    "l1y": 23,
    "l4x": 24,
    "l4y": 42,
    "l5x": 24,
    "l5y": 42
  }, {
    "data": 1000010,
    "id": 500000162,
    "lvl": 8,
    "x": 34,
    "y": 37,
    "e1x": 34,
    "e1y": 22,
    "lmx": 34,
    "lmy": 22,
    "l1x": 34,
    "l1y": 22,
    "l4x": 34,
    "l4y": 37,
    "l5x": 34,
    "l5y": 37
  }, {
    "data": 1000010,
    "id": 500000163,
    "lvl": 8,
    "x": 23,
    "y": 42,
    "e1x": 37,
    "e1y": 14,
    "lmx": 37,
    "lmy": 21,
    "l1x": 37,
    "l1y": 14,
    "l4x": 23,
    "l4y": 42,
    "l5x": 23,
    "l5y": 42
  }, {
    "data": 1000010,
    "id": 500000164,
    "lvl": 8,
    "x": 22,
    "y": 42,
    "e1x": 36,
    "e1y": 14,
    "lmx": 36,
    "lmy": 14,
    "l1x": 36,
    "l1y": 14,
    "l4x": 22,
    "l4y": 42,
    "l5x": 22,
    "l5y": 42
  }, {
    "data": 1000010,
    "id": 500000165,
    "lvl": 8,
    "x": 33,
    "y": 37,
    "e1x": 19,
    "e1y": 28,
    "lmx": 19,
    "lmy": 28,
    "l1x": 19,
    "l1y": 28,
    "l4x": 33,
    "l4y": 37,
    "l5x": 33,
    "l5y": 37
  }, {
    "data": 1000000,
    "id": 500000166,
    "lvl": 7,
    "x": 36,
    "y": 37,
    "units": [],
    "e1x": 37,
    "e1y": 36,
    "lmx": 37,
    "lmy": 36,
    "l1x": 37,
    "l1y": 36,
    "l4x": 35,
    "l4y": 35,
    "l5x": 36,
    "l5y": 37
  }, {
    "data": 1000006,
    "id": 500000167,
    "lvl": 9,
    "x": 38,
    "y": 22,
    "unit_prod": { "unit_type": 0 },
    "e1x": 19,
    "e1y": 39,
    "lmx": 39,
    "lmy": 24,
    "l1x": 19,
    "l1y": 39,
    "l4x": 28,
    "l4y": 38,
    "l5x": 38,
    "l5y": 22
  }, {
    "data": 1000010,
    "id": 500000168,
    "lvl": 8,
    "x": 21,
    "y": 42,
    "e1x": 35,
    "e1y": 14,
    "lmx": 35,
    "lmy": 14,
    "l1x": 35,
    "l1y": 14,
    "l4x": 21,
    "l4y": 42,
    "l5x": 21,
    "l5y": 42
  }, {
    "data": 1000010,
    "id": 500000169,
    "lvl": 8,
    "x": 20,
    "y": 42,
    "e1x": 35,
    "e1y": 13,
    "lmx": 35,
    "lmy": 13,
    "l1x": 35,
    "l1y": 13,
    "l4x": 20,
    "l4y": 42,
    "l5x": 20,
    "l5y": 42
  }, {
    "data": 1000010,
    "id": 500000170,
    "lvl": 8,
    "x": 32,
    "y": 37,
    "e1x": 30,
    "e1y": 21,
    "lmx": 30,
    "lmy": 21,
    "l1x": 30,
    "l1y": 21,
    "l4x": 32,
    "l4y": 37,
    "l5x": 32,
    "l5y": 37
  }, {
    "data": 1000010,
    "id": 500000171,
    "lvl": 8,
    "x": 19,
    "y": 42,
    "e1x": 35,
    "e1y": 12,
    "lmx": 35,
    "lmy": 12,
    "l1x": 35,
    "l1y": 12,
    "l4x": 19,
    "l4y": 42,
    "l5x": 19,
    "l5y": 42
  }, {
    "data": 1000010,
    "id": 500000172,
    "lvl": 8,
    "x": 18,
    "y": 42,
    "e1x": 35,
    "e1y": 11,
    "lmx": 35,
    "lmy": 11,
    "l1x": 35,
    "l1y": 11,
    "l4x": 18,
    "l4y": 42,
    "l5x": 18,
    "l5y": 42
  }, {
    "data": 1000010,
    "id": 500000173,
    "lvl": 8,
    "x": 17,
    "y": 42,
    "e1x": 33,
    "e1y": 11,
    "lmx": 33,
    "lmy": 11,
    "l1x": 33,
    "l1y": 11,
    "l4x": 17,
    "l4y": 42,
    "l5x": 17,
    "l5y": 42
  }, {
    "data": 1000010,
    "id": 500000174,
    "lvl": 8,
    "x": 16,
    "y": 42,
    "e1x": 32,
    "e1y": 11,
    "lmx": 32,
    "lmy": 11,
    "l1x": 32,
    "l1y": 11,
    "l4x": 16,
    "l4y": 42,
    "l5x": 16,
    "l5y": 42
  }, {
    "data": 1000010,
    "id": 500000175,
    "lvl": 8,
    "x": 15,
    "y": 42,
    "e1x": 31,
    "e1y": 11,
    "lmx": 31,
    "lmy": 11,
    "l1x": 31,
    "l1y": 11,
    "l4x": 15,
    "l4y": 42,
    "l5x": 15,
    "l5y": 42
  }, {
    "data": 1000010,
    "id": 500000176,
    "lvl": 8,
    "x": 15,
    "y": 40,
    "e1x": 30,
    "e1y": 11,
    "lmx": 30,
    "lmy": 11,
    "l1x": 30,
    "l1y": 11,
    "l4x": 15,
    "l4y": 40,
    "l5x": 15,
    "l5y": 40
  }, {
    "data": 1000010,
    "id": 500000177,
    "lvl": 8,
    "x": 37,
    "y": 33,
    "e1x": 22,
    "e1y": 30,
    "lmx": 22,
    "lmy": 30,
    "l1x": 22,
    "l1y": 30,
    "l4x": 37,
    "l4y": 33,
    "l5x": 37,
    "l5y": 33
  }, {
    "data": 1000010,
    "id": 500000178,
    "lvl": 8,
    "x": 35,
    "y": 12,
    "e1x": 28,
    "e1y": 30,
    "lmx": 28,
    "lmy": 30,
    "l1x": 28,
    "l1y": 30,
    "l4x": 34,
    "l4y": 13,
    "l5x": 35,
    "l5y": 12
  }, {
    "data": 1000010,
    "id": 500000179,
    "lvl": 8,
    "x": 15,
    "y": 39,
    "e1x": 29,
    "e1y": 11,
    "lmx": 29,
    "lmy": 11,
    "l1x": 29,
    "l1y": 11,
    "l4x": 15,
    "l4y": 39,
    "l5x": 15,
    "l5y": 39
  }, {
    "data": 1000010,
    "id": 500000180,
    "lvl": 8,
    "x": 15,
    "y": 38,
    "e1x": 28,
    "e1y": 11,
    "lmx": 28,
    "lmy": 11,
    "l1x": 28,
    "l1y": 11,
    "l4x": 15,
    "l4y": 38,
    "l5x": 15,
    "l5y": 38
  }, {
    "data": 1000010,
    "id": 500000181,
    "lvl": 8,
    "x": 12,
    "y": 30,
    "e1x": 34,
    "e1y": 11,
    "lmx": 34,
    "lmy": 11,
    "l1x": 34,
    "l1y": 11,
    "l4x": 12,
    "l4y": 30,
    "l5x": 12,
    "l5y": 30
  }, {
    "data": 1000010,
    "id": 500000182,
    "lvl": 8,
    "x": 12,
    "y": 28,
    "e1x": 28,
    "e1y": 12,
    "lmx": 28,
    "lmy": 12,
    "l1x": 28,
    "l1y": 12,
    "l4x": 12,
    "l4y": 28,
    "l5x": 12,
    "l5y": 28
  }, {
    "data": 1000010,
    "id": 500000183,
    "lvl": 8,
    "x": 12,
    "y": 27,
    "e1x": 28,
    "e1y": 13,
    "lmx": 28,
    "lmy": 13,
    "l1x": 28,
    "l1y": 13,
    "l4x": 12,
    "l4y": 27,
    "l5x": 12,
    "l5y": 27
  }, {
    "data": 1000010,
    "id": 500000184,
    "lvl": 8,
    "x": 12,
    "y": 26,
    "e1x": 37,
    "e1y": 15,
    "lmx": 37,
    "lmy": 15,
    "l1x": 37,
    "l1y": 15,
    "l4x": 12,
    "l4y": 26,
    "l5x": 12,
    "l5y": 26
  }, {
    "data": 1000010,
    "id": 500000185,
    "lvl": 8,
    "x": 12,
    "y": 25,
    "e1x": 37,
    "e1y": 16,
    "lmx": 37,
    "lmy": 16,
    "l1x": 37,
    "l1y": 16,
    "l4x": 12,
    "l4y": 25,
    "l5x": 12,
    "l5y": 25
  }, {
    "data": 1000010,
    "id": 500000186,
    "lvl": 8,
    "x": 12,
    "y": 24,
    "e1x": 37,
    "e1y": 17,
    "lmx": 37,
    "lmy": 17,
    "l1x": 37,
    "l1y": 17,
    "l4x": 12,
    "l4y": 24,
    "l5x": 12,
    "l5y": 24
  }, {
    "data": 1000010,
    "id": 500000187,
    "lvl": 8,
    "x": 12,
    "y": 23,
    "e1x": 37,
    "e1y": 18,
    "lmx": 37,
    "lmy": 18,
    "l1x": 37,
    "l1y": 18,
    "l4x": 12,
    "l4y": 23,
    "l5x": 12,
    "l5y": 23
  }, {
    "data": 1000010,
    "id": 500000188,
    "lvl": 8,
    "x": 12,
    "y": 22,
    "e1x": 37,
    "e1y": 19,
    "lmx": 37,
    "lmy": 19,
    "l1x": 37,
    "l1y": 19,
    "l4x": 12,
    "l4y": 22,
    "l5x": 12,
    "l5y": 22
  }, {
    "data": 1000010,
    "id": 500000189,
    "lvl": 8,
    "x": 35,
    "y": 13,
    "e1x": 21,
    "e1y": 30,
    "lmx": 21,
    "lmy": 30,
    "l1x": 21,
    "l1y": 30,
    "l4x": 34,
    "l4y": 14,
    "l5x": 35,
    "l5y": 13
  }, {
    "data": 1000010,
    "id": 500000190,
    "lvl": 8,
    "x": 36,
    "y": 14,
    "e1x": 37,
    "e1y": 20,
    "lmx": 18,
    "lmy": 18,
    "l1x": 37,
    "l1y": 20,
    "l4x": 34,
    "l4y": 15,
    "l5x": 36,
    "l5y": 14
  }, {
    "data": 1000010,
    "id": 500000191,
    "lvl": 8,
    "x": 36,
    "y": 13,
    "e1x": 30,
    "e1y": 28,
    "lmx": 30,
    "lmy": 28,
    "l1x": 30,
    "l1y": 28,
    "l4x": 35,
    "l4y": 15,
    "l5x": 36,
    "l5y": 13
  }, {
    "data": 1000010,
    "id": 500000192,
    "lvl": 8,
    "x": 12,
    "y": 21,
    "e1x": 37,
    "e1y": 21,
    "lmx": 37,
    "lmy": 20,
    "l1x": 37,
    "l1y": 21,
    "l4x": 12,
    "l4y": 21,
    "l5x": 12,
    "l5y": 21
  }, {
    "data": 1000010,
    "id": 500000193,
    "lvl": 8,
    "x": 12,
    "y": 20,
    "e1x": 36,
    "e1y": 21,
    "lmx": 36,
    "lmy": 21,
    "l1x": 36,
    "l1y": 21,
    "l4x": 12,
    "l4y": 20,
    "l5x": 12,
    "l5y": 20
  }, {
    "data": 1000010,
    "id": 500000194,
    "lvl": 8,
    "x": 12,
    "y": 19,
    "e1x": 35,
    "e1y": 21,
    "lmx": 35,
    "lmy": 21,
    "l1x": 35,
    "l1y": 21,
    "l4x": 12,
    "l4y": 19,
    "l5x": 12,
    "l5y": 19
  }, {
    "data": 1000010,
    "id": 500000195,
    "lvl": 8,
    "x": 37,
    "y": 14,
    "e1x": 34,
    "e1y": 21,
    "lmx": 34,
    "lmy": 21,
    "l1x": 34,
    "l1y": 21,
    "l4x": 36,
    "l4y": 15,
    "l5x": 37,
    "l5y": 14
  }, {
    "data": 1000010,
    "id": 500000196,
    "lvl": 8,
    "x": 37,
    "y": 15,
    "e1x": 27,
    "e1y": 19,
    "lmx": 27,
    "lmy": 19,
    "l1x": 27,
    "l1y": 19,
    "l4x": 37,
    "l4y": 15,
    "l5x": 37,
    "l5y": 15
  }, {
    "data": 1000010,
    "id": 500000197,
    "lvl": 8,
    "x": 37,
    "y": 16,
    "e1x": 33,
    "e1y": 21,
    "lmx": 33,
    "lmy": 21,
    "l1x": 33,
    "l1y": 21,
    "l4x": 37,
    "l4y": 16,
    "l5x": 37,
    "l5y": 16
  }, {
    "data": 1000010,
    "id": 500000198,
    "lvl": 8,
    "x": 37,
    "y": 17,
    "e1x": 32,
    "e1y": 21,
    "lmx": 32,
    "lmy": 21,
    "l1x": 32,
    "l1y": 21,
    "l4x": 37,
    "l4y": 17,
    "l5x": 37,
    "l5y": 17
  }, {
    "data": 1000010,
    "id": 500000199,
    "lvl": 8,
    "x": 12,
    "y": 18,
    "e1x": 28,
    "e1y": 14,
    "lmx": 28,
    "lmy": 14,
    "l1x": 28,
    "l1y": 14,
    "l4x": 12,
    "l4y": 18,
    "l5x": 12,
    "l5y": 18
  }, {
    "data": 1000010,
    "id": 500000200,
    "lvl": 8,
    "x": 15,
    "y": 37,
    "e1x": 28,
    "e1y": 15,
    "lmx": 28,
    "lmy": 15,
    "l1x": 28,
    "l1y": 15,
    "l4x": 15,
    "l4y": 37,
    "l5x": 15,
    "l5y": 37
  }, {
    "data": 1000010,
    "id": 500000201,
    "lvl": 8,
    "x": 12,
    "y": 17,
    "e1x": 28,
    "e1y": 16,
    "lmx": 28,
    "lmy": 16,
    "l1x": 28,
    "l1y": 16,
    "l4x": 12,
    "l4y": 17,
    "l5x": 12,
    "l5y": 17
  }, {
    "data": 1000010,
    "id": 500000202,
    "lvl": 8,
    "x": 37,
    "y": 18,
    "e1x": 28,
    "e1y": 17,
    "lmx": 28,
    "lmy": 17,
    "l1x": 28,
    "l1y": 17,
    "l4x": 37,
    "l4y": 18,
    "l5x": 37,
    "l5y": 18
  }, {
    "data": 1000010,
    "id": 500000203,
    "lvl": 8,
    "x": 37,
    "y": 19,
    "e1x": 22,
    "e1y": 19,
    "lmx": 22,
    "lmy": 19,
    "l1x": 22,
    "l1y": 19,
    "l4x": 37,
    "l4y": 19,
    "l5x": 37,
    "l5y": 19
  }, {
    "data": 1000010,
    "id": 500000204,
    "lvl": 8,
    "x": 37,
    "y": 20,
    "e1x": 21,
    "e1y": 15,
    "lmx": 21,
    "lmy": 15,
    "l1x": 21,
    "l1y": 15,
    "l4x": 37,
    "l4y": 20,
    "l5x": 37,
    "l5y": 20
  }, {
    "data": 1000010,
    "id": 500000205,
    "lvl": 8,
    "x": 37,
    "y": 21,
    "e1x": 21,
    "e1y": 16,
    "lmx": 21,
    "lmy": 16,
    "l1x": 21,
    "l1y": 16,
    "l4x": 37,
    "l4y": 21,
    "l5x": 37,
    "l5y": 21
  }, {
    "data": 1000010,
    "id": 500000206,
    "lvl": 8,
    "x": 37,
    "y": 22,
    "e1x": 20,
    "e1y": 21,
    "lmx": 20,
    "lmy": 21,
    "l1x": 20,
    "l1y": 21,
    "l4x": 37,
    "l4y": 22,
    "l5x": 37,
    "l5y": 22
  }, {
    "data": 1000010,
    "id": 500000207,
    "lvl": 8,
    "x": 37,
    "y": 23,
    "e1x": 21,
    "e1y": 17,
    "lmx": 21,
    "lmy": 17,
    "l1x": 21,
    "l1y": 17,
    "l4x": 37,
    "l4y": 23,
    "l5x": 37,
    "l5y": 23
  }, {
    "data": 1000010,
    "id": 500000208,
    "lvl": 8,
    "x": 37,
    "y": 24,
    "e1x": 21,
    "e1y": 31,
    "lmx": 21,
    "lmy": 31,
    "l1x": 21,
    "l1y": 31,
    "l4x": 37,
    "l4y": 24,
    "l5x": 37,
    "l5y": 24
  }, {
    "data": 1000010,
    "id": 500000209,
    "lvl": 8,
    "x": 37,
    "y": 25,
    "e1x": 20,
    "e1y": 31,
    "lmx": 20,
    "lmy": 31,
    "l1x": 20,
    "l1y": 31,
    "l4x": 37,
    "l4y": 25,
    "l5x": 37,
    "l5y": 25
  }, {
    "data": 1000010,
    "id": 500000210,
    "lvl": 8,
    "x": 37,
    "y": 26,
    "e1x": 19,
    "e1y": 31,
    "lmx": 19,
    "lmy": 31,
    "l1x": 19,
    "l1y": 31,
    "l4x": 37,
    "l4y": 26,
    "l5x": 37,
    "l5y": 26
  }, {
    "data": 1000010,
    "id": 500000211,
    "lvl": 8,
    "x": 37,
    "y": 27,
    "e1x": 18,
    "e1y": 31,
    "lmx": 18,
    "lmy": 31,
    "l1x": 18,
    "l1y": 31,
    "l4x": 37,
    "l4y": 27,
    "l5x": 37,
    "l5y": 27
  }, {
    "data": 1000010,
    "id": 500000212,
    "lvl": 8,
    "x": 37,
    "y": 28,
    "e1x": 18,
    "e1y": 30,
    "lmx": 18,
    "lmy": 30,
    "l1x": 18,
    "l1y": 30,
    "l4x": 37,
    "l4y": 28,
    "l5x": 37,
    "l5y": 28
  }, {
    "data": 1000010,
    "id": 500000213,
    "lvl": 8,
    "x": 37,
    "y": 29,
    "e1x": 21,
    "e1y": 20,
    "lmx": 21,
    "lmy": 20,
    "l1x": 21,
    "l1y": 20,
    "l4x": 37,
    "l4y": 29,
    "l5x": 37,
    "l5y": 29
  }, {
    "data": 1000010,
    "id": 500000214,
    "lvl": 8,
    "x": 37,
    "y": 30,
    "e1x": 18,
    "e1y": 29,
    "lmx": 18,
    "lmy": 29,
    "l1x": 18,
    "l1y": 29,
    "l4x": 37,
    "l4y": 30,
    "l5x": 37,
    "l5y": 30
  }, {
    "data": 1000010,
    "id": 500000215,
    "lvl": 8,
    "x": 37,
    "y": 31,
    "e1x": 18,
    "e1y": 28,
    "lmx": 18,
    "lmy": 28,
    "l1x": 18,
    "l1y": 28,
    "l4x": 37,
    "l4y": 31,
    "l5x": 37,
    "l5y": 31
  }, {
    "data": 1000010,
    "id": 500000216,
    "lvl": 8,
    "x": 37,
    "y": 32,
    "e1x": 20,
    "e1y": 18,
    "lmx": 20,
    "lmy": 18,
    "l1x": 20,
    "l1y": 18,
    "l4x": 37,
    "l4y": 32,
    "l5x": 37,
    "l5y": 32
  }, {
    "data": 1000010,
    "id": 500000217,
    "lvl": 8,
    "x": 35,
    "y": 37,
    "e1x": 21,
    "e1y": 18,
    "lmx": 21,
    "lmy": 18,
    "l1x": 21,
    "l1y": 18,
    "l4x": 34,
    "l4y": 36,
    "l5x": 35,
    "l5y": 37
  }, {
    "data": 1000012,
    "id": 500000218,
    "lvl": 6,
    "x": 25,
    "y": 13,
    "e1x": 31,
    "e1y": 25,
    "lmx": 31,
    "lmy": 25,
    "l1x": 31,
    "l1y": 25,
    "l4x": 25,
    "l4y": 13,
    "l5x": 25,
    "l5y": 13
  }, {
    "data": 1000013,
    "id": 500000219,
    "lvl": 7,
    "x": 22,
    "y": 13,
    "e1x": 22,
    "e1y": 20,
    "lmx": 35,
    "lmy": 22,
    "l1x": 22,
    "l1y": 20,
    "l4x": 22,
    "l4y": 13,
    "l5x": 22,
    "l5y": 13
  }, {
    "data": 1000008,
    "id": 500000220,
    "lvl": 11,
    "x": 15,
    "y": 33,
    "e1x": 35,
    "e1y": 32,
    "lmx": 35,
    "lmy": 32,
    "l1x": 35,
    "l1y": 32,
    "l4x": 22,
    "l4y": 38,
    "l5x": 9,
    "l5y": 23
  }, {
    "data": 1000009,
    "id": 500000221,
    "lvl": 11,
    "x": 18,
    "y": 34,
    "e1x": 29,
    "e1y": 33,
    "lmx": 32,
    "lmy": 34,
    "l1x": 29,
    "l1y": 33,
    "l4x": 16,
    "l4y": 34,
    "l5x": 17,
    "l5y": 34
  }, {
    "data": 1000008,
    "id": 500000222,
    "lvl": 11,
    "x": 13,
    "y": 18,
    "e1x": 32,
    "e1y": 12,
    "lmx": 32,
    "lmy": 12,
    "l1x": 32,
    "l1y": 12,
    "l4x": 13,
    "l4y": 19,
    "l5x": 13,
    "l5y": 18
  }, {
    "data": 1000019,
    "id": 500000223,
    "lvl": 7,
    "x": 25,
    "y": 17,
    "e1x": 19,
    "e1y": 19,
    "lmx": 19,
    "lmy": 19,
    "l1x": 19,
    "l1y": 19,
    "l4x": 25,
    "l4y": 17,
    "l5x": 25,
    "l5y": 17
  }, {
    "data": 1000026,
    "id": 500000224,
    "lvl": 5,
    "boost_t": 494,
    "x": 38,
    "y": 16,
    "unit_prod": { "unit_type": 0 },
    "e1x": 12,
    "e1y": 25,
    "lmx": 39,
    "lmy": 17,
    "l1x": 12,
    "l1y": 25,
    "l4x": 38,
    "l4y": 16,
    "l5x": 38,
    "l5y": 16
  }, {
    "data": 1000024,
    "id": 500000225,
    "lvl": 5,
    "x": 27,
    "y": 24,
    "e1x": 12,
    "e1y": 18,
    "lmx": 22,
    "lmy": 27,
    "l1x": 12,
    "l1y": 18,
    "l4x": 25,
    "l4y": 31,
    "l5x": 27,
    "l5y": 24
  }, {
    "data": 1000019,
    "id": 500000226,
    "lvl": 7,
    "x": 28,
    "y": 22,
    "e1x": 19,
    "e1y": 29,
    "lmx": 19,
    "lmy": 29,
    "l1x": 19,
    "l1y": 29,
    "l4x": 31,
    "l4y": 27,
    "l5x": 28,
    "l5y": 22
  }, {
    "data": 1000013,
    "id": 500000227,
    "lvl": 7,
    "x": 25,
    "y": 34,
    "e1x": 27,
    "e1y": 23,
    "lmx": 25,
    "lmy": 35,
    "l1x": 27,
    "l1y": 23,
    "l4x": 34,
    "l4y": 22,
    "l5x": 26,
    "l5y": 34
  }, {
    "data": 1000022,
    "id": 500000228,
    "lvl": 0,
    "x": 31,
    "y": 22,
    "e1x": 16,
    "e1y": 25,
    "lmx": 22,
    "lmy": 12,
    "l1x": 16,
    "l1y": 25,
    "l4x": 27,
    "l4y": 27,
    "l5x": 31,
    "l5y": 22
  }, {
    "data": 1000010,
    "id": 500000229,
    "lvl": 8,
    "x": 35,
    "y": 36,
    "e1x": 19,
    "e1y": 18,
    "lmx": 19,
    "lmy": 18,
    "l1x": 19,
    "l1y": 18,
    "l4x": 34,
    "l4y": 35,
    "l5x": 35,
    "l5y": 36
  }, {
    "data": 1000010,
    "id": 500000230,
    "lvl": 8,
    "x": 12,
    "y": 16,
    "e1x": 11,
    "e1y": 24,
    "lmx": 11,
    "lmy": 24,
    "l1x": 11,
    "l1y": 24,
    "l4x": 12,
    "l4y": 16,
    "l5x": 12,
    "l5y": 16
  }, {
    "data": 1000010,
    "id": 500000231,
    "lvl": 8,
    "x": 13,
    "y": 36,
    "e1x": 18,
    "e1y": 19,
    "lmx": 18,
    "lmy": 19,
    "l1x": 18,
    "l1y": 19,
    "l4x": 15,
    "l4y": 34,
    "l5x": 13,
    "l5y": 36
  }, {
    "data": 1000010,
    "id": 500000232,
    "lvl": 8,
    "x": 37,
    "y": 34,
    "e1x": 18,
    "e1y": 20,
    "lmx": 18,
    "lmy": 20,
    "l1x": 18,
    "l1y": 20,
    "l4x": 37,
    "l4y": 34,
    "l5x": 37,
    "l5y": 34
  }, {
    "data": 1000010,
    "id": 500000233,
    "lvl": 8,
    "x": 36,
    "y": 36,
    "e1x": 18,
    "e1y": 21,
    "lmx": 18,
    "lmy": 21,
    "l1x": 18,
    "l1y": 21,
    "l4x": 36,
    "l4y": 34,
    "l5x": 36,
    "l5y": 36
  }, {
    "data": 1000010,
    "id": 500000234,
    "lvl": 8,
    "x": 37,
    "y": 35,
    "e1x": 31,
    "e1y": 20,
    "lmx": 31,
    "lmy": 20,
    "l1x": 31,
    "l1y": 20,
    "l4x": 35,
    "l4y": 34,
    "l5x": 37,
    "l5y": 35
  }, {
    "data": 1000010,
    "id": 500000235,
    "lvl": 8,
    "x": 36,
    "y": 35,
    "e1x": 31,
    "e1y": 19,
    "lmx": 31,
    "lmy": 19,
    "l1x": 31,
    "l1y": 19,
    "l4x": 34,
    "l4y": 34,
    "l5x": 36,
    "l5y": 35
  }, {
    "data": 1000010,
    "id": 500000236,
    "lvl": 9,
    "x": 30,
    "y": 19,
    "e1x": 30,
    "e1y": 18,
    "lmx": 30,
    "lmy": 18,
    "l1x": 30,
    "l1y": 18,
    "l4x": 30,
    "l4y": 19,
    "l5x": 30,
    "l5y": 19
  }, {
    "data": 1000010,
    "id": 500000237,
    "lvl": 9,
    "x": 29,
    "y": 19,
    "e1x": 29,
    "e1y": 18,
    "lmx": 29,
    "lmy": 18,
    "l1x": 29,
    "l1y": 18,
    "l4x": 29,
    "l4y": 19,
    "l5x": 29,
    "l5y": 19
  }, {
    "data": 1000010,
    "id": 500000238,
    "lvl": 8,
    "x": 28,
    "y": 19,
    "e1x": 31,
    "e1y": 18,
    "lmx": 31,
    "lmy": 18,
    "l1x": 31,
    "l1y": 18,
    "l4x": 28,
    "l4y": 19,
    "l5x": 28,
    "l5y": 19
  }, {
    "data": 1000010,
    "id": 500000239,
    "lvl": 8,
    "x": 27,
    "y": 19,
    "e1x": 28,
    "e1y": 31,
    "lmx": 28,
    "lmy": 31,
    "l1x": 28,
    "l1y": 31,
    "l4x": 27,
    "l4y": 19,
    "l5x": 27,
    "l5y": 19
  }, {
    "data": 1000010,
    "id": 500000240,
    "lvl": 8,
    "x": 26,
    "y": 19,
    "e1x": 29,
    "e1y": 21,
    "lmx": 29,
    "lmy": 21,
    "l1x": 29,
    "l1y": 21,
    "l4x": 26,
    "l4y": 19,
    "l5x": 26,
    "l5y": 19
  }, {
    "data": 1000010,
    "id": 500000241,
    "lvl": 8,
    "x": 25,
    "y": 19,
    "e1x": 29,
    "e1y": 31,
    "lmx": 29,
    "lmy": 31,
    "l1x": 29,
    "l1y": 31,
    "l4x": 25,
    "l4y": 19,
    "l5x": 25,
    "l5y": 19
  }, {
    "data": 1000010,
    "id": 500000242,
    "lvl": 8,
    "x": 12,
    "y": 15,
    "e1x": 30,
    "e1y": 31,
    "lmx": 30,
    "lmy": 31,
    "l1x": 30,
    "l1y": 31,
    "l4x": 12,
    "l4y": 15,
    "l5x": 12,
    "l5y": 15
  }, {
    "data": 1000010,
    "id": 500000243,
    "lvl": 8,
    "x": 24,
    "y": 19,
    "e1x": 28,
    "e1y": 18,
    "lmx": 28,
    "lmy": 18,
    "l1x": 28,
    "l1y": 18,
    "l4x": 24,
    "l4y": 19,
    "l5x": 24,
    "l5y": 19
  }, {
    "data": 1000010,
    "id": 500000244,
    "lvl": 8,
    "x": 23,
    "y": 19,
    "e1x": 31,
    "e1y": 31,
    "lmx": 31,
    "lmy": 31,
    "l1x": 31,
    "l1y": 31,
    "l4x": 23,
    "l4y": 19,
    "l5x": 23,
    "l5y": 19
  }, {
    "data": 1000010,
    "id": 500000245,
    "lvl": 8,
    "x": 22,
    "y": 19,
    "e1x": 31,
    "e1y": 30,
    "lmx": 31,
    "lmy": 30,
    "l1x": 31,
    "l1y": 30,
    "l4x": 22,
    "l4y": 19,
    "l5x": 22,
    "l5y": 19
  }, {
    "data": 1000010,
    "id": 500000246,
    "lvl": 8,
    "x": 21,
    "y": 19,
    "e1x": 28,
    "e1y": 21,
    "lmx": 28,
    "lmy": 21,
    "l1x": 28,
    "l1y": 21,
    "l4x": 21,
    "l4y": 19,
    "l5x": 21,
    "l5y": 19
  }, {
    "data": 1000010,
    "id": 500000247,
    "lvl": 8,
    "x": 20,
    "y": 19,
    "e1x": 31,
    "e1y": 29,
    "lmx": 31,
    "lmy": 29,
    "l1x": 31,
    "l1y": 29,
    "l4x": 20,
    "l4y": 19,
    "l5x": 20,
    "l5y": 19
  }, {
    "data": 1000010,
    "id": 500000248,
    "lvl": 8,
    "x": 12,
    "y": 14,
    "e1x": 23,
    "e1y": 38,
    "lmx": 23,
    "lmy": 38,
    "l1x": 23,
    "l1y": 38,
    "l4x": 13,
    "l4y": 15,
    "l5x": 12,
    "l5y": 14
  }, {
    "data": 1000010,
    "id": 500000249,
    "lvl": 8,
    "x": 13,
    "y": 14,
    "e1x": 38,
    "e1y": 23,
    "lmx": 38,
    "lmy": 23,
    "l1x": 38,
    "l1y": 23,
    "l4x": 14,
    "l4y": 15,
    "l5x": 13,
    "l5y": 14
  }, {
    "data": 1000010,
    "id": 500000250,
    "lvl": 8,
    "x": 14,
    "y": 13,
    "e1x": 23,
    "e1y": 11,
    "lmx": 23,
    "lmy": 11,
    "l1x": 23,
    "l1y": 11,
    "l4x": 15,
    "l4y": 15,
    "l5x": 14,
    "l5y": 13
  }, {
    "data": 1000010,
    "id": 500000251,
    "lvl": 8,
    "x": 14,
    "y": 12,
    "e1x": 38,
    "e1y": 25,
    "lmx": 38,
    "lmy": 25,
    "l1x": 38,
    "l1y": 25,
    "l4x": 15,
    "l4y": 13,
    "l5x": 14,
    "l5y": 12
  }, {
    "data": 1000010,
    "id": 500000252,
    "lvl": 8,
    "x": 15,
    "y": 12,
    "e1x": 38,
    "e1y": 24,
    "lmx": 38,
    "lmy": 24,
    "l1x": 38,
    "l1y": 24,
    "l4x": 15,
    "l4y": 12,
    "l5x": 15,
    "l5y": 12
  }, {
    "data": 1000010,
    "id": 500000253,
    "lvl": 8,
    "x": 19,
    "y": 19,
    "e1x": 28,
    "e1y": 20,
    "lmx": 28,
    "lmy": 20,
    "l1x": 28,
    "l1y": 20,
    "l4x": 19,
    "l4y": 19,
    "l5x": 19,
    "l5y": 19
  }, {
    "data": 1000010,
    "id": 500000254,
    "lvl": 8,
    "x": 19,
    "y": 20,
    "e1x": 29,
    "e1y": 28,
    "lmx": 29,
    "lmy": 28,
    "l1x": 29,
    "l1y": 28,
    "l4x": 19,
    "l4y": 20,
    "l5x": 19,
    "l5y": 20
  }, {
    "data": 1000010,
    "id": 500000255,
    "lvl": 8,
    "x": 19,
    "y": 21,
    "e1x": 28,
    "e1y": 28,
    "lmx": 28,
    "lmy": 28,
    "l1x": 28,
    "l1y": 28,
    "l4x": 19,
    "l4y": 21,
    "l5x": 19,
    "l5y": 21
  }, {
    "data": 1000010,
    "id": 500000256,
    "lvl": 8,
    "x": 16,
    "y": 11,
    "e1x": 38,
    "e1y": 26,
    "lmx": 38,
    "lmy": 26,
    "l1x": 38,
    "l1y": 26,
    "l4x": 16,
    "l4y": 12,
    "l5x": 16,
    "l5y": 12
  }, {
    "data": 1000010,
    "id": 500000257,
    "lvl": 8,
    "x": 17,
    "y": 11,
    "e1x": 27,
    "e1y": 11,
    "lmx": 27,
    "lmy": 11,
    "l1x": 27,
    "l1y": 11,
    "l4x": 17,
    "l4y": 12,
    "l5x": 17,
    "l5y": 12
  }, {
    "data": 1000010,
    "id": 500000258,
    "lvl": 8,
    "x": 18,
    "y": 11,
    "e1x": 25,
    "e1y": 11,
    "lmx": 25,
    "lmy": 11,
    "l1x": 25,
    "l1y": 11,
    "l4x": 18,
    "l4y": 12,
    "l5x": 18,
    "l5y": 12
  }, {
    "data": 1000010,
    "id": 500000259,
    "lvl": 8,
    "x": 19,
    "y": 22,
    "e1x": 23,
    "e1y": 30,
    "lmx": 23,
    "lmy": 30,
    "l1x": 23,
    "l1y": 30,
    "l4x": 19,
    "l4y": 22,
    "l5x": 19,
    "l5y": 22
  }, {
    "data": 1000010,
    "id": 500000260,
    "lvl": 8,
    "x": 19,
    "y": 23,
    "e1x": 24,
    "e1y": 30,
    "lmx": 24,
    "lmy": 30,
    "l1x": 24,
    "l1y": 30,
    "l4x": 19,
    "l4y": 23,
    "l5x": 19,
    "l5y": 23
  }, {
    "data": 1000010,
    "id": 500000261,
    "lvl": 8,
    "x": 19,
    "y": 24,
    "e1x": 25,
    "e1y": 30,
    "lmx": 25,
    "lmy": 30,
    "l1x": 25,
    "l1y": 30,
    "l4x": 19,
    "l4y": 24,
    "l5x": 19,
    "l5y": 24
  }, {
    "data": 1000010,
    "id": 500000262,
    "lvl": 8,
    "x": 19,
    "y": 25,
    "e1x": 28,
    "e1y": 29,
    "lmx": 28,
    "lmy": 29,
    "l1x": 28,
    "l1y": 29,
    "l4x": 19,
    "l4y": 25,
    "l5x": 19,
    "l5y": 25
  }, {
    "data": 1000010,
    "id": 500000263,
    "lvl": 8,
    "x": 19,
    "y": 26,
    "e1x": 21,
    "e1y": 29,
    "lmx": 21,
    "lmy": 29,
    "l1x": 21,
    "l1y": 29,
    "l4x": 19,
    "l4y": 26,
    "l5x": 19,
    "l5y": 26
  }, {
    "data": 1000010,
    "id": 500000264,
    "lvl": 8,
    "x": 19,
    "y": 27,
    "e1x": 26,
    "e1y": 30,
    "lmx": 26,
    "lmy": 30,
    "l1x": 26,
    "l1y": 30,
    "l4x": 19,
    "l4y": 27,
    "l5x": 19,
    "l5y": 27
  }, {
    "data": 1000010,
    "id": 500000265,
    "lvl": 8,
    "x": 19,
    "y": 28,
    "e1x": 27,
    "e1y": 30,
    "lmx": 27,
    "lmy": 30,
    "l1x": 27,
    "l1y": 30,
    "l4x": 19,
    "l4y": 28,
    "l5x": 19,
    "l5y": 28
  }, {
    "data": 1000010,
    "id": 500000266,
    "lvl": 8,
    "x": 19,
    "y": 11,
    "e1x": 26,
    "e1y": 11,
    "lmx": 26,
    "lmy": 11,
    "l1x": 26,
    "l1y": 11,
    "l4x": 19,
    "l4y": 12,
    "l5x": 19,
    "l5y": 12
  }, {
    "data": 1000010,
    "id": 500000267,
    "lvl": 8,
    "x": 20,
    "y": 11,
    "e1x": 28,
    "e1y": 38,
    "lmx": 28,
    "lmy": 38,
    "l1x": 28,
    "l1y": 38,
    "l4x": 20,
    "l4y": 12,
    "l5x": 20,
    "l5y": 12
  }, {
    "data": 1000010,
    "id": 500000268,
    "lvl": 8,
    "x": 21,
    "y": 11,
    "e1x": 38,
    "e1y": 27,
    "lmx": 38,
    "lmy": 27,
    "l1x": 38,
    "l1y": 27,
    "l4x": 21,
    "l4y": 12,
    "l5x": 21,
    "l5y": 12
  }, {
    "data": 1000010,
    "id": 500000269,
    "lvl": 8,
    "x": 22,
    "y": 11,
    "e1x": 27,
    "e1y": 38,
    "lmx": 27,
    "lmy": 38,
    "l1x": 27,
    "l1y": 38,
    "l4x": 22,
    "l4y": 12,
    "l5x": 22,
    "l5y": 12
  }, {
    "data": 1000010,
    "id": 500000270,
    "lvl": 8,
    "x": 23,
    "y": 11,
    "e1x": 11,
    "e1y": 25,
    "lmx": 11,
    "lmy": 25,
    "l1x": 11,
    "l1y": 25,
    "l4x": 23,
    "l4y": 12,
    "l5x": 23,
    "l5y": 12
  }, {
    "data": 1000010,
    "id": 500000271,
    "lvl": 8,
    "x": 19,
    "y": 29,
    "e1x": 21,
    "e1y": 28,
    "lmx": 21,
    "lmy": 28,
    "l1x": 21,
    "l1y": 28,
    "l4x": 19,
    "l4y": 29,
    "l5x": 19,
    "l5y": 29
  }, {
    "data": 1000010,
    "id": 500000272,
    "lvl": 8,
    "x": 19,
    "y": 30,
    "e1x": 30,
    "e1y": 27,
    "lmx": 30,
    "lmy": 27,
    "l1x": 30,
    "l1y": 27,
    "l4x": 19,
    "l4y": 30,
    "l5x": 19,
    "l5y": 30
  }, {
    "data": 1000010,
    "id": 500000273,
    "lvl": 8,
    "x": 20,
    "y": 30,
    "e1x": 30,
    "e1y": 26,
    "lmx": 30,
    "lmy": 26,
    "l1x": 30,
    "l1y": 26,
    "l4x": 20,
    "l4y": 30,
    "l5x": 20,
    "l5y": 30
  }, {
    "data": 1000010,
    "id": 500000274,
    "lvl": 9,
    "x": 30,
    "y": 20,
    "e1x": 30,
    "e1y": 25,
    "lmx": 30,
    "lmy": 25,
    "l1x": 30,
    "l1y": 25,
    "l4x": 30,
    "l4y": 20,
    "l5x": 30,
    "l5y": 20
  }, {
    "data": 1000010,
    "id": 500000275,
    "lvl": 8,
    "x": 30,
    "y": 21,
    "e1x": 30,
    "e1y": 24,
    "lmx": 30,
    "lmy": 24,
    "l1x": 30,
    "l1y": 24,
    "l4x": 30,
    "l4y": 21,
    "l5x": 30,
    "l5y": 21
  }, {
    "data": 1000010,
    "id": 500000276,
    "lvl": 8,
    "x": 30,
    "y": 22,
    "e1x": 30,
    "e1y": 23,
    "lmx": 30,
    "lmy": 23,
    "l1x": 30,
    "l1y": 23,
    "l4x": 30,
    "l4y": 22,
    "l5x": 30,
    "l5y": 22
  }, {
    "data": 1000010,
    "id": 500000277,
    "lvl": 8,
    "x": 30,
    "y": 23,
    "e1x": 20,
    "e1y": 28,
    "lmx": 20,
    "lmy": 28,
    "l1x": 20,
    "l1y": 28,
    "l4x": 30,
    "l4y": 23,
    "l5x": 30,
    "l5y": 23
  }, {
    "data": 1000010,
    "id": 500000278,
    "lvl": 8,
    "x": 30,
    "y": 24,
    "e1x": 30,
    "e1y": 22,
    "lmx": 30,
    "lmy": 22,
    "l1x": 30,
    "l1y": 22,
    "l4x": 30,
    "l4y": 24,
    "l5x": 30,
    "l5y": 24
  }, {
    "data": 1000012,
    "id": 500000279,
    "lvl": 6,
    "x": 22,
    "y": 34,
    "e1x": 25,
    "e1y": 16,
    "lmx": 25,
    "lmy": 16,
    "l1x": 25,
    "l1y": 16,
    "l4x": 22,
    "l4y": 34,
    "l5x": 23,
    "l5y": 34
  }, {
    "data": 1000011,
    "id": 500000280,
    "lvl": 7,
    "x": 28,
    "y": 34,
    "e1x": 32,
    "e1y": 31,
    "lmx": 32,
    "lmy": 31,
    "l1x": 32,
    "l1y": 31,
    "l4x": 28,
    "l4y": 34,
    "l5x": 20,
    "l5y": 34
  }, {
    "data": 1000026,
    "id": 500000281,
    "lvl": 5,
    "boost_t": 494,
    "x": 38,
    "y": 19,
    "unit_prod": { "unit_type": 0 },
    "e1x": 18,
    "e1y": 12,
    "lmx": 39,
    "lmy": 14,
    "l1x": 18,
    "l1y": 12,
    "l4x": 38,
    "l4y": 19,
    "l5x": 38,
    "l5y": 19
  }, {
    "data": 1000009,
    "id": 500000282,
    "lvl": 11,
    "x": 16,
    "y": 13,
    "e1x": 34,
    "e1y": 18,
    "lmx": 34,
    "lmy": 18,
    "l1x": 34,
    "l1y": 18,
    "l4x": 31,
    "l4y": 34,
    "l5x": 16,
    "l5y": 13
  }, {
    "data": 1000003,
    "id": 500000283,
    "lvl": 10,
    "x": 16,
    "y": 27,
    "e1x": 15,
    "e1y": 39,
    "lmx": 22,
    "lmy": 20,
    "l1x": 15,
    "l1y": 39,
    "l4x": 16,
    "l4y": 27,
    "l5x": 16,
    "l5y": 27
  }, {
    "data": 1000023,
    "id": 500000284,
    "lvl": 5,
    "boost_t": 83350,
    "x": 25,
    "y": 31,
    "res_time": 64773,
    "e1x": 8,
    "e1y": 33,
    "lmx": 18,
    "lmy": 12,
    "l1x": 8,
    "l1y": 33,
    "l4x": 31,
    "l4y": 18,
    "l5x": 25,
    "l5y": 31
  }, {
    "data": 1000019,
    "id": 500000285,
    "lvl": 7,
    "x": 28,
    "y": 20,
    "e1x": 29,
    "e1y": 19,
    "lmx": 29,
    "lmy": 19,
    "l1x": 29,
    "l1y": 19,
    "l4x": 28,
    "l4y": 20,
    "l5x": 28,
    "l5y": 20
  }, {
    "data": 1000005,
    "id": 500000286,
    "lvl": 10,
    "x": 31,
    "y": 17,
    "e1x": 18,
    "e1y": 15,
    "lmx": 22,
    "lmy": 16,
    "l1x": 18,
    "l1y": 15,
    "l4x": 31,
    "l4y": 24,
    "l5x": 31,
    "l5y": 17
  }, {
    "data": 1000015,
    "id": 500000287,
    "lvl": 0,
    "x": 17,
    "y": 16,
    "e1x": 17,
    "e1y": 9,
    "lmx": 18,
    "lmy": 8,
    "l1x": 17,
    "l1y": 9,
    "l4x": 17,
    "l4y": 16,
    "l5x": 17,
    "l5y": 16
  }, {
    "data": 1000023,
    "id": 500000288,
    "lvl": 5,
    "boost_t": 83350,
    "x": 22,
    "y": 16,
    "res_time": 64634,
    "e1x": 25,
    "e1y": 39,
    "lmx": 22,
    "lmy": 35,
    "l1x": 25,
    "l1y": 39,
    "l4x": 22,
    "l4y": 16,
    "l5x": 22,
    "l5y": 16
  }, {
    "data": 1000025,
    "id": 500000289,
    "lvl": 0,
    "x": 23,
    "y": 20,
    "e1x": 31,
    "e1y": 22,
    "lmx": 35,
    "lmy": 25,
    "l1x": 31,
    "l1y": 22,
    "l4x": 25,
    "l4y": 20,
    "l5x": 23,
    "l5y": 20
  }, {
    "data": 1000010,
    "id": 500000290,
    "lvl": 8,
    "x": 24,
    "y": 11,
    "e1x": 24,
    "e1y": 11,
    "lmx": 24,
    "lmy": 11,
    "l1x": 24,
    "l1y": 11,
    "l4x": 24,
    "l4y": 12,
    "l5x": 24,
    "l5y": 12
  }, {
    "data": 1000010,
    "id": 500000291,
    "lvl": 8,
    "x": 25,
    "y": 11,
    "e1x": 24,
    "e1y": 38,
    "lmx": 24,
    "lmy": 38,
    "l1x": 24,
    "l1y": 38,
    "l4x": 25,
    "l4y": 12,
    "l5x": 25,
    "l5y": 12
  }, {
    "data": 1000010,
    "id": 500000292,
    "lvl": 8,
    "x": 26,
    "y": 11,
    "e1x": 26,
    "e1y": 38,
    "lmx": 26,
    "lmy": 38,
    "l1x": 26,
    "l1y": 38,
    "l4x": 26,
    "l4y": 12,
    "l5x": 26,
    "l5y": 12
  }, {
    "data": 1000010,
    "id": 500000293,
    "lvl": 8,
    "x": 27,
    "y": 11,
    "e1x": 25,
    "e1y": 38,
    "lmx": 25,
    "lmy": 38,
    "l1x": 25,
    "l1y": 38,
    "l4x": 27,
    "l4y": 12,
    "l5x": 27,
    "l5y": 12
  }, {
    "data": 1000010,
    "id": 500000294,
    "lvl": 8,
    "x": 30,
    "y": 25,
    "e1x": 28,
    "e1y": 19,
    "lmx": 28,
    "lmy": 19,
    "l1x": 28,
    "l1y": 19,
    "l4x": 30,
    "l4y": 25,
    "l5x": 30,
    "l5y": 25
  }, {
    "data": 1000010,
    "id": 500000295,
    "lvl": 8,
    "x": 30,
    "y": 26,
    "e1x": 21,
    "e1y": 21,
    "lmx": 21,
    "lmy": 21,
    "l1x": 21,
    "l1y": 21,
    "l4x": 30,
    "l4y": 26,
    "l5x": 30,
    "l5y": 26
  }, {
    "data": 1000010,
    "id": 500000296,
    "lvl": 8,
    "x": 30,
    "y": 27,
    "e1x": 21,
    "e1y": 19,
    "lmx": 21,
    "lmy": 19,
    "l1x": 21,
    "l1y": 19,
    "l4x": 30,
    "l4y": 27,
    "l5x": 30,
    "l5y": 27
  }, {
    "data": 1000010,
    "id": 500000297,
    "lvl": 8,
    "x": 28,
    "y": 11,
    "e1x": 11,
    "e1y": 23,
    "lmx": 11,
    "lmy": 23,
    "l1x": 11,
    "l1y": 23,
    "l4x": 28,
    "l4y": 12,
    "l5x": 28,
    "l5y": 12
  }, {
    "data": 1000010,
    "id": 500000298,
    "lvl": 8,
    "x": 30,
    "y": 28,
    "e1x": 26,
    "e1y": 19,
    "lmx": 26,
    "lmy": 19,
    "l1x": 26,
    "l1y": 19,
    "l4x": 30,
    "l4y": 28,
    "l5x": 30,
    "l5y": 28
  }, {
    "data": 1000010,
    "id": 500000299,
    "lvl": 8,
    "x": 30,
    "y": 29,
    "e1x": 25,
    "e1y": 19,
    "lmx": 25,
    "lmy": 19,
    "l1x": 25,
    "l1y": 19,
    "l4x": 30,
    "l4y": 29,
    "l5x": 30,
    "l5y": 29
  }, {
    "data": 1000010,
    "id": 500000300,
    "lvl": 8,
    "x": 30,
    "y": 30,
    "e1x": 24,
    "e1y": 19,
    "lmx": 24,
    "lmy": 19,
    "l1x": 24,
    "l1y": 19,
    "l4x": 30,
    "l4y": 30,
    "l5x": 30,
    "l5y": 30
  }, {
    "data": 1000010,
    "id": 500000301,
    "lvl": 8,
    "x": 29,
    "y": 30,
    "e1x": 23,
    "e1y": 19,
    "lmx": 23,
    "lmy": 19,
    "l1x": 23,
    "l1y": 19,
    "l4x": 29,
    "l4y": 30,
    "l5x": 29,
    "l5y": 30
  }, {
    "data": 1000010,
    "id": 500000302,
    "lvl": 8,
    "x": 29,
    "y": 11,
    "e1x": 11,
    "e1y": 22,
    "lmx": 11,
    "lmy": 22,
    "l1x": 11,
    "l1y": 22,
    "l4x": 29,
    "l4y": 12,
    "l5x": 29,
    "l5y": 12
  }, {
    "data": 1000010,
    "id": 500000303,
    "lvl": 8,
    "x": 30,
    "y": 11,
    "e1x": 38,
    "e1y": 22,
    "lmx": 38,
    "lmy": 22,
    "l1x": 38,
    "l1y": 22,
    "l4x": 30,
    "l4y": 12,
    "l5x": 30,
    "l5y": 12
  }, {
    "data": 1000010,
    "id": 500000304,
    "lvl": 8,
    "x": 28,
    "y": 30,
    "e1x": 31,
    "e1y": 21,
    "lmx": 31,
    "lmy": 21,
    "l1x": 31,
    "l1y": 21,
    "l4x": 28,
    "l4y": 30,
    "l5x": 28,
    "l5y": 30
  }, {
    "data": 1000010,
    "id": 500000305,
    "lvl": 8,
    "x": 27,
    "y": 30,
    "e1x": 31,
    "e1y": 28,
    "lmx": 31,
    "lmy": 28,
    "l1x": 31,
    "l1y": 28,
    "l4x": 27,
    "l4y": 30,
    "l5x": 27,
    "l5y": 30
  }, {
    "data": 1000010,
    "id": 500000306,
    "lvl": 8,
    "x": 31,
    "y": 11,
    "e1x": 22,
    "e1y": 38,
    "lmx": 22,
    "lmy": 38,
    "l1x": 22,
    "l1y": 38,
    "l4x": 31,
    "l4y": 12,
    "l5x": 31,
    "l5y": 12
  }, {
    "data": 1000010,
    "id": 500000307,
    "lvl": 8,
    "x": 32,
    "y": 11,
    "e1x": 38,
    "e1y": 21,
    "lmx": 38,
    "lmy": 21,
    "l1x": 38,
    "l1y": 21,
    "l4x": 32,
    "l4y": 12,
    "l5x": 32,
    "l5y": 12
  }, {
    "data": 1000010,
    "id": 500000308,
    "lvl": 8,
    "x": 13,
    "y": 13,
    "e1x": 22,
    "e1y": 11,
    "lmx": 22,
    "lmy": 11,
    "l1x": 22,
    "l1y": 11,
    "l4x": 15,
    "l4y": 14,
    "l5x": 13,
    "l5y": 13
  }, {
    "data": 1000010,
    "id": 500000309,
    "lvl": 8,
    "x": 26,
    "y": 30,
    "e1x": 19,
    "e1y": 23,
    "lmx": 19,
    "lmy": 23,
    "l1x": 19,
    "l1y": 23,
    "l4x": 26,
    "l4y": 30,
    "l5x": 26,
    "l5y": 30
  }, {
    "data": 1000010,
    "id": 500000310,
    "lvl": 8,
    "x": 25,
    "y": 30,
    "e1x": 19,
    "e1y": 24,
    "lmx": 19,
    "lmy": 24,
    "l1x": 19,
    "l1y": 24,
    "l4x": 25,
    "l4y": 30,
    "l5x": 25,
    "l5y": 30
  }, {
    "data": 1000010,
    "id": 500000311,
    "lvl": 8,
    "x": 24,
    "y": 30,
    "e1x": 19,
    "e1y": 25,
    "lmx": 19,
    "lmy": 25,
    "l1x": 19,
    "l1y": 25,
    "l4x": 24,
    "l4y": 30,
    "l5x": 24,
    "l5y": 30
  }, {
    "data": 1000010,
    "id": 500000312,
    "lvl": 8,
    "x": 23,
    "y": 30,
    "e1x": 19,
    "e1y": 26,
    "lmx": 19,
    "lmy": 26,
    "l1x": 19,
    "l1y": 26,
    "l4x": 23,
    "l4y": 30,
    "l5x": 23,
    "l5y": 30
  }, {
    "data": 1000010,
    "id": 500000313,
    "lvl": 8,
    "x": 22,
    "y": 30,
    "e1x": 19,
    "e1y": 27,
    "lmx": 19,
    "lmy": 27,
    "l1x": 19,
    "l1y": 27,
    "l4x": 22,
    "l4y": 30,
    "l5x": 22,
    "l5y": 30
  }, {
    "data": 1000010,
    "id": 500000314,
    "lvl": 8,
    "x": 21,
    "y": 30,
    "e1x": 19,
    "e1y": 21,
    "lmx": 19,
    "lmy": 21,
    "l1x": 19,
    "l1y": 21,
    "l4x": 21,
    "l4y": 30,
    "l5x": 21,
    "l5y": 30
  }, {
    "data": 1000012,
    "id": 500000315,
    "lvl": 6,
    "x": 34,
    "y": 22,
    "e1x": 22,
    "e1y": 31,
    "lmx": 22,
    "lmy": 31,
    "l1x": 22,
    "l1y": 31,
    "l4x": 34,
    "l4y": 25,
    "l5x": 34,
    "l5y": 22
  }, {
    "data": 1000021,
    "id": 500000316,
    "lvl": 3,
    "x": 20,
    "y": 20,
    "attack_mode": true,
    "attack_mode_draft": true,
    "attack_mode_war": true,
    "attack_mode_draft_war": true,
    "attack_mode2": true,
    "attack_mode_d2": true,
    "attack_mode3": true,
    "attack_mode_d3": false,
    "attack_mode4": true,
    "attack_mode_d4": true,
    "attack_mode5": false,
    "attack_mode_d5": false,
    "ammo": 1500,
    "e1x": 25,
    "e1y": 20,
    "lmx": 25,
    "lmy": 20,
    "l1x": 25,
    "l1y": 20,
    "l4x": 20,
    "l4y": 20,
    "l5x": 22,
    "l5y": 27
  }, {
    "data": 1000003,
    "id": 500000317,
    "lvl": 10,
    "x": 27,
    "y": 16,
    "e1x": 32,
    "e1y": 34,
    "lmx": 29,
    "lmy": 15,
    "l1x": 32,
    "l1y": 34,
    "l4x": 28,
    "l4y": 31,
    "l5x": 27,
    "l5y": 16
  }, {
    "data": 1000005,
    "id": 500000318,
    "lvl": 10,
    "x": 31,
    "y": 29,
    "e1x": 34,
    "e1y": 15,
    "lmx": 25,
    "lmy": 31,
    "l1x": 34,
    "l1y": 15,
    "l4x": 31,
    "l4y": 29,
    "l5x": 31,
    "l5y": 29
  }, {
    "data": 1000009,
    "id": 500000319,
    "lvl": 11,
    "x": 31,
    "y": 14,
    "e1x": 29,
    "e1y": 12,
    "lmx": 29,
    "lmy": 12,
    "l1x": 29,
    "l1y": 12,
    "l4x": 31,
    "l4y": 13,
    "l5x": 31,
    "l5y": 14
  }, {
    "data": 1000021,
    "id": 500000320,
    "lvl": 3,
    "x": 27,
    "y": 27,
    "attack_mode": true,
    "attack_mode_draft": true,
    "attack_mode_war": true,
    "attack_mode_draft_war": true,
    "attack_mode2": true,
    "attack_mode_d2": true,
    "attack_mode3": true,
    "attack_mode_d3": true,
    "attack_mode4": true,
    "attack_mode_d4": true,
    "attack_mode5": true,
    "attack_mode_d5": true,
    "ammo": 1500,
    "e1x": 25,
    "e1y": 27,
    "lmx": 20,
    "lmy": 23,
    "l1x": 25,
    "l1y": 27,
    "l4x": 27,
    "l4y": 24,
    "l5x": 27,
    "l5y": 27
  }, {
    "data": 1000019,
    "id": 500000321,
    "lvl": 7,
    "x": 20,
    "y": 28,
    "e1x": 29,
    "e1y": 29,
    "lmx": 29,
    "lmy": 29,
    "l1x": 29,
    "l1y": 29,
    "l4x": 20,
    "l4y": 28,
    "l5x": 20,
    "l5y": 28
  }, {
    "data": 1000011,
    "id": 500000322,
    "lvl": 7,
    "x": 19,
    "y": 13,
    "e1x": 29,
    "e1y": 15,
    "lmx": 34,
    "lmy": 15,
    "l1x": 29,
    "l1y": 15,
    "l4x": 34,
    "l4y": 19,
    "l5x": 19,
    "l5y": 13
  }, {
    "data": 1000028,
    "id": 500000323,
    "lvl": 4,
    "x": 34,
    "y": 28,
    "aim_angle": 0,
    "aim_angle_draft": 0,
    "aim_angle_war": 0,
    "aim_angle_draft_war": 0,
    "aim_angle2": 180,
    "aim_angle_d2": 180,
    "aim_angle3": 0,
    "aim_angle_d3": 0,
    "aim_angle4": 225,
    "aim_angle_d4": 225,
    "aim_angle5": 0,
    "aim_angle_d5": 0,
    "e1x": 22,
    "e1y": 17,
    "lmx": 32,
    "lmy": 18,
    "l1x": 22,
    "l1y": 17,
    "l4x": 28,
    "l4y": 22,
    "l5x": 34,
    "l5y": 28
  }, {
    "data": 1000028,
    "id": 500000324,
    "lvl": 4,
    "x": 20,
    "y": 26,
    "aim_angle": 315,
    "aim_angle_draft": 315,
    "aim_angle_war": 180,
    "aim_angle_draft_war": 180,
    "aim_angle2": 0,
    "aim_angle_d2": 0,
    "aim_angle3": 180,
    "aim_angle_d3": 180,
    "aim_angle4": 45,
    "aim_angle_d4": 45,
    "aim_angle5": 180,
    "aim_angle_d5": 180,
    "e1x": 32,
    "e1y": 29,
    "lmx": 32,
    "lmy": 29,
    "l1x": 32,
    "l1y": 29,
    "l4x": 20,
    "l4y": 26,
    "l5x": 20,
    "l5y": 26
  }, {
    "data": 1000029,
    "id": 500000325,
    "lvl": 2,
    "boost_t": 478,
    "x": 16,
    "y": 38,
    "units": [],
    "unit_prod": { "unit_type": 1 },
    "e1x": 18,
    "e1y": 32,
    "lmx": 31,
    "lmy": 38,
    "l1x": 18,
    "l1y": 32,
    "l4x": 9,
    "l4y": 23,
    "l5x": 16,
    "l5y": 38
  }, {
    "data": 1000027,
    "id": 500000326,
    "lvl": 2,
    "x": 25,
    "y": 28,
    "attack_mode": false,
    "attack_mode_draft": false,
    "attack_mode_war": true,
    "attack_mode_draft_war": true,
    "attack_mode2": true,
    "attack_mode_d2": true,
    "attack_mode3": false,
    "attack_mode_d3": false,
    "attack_mode4": true,
    "attack_mode_d4": true,
    "attack_mode5": false,
    "attack_mode_d5": false,
    "ammo": 1000,
    "e1x": 28,
    "e1y": 26,
    "lmx": 28,
    "lmy": 26,
    "l1x": 28,
    "l1y": 26,
    "l4x": 23,
    "l4y": 20,
    "l5x": 25,
    "l5y": 28
  }, {
    "data": 1000027,
    "id": 500000327,
    "lvl": 2,
    "x": 26,
    "y": 20,
    "attack_mode": true,
    "attack_mode_draft": true,
    "attack_mode_war": true,
    "attack_mode_draft_war": true,
    "attack_mode2": true,
    "attack_mode_d2": true,
    "attack_mode3": true,
    "attack_mode_d3": true,
    "attack_mode4": false,
    "attack_mode_d4": false,
    "attack_mode5": true,
    "attack_mode_d5": true,
    "ammo": 1000,
    "e1x": 20,
    "e1y": 26,
    "lmx": 20,
    "lmy": 26,
    "l1x": 20,
    "l1y": 26,
    "l4x": 25,
    "l4y": 28,
    "l5x": 26,
    "l5y": 20
  }, {
    "data": 1000021,
    "id": 500000328,
    "lvl": 3,
    "x": 22,
    "y": 27,
    "attack_mode": true,
    "attack_mode_draft": true,
    "attack_mode_war": true,
    "attack_mode_draft_war": true,
    "attack_mode2": true,
    "attack_mode_d2": true,
    "attack_mode3": false,
    "attack_mode_d3": true,
    "attack_mode4": true,
    "attack_mode_d4": true,
    "attack_mode5": true,
    "attack_mode_d5": true,
    "ammo": 1500,
    "e1x": 20,
    "e1y": 23,
    "lmx": 25,
    "lmy": 27,
    "l1x": 20,
    "l1y": 23,
    "l4x": 22,
    "l4y": 27,
    "l5x": 20,
    "l5y": 20
  }, {
    "data": 1000009,
    "id": 500000329,
    "lvl": 11,
    "x": 13,
    "y": 15,
    "e1x": 8,
    "e1y": 23,
    "lmx": 12,
    "lmy": 25,
    "l1x": 8,
    "l1y": 23,
    "l4x": 34,
    "l4y": 31,
    "l5x": 13,
    "l5y": 15
  }, {
    "data": 1000008,
    "id": 500000330,
    "lvl": 11,
    "x": 34,
    "y": 16,
    "e1x": 20,
    "e1y": 8,
    "lmx": 12,
    "lmy": 17,
    "l1x": 20,
    "l1y": 8,
    "l4x": 34,
    "l4y": 16,
    "l5x": 34,
    "l5y": 16
  }, {
    "data": 1000002,
    "id": 500000331,
    "lvl": 11,
    "x": 31,
    "y": 26,
    "res_time": 205631,
    "lmx": 8,
    "lmy": 14,
    "l4x": 31,
    "l4y": 21,
    "l5x": 31,
    "l5y": 26
  }, {
    "data": 1000004,
    "id": 500000332,
    "lvl": 11,
    "x": 19,
    "y": 8,
    "res_time": 205633,
    "lmx": 8,
    "lmy": 18,
    "l4x": 25,
    "l4y": 38,
    "l5x": 19,
    "l5y": 9
  }, {
    "data": 1000023,
    "id": 500000333,
    "lvl": 5,
    "boost_t": 83350,
    "x": 16,
    "y": 21,
    "res_time": 64628,
    "lmx": 25,
    "lmy": 12,
    "l4x": 22,
    "l4y": 31,
    "l5x": 16,
    "l5y": 21
  }, {
    "data": 1000010,
    "id": 500000334,
    "lvl": 8,
    "x": 34,
    "y": 12,
    "lmx": 6,
    "lmy": 38,
    "l4x": 34,
    "l4y": 12,
    "l5x": 34,
    "l5y": 12
  }, {
    "data": 1000010,
    "id": 500000335,
    "lvl": 8,
    "x": 33,
    "y": 11,
    "lmx": 6,
    "lmy": 37,
    "l4x": 33,
    "l4y": 12,
    "l5x": 33,
    "l5y": 12
  }, {
    "data": 1000010,
    "id": 500000336,
    "lvl": 8,
    "x": 12,
    "y": 29,
    "lmx": 6,
    "lmy": 36,
    "l4x": 12,
    "l4y": 29,
    "l5x": 12,
    "l5y": 29
  }, {
    "data": 1000010,
    "id": 500000337,
    "lvl": 8,
    "x": 12,
    "y": 31,
    "lmx": 6,
    "lmy": 35,
    "l4x": 12,
    "l4y": 31,
    "l5x": 12,
    "l5y": 31
  }, {
    "data": 1000010,
    "id": 500000338,
    "lvl": 8,
    "x": 12,
    "y": 32,
    "lmx": 6,
    "lmy": 34,
    "l4x": 12,
    "l4y": 32,
    "l5x": 12,
    "l5y": 32
  }, {
    "data": 1000010,
    "id": 500000339,
    "lvl": 8,
    "x": 12,
    "y": 33,
    "lmx": 6,
    "lmy": 33,
    "l4x": 12,
    "l4y": 33,
    "l5x": 12,
    "l5y": 33
  }, {
    "data": 1000010,
    "id": 500000340,
    "lvl": 8,
    "x": 11,
    "y": 34,
    "lmx": 6,
    "lmy": 32,
    "l4x": 12,
    "l4y": 34,
    "l5x": 11,
    "l5y": 34
  }, {
    "data": 1000010,
    "id": 500000341,
    "lvl": 8,
    "x": 13,
    "y": 35,
    "lmx": 6,
    "lmy": 31,
    "l4x": 13,
    "l4y": 34,
    "l5x": 13,
    "l5y": 35
  }, {
    "data": 1000010,
    "id": 500000342,
    "lvl": 8,
    "x": 12,
    "y": 34,
    "lmx": 6,
    "lmy": 30,
    "l4x": 14,
    "l4y": 34,
    "l5x": 12,
    "l5y": 34
  }, {
    "data": 1000010,
    "id": 500000343,
    "lvl": 7,
    "x": 35,
    "y": 42,
    "lmx": 6,
    "lmy": 29,
    "l4x": 40,
    "l4y": 39,
    "l5x": 35,
    "l5y": 42
  }, {
    "data": 1000010,
    "id": 500000344,
    "lvl": 8,
    "x": 14,
    "y": 36,
    "lmx": 6,
    "lmy": 28,
    "l4x": 15,
    "l4y": 35,
    "l5x": 14,
    "l5y": 36
  }, {
    "data": 1000010,
    "id": 500000345,
    "lvl": 8,
    "x": 14,
    "y": 37,
    "lmx": 6,
    "lmy": 27,
    "l4x": 15,
    "l4y": 36,
    "l5x": 14,
    "l5y": 37
  }, {
    "data": 1000010,
    "id": 500000346,
    "lvl": 7,
    "x": 42,
    "y": 14,
    "lmx": 6,
    "lmy": 26,
    "l4x": 40,
    "l4y": 40,
    "l5x": 42,
    "l5y": 14
  }, {
    "data": 1000010,
    "id": 500000347,
    "lvl": 8,
    "x": 16,
    "y": 37,
    "lmx": 6,
    "lmy": 25,
    "l4x": 16,
    "l4y": 37,
    "l5x": 16,
    "l5y": 37
  }, {
    "data": 1000010,
    "id": 500000348,
    "lvl": 7,
    "x": 7,
    "y": 14,
    "lmx": 6,
    "lmy": 24,
    "l4x": 8,
    "l4y": 8,
    "l5x": 7,
    "l5y": 14
  }, {
    "data": 1000010,
    "id": 500000349,
    "lvl": 7,
    "x": 36,
    "y": 7,
    "lmx": 6,
    "lmy": 23,
    "l4x": 10,
    "l4y": 8,
    "l5x": 36,
    "l5y": 7
  }, {
    "data": 1000010,
    "id": 500000350,
    "lvl": 8,
    "x": 35,
    "y": 7,
    "lmx": 6,
    "lmy": 22,
    "l4x": 12,
    "l4y": 8,
    "l5x": 35,
    "l5y": 7
  }, {
    "data": 1000010,
    "id": 500000351,
    "lvl": 7,
    "x": 14,
    "y": 7,
    "lmx": 6,
    "lmy": 14,
    "l4x": 11,
    "l4y": 8,
    "l5x": 14,
    "l5y": 7
  }, {
    "data": 1000010,
    "id": 500000352,
    "lvl": 7,
    "x": 7,
    "y": 13,
    "lmx": 6,
    "lmy": 21,
    "l4x": 9,
    "l4y": 8,
    "l5x": 7,
    "l5y": 13
  }, {
    "data": 1000010,
    "id": 500000353,
    "lvl": 7,
    "x": 7,
    "y": 35,
    "lmx": 6,
    "lmy": 20,
    "l4x": 8,
    "l4y": 10,
    "l5x": 7,
    "l5y": 35
  }, {
    "data": 1000010,
    "id": 500000354,
    "lvl": 8,
    "x": 7,
    "y": 36,
    "lmx": 6,
    "lmy": 19,
    "l4x": 8,
    "l4y": 11,
    "l5x": 7,
    "l5y": 36
  }, {
    "data": 1000010,
    "id": 500000355,
    "lvl": 7,
    "x": 42,
    "y": 36,
    "lmx": 6,
    "lmy": 18,
    "l4x": 37,
    "l4y": 40,
    "l5x": 42,
    "l5y": 36
  }, {
    "data": 1000010,
    "id": 500000356,
    "lvl": 7,
    "x": 13,
    "y": 42,
    "lmx": 6,
    "lmy": 17,
    "l4x": 36,
    "l4y": 40,
    "l5x": 13,
    "l5y": 42
  }, {
    "data": 1000010,
    "id": 500000357,
    "lvl": 7,
    "x": 14,
    "y": 42,
    "lmx": 6,
    "lmy": 16,
    "l4x": 35,
    "l4y": 40,
    "l5x": 14,
    "l5y": 42
  }, {
    "data": 1000010,
    "id": 500000358,
    "lvl": 7,
    "x": 13,
    "y": 7,
    "lmx": 6,
    "lmy": 15,
    "l4x": 8,
    "l4y": 9,
    "l5x": 13,
    "l5y": 7
  }
  ],
  "obstacles": [],
  "traps": [
  {
    "data": 12000000,
    "id": 504000000,
    "lvl": 5,
    "x": 22,
    "y": 9,
    "e1x": 24,
    "e1y": 17,
    "lmx": 35,
    "lmy": 35,
    "l1x": 24,
    "l1y": 17,
    "l4x": 8,
    "l4y": 24,
    "l5x": 8,
    "l5y": 42
  }, {
    "data": 12000000,
    "id": 504000001,
    "lvl": 5,
    "x": 10,
    "y": 22,
    "e1x": 31,
    "e1y": 32,
    "lmx": 20,
    "lmy": 9,
    "l1x": 31,
    "l1y": 32,
    "l4x": 8,
    "l4y": 23,
    "l5x": 41,
    "l5y": 7
  }, {
    "data": 12000000,
    "id": 504000002,
    "lvl": 5,
    "x": 22,
    "y": 8,
    "e1x": 12,
    "e1y": 29,
    "lmx": 12,
    "lmy": 29,
    "l1x": 12,
    "l1y": 29,
    "l4x": 9,
    "l4y": 22,
    "l5x": 8,
    "l5y": 7
  }, {
    "data": 12000000,
    "id": 504000003,
    "lvl": 5,
    "x": 8,
    "y": 17,
    "e1x": 14,
    "e1y": 29,
    "lmx": 14,
    "lmy": 29,
    "l1x": 14,
    "l1y": 29,
    "l4x": 6,
    "l4y": 25,
    "l5x": 8,
    "l5y": 16
  }, {
    "data": 12000001,
    "id": 504000004,
    "lvl": 0,
    "x": 22,
    "y": 10,
    "e1x": 13,
    "e1y": 29,
    "lmx": 41,
    "lmy": 23,
    "l1x": 13,
    "l1y": 29,
    "l4x": 21,
    "l4y": 32,
    "l5x": 22,
    "l5y": 11
  }, {
    "data": 12000001,
    "id": 504000005,
    "lvl": 0,
    "x": 14,
    "y": 33,
    "e1x": 32,
    "e1y": 20,
    "lmx": 21,
    "lmy": 22,
    "l1x": 32,
    "l1y": 20,
    "l4x": 30,
    "l4y": 18,
    "l5x": 15,
    "l5y": 36
  }, {
    "data": 12000005,
    "id": 504000006,
    "lvl": 3,
    "x": 36,
    "y": 28,
    "e1x": 24,
    "e1y": 18,
    "lmx": 17,
    "lmy": 20,
    "l1x": 24,
    "l1y": 18,
    "l4x": 33,
    "l4y": 28,
    "l5x": 31,
    "l5y": 20
  }, {
    "data": 12000005,
    "id": 504000007,
    "lvl": 3,
    "x": 21,
    "y": 31,
    "e1x": 16,
    "e1y": 20,
    "lmx": 13,
    "lmy": 29,
    "l1x": 16,
    "l1y": 20,
    "l4x": 24,
    "l4y": 22,
    "l5x": 21,
    "l5y": 31
  }, {
    "data": 12000002,
    "id": 504000008,
    "lvl": 3,
    "x": 34,
    "y": 34,
    "e1x": 16,
    "e1y": 15,
    "lmx": 30,
    "lmy": 35,
    "l1x": 16,
    "l1y": 15,
    "l4x": 16,
    "l4y": 32,
    "l5x": 16,
    "l5y": 30
  }, {
    "data": 12000001,
    "id": 504000009,
    "lvl": 0,
    "x": 16,
    "y": 16,
    "e1x": 29,
    "e1y": 22,
    "lmx": 29,
    "lmy": 22,
    "l1x": 29,
    "l1y": 22,
    "l4x": 16,
    "l4y": 16,
    "l5x": 8,
    "l5y": 24
  }, {
    "data": 12000001,
    "id": 504000010,
    "lvl": 0,
    "x": 38,
    "y": 14,
    "e1x": 18,
    "e1y": 40,
    "lmx": 41,
    "lmy": 27,
    "l1x": 18,
    "l1y": 40,
    "l4x": 9,
    "l4y": 21,
    "l5x": 36,
    "l5y": 15
  }, {
    "data": 12000006,
    "id": 504000011,
    "lvl": 2,
    "x": 30,
    "y": 16,
    "e1x": 15,
    "e1y": 20,
    "lmx": 16,
    "lmy": 20,
    "l1x": 15,
    "l1y": 20,
    "l4x": 22,
    "l4y": 26,
    "l5x": 30,
    "l5y": 16
  }, {
    "data": 12000000,
    "id": 504000012,
    "lvl": 5,
    "x": 15,
    "y": 13,
    "e1x": 12,
    "e1y": 33,
    "lmx": 12,
    "lmy": 33,
    "l1x": 12,
    "l1y": 33,
    "l4x": 6,
    "l4y": 26,
    "l5x": 15,
    "l5y": 13
  }, {
    "data": 12000002,
    "id": 504000013,
    "lvl": 3,
    "x": 16,
    "y": 31,
    "e1x": 13,
    "e1y": 33,
    "lmx": 13,
    "lmy": 33,
    "l1x": 13,
    "l1y": 33,
    "l4x": 16,
    "l4y": 30,
    "l5x": 13,
    "l5y": 30
  }, {
    "data": 12000000,
    "id": 504000014,
    "lvl": 5,
    "x": 31,
    "y": 12,
    "e1x": 35,
    "e1y": 36,
    "lmx": 35,
    "lmy": 36,
    "l1x": 35,
    "l1y": 36,
    "l4x": 6,
    "l4y": 24,
    "l5x": 6,
    "l5y": 24
  }, {
    "data": 12000001,
    "id": 504000015,
    "lvl": 0,
    "x": 38,
    "y": 35,
    "e1x": 14,
    "e1y": 40,
    "lmx": 41,
    "lmy": 31,
    "l1x": 14,
    "l1y": 40,
    "l4x": 8,
    "l4y": 28,
    "l5x": 8,
    "l5y": 23
  }, {
    "data": 12000001,
    "id": 504000016,
    "lvl": 0,
    "x": 26,
    "y": 12,
    "e1x": 18,
    "e1y": 39,
    "lmx": 33,
    "lmy": 20,
    "l1x": 18,
    "l1y": 39,
    "l4x": 8,
    "l4y": 27,
    "l5x": 34,
    "l5y": 34
  }, {
    "data": 12000002,
    "id": 504000017,
    "lvl": 3,
    "x": 32,
    "y": 32,
    "e1x": 32,
    "e1y": 18,
    "lmx": 16,
    "lmy": 15,
    "l1x": 32,
    "l1y": 18,
    "l4x": 31,
    "l4y": 32,
    "l5x": 32,
    "l5y": 32
  }, {
    "data": 12000006,
    "id": 504000018,
    "lvl": 2,
    "x": 21,
    "y": 32,
    "e1x": 33,
    "e1y": 20,
    "lmx": 32,
    "lmy": 20,
    "l1x": 33,
    "l1y": 20,
    "l4x": 25,
    "l4y": 16,
    "l5x": 21,
    "l5y": 32
  }, {
    "data": 12000008,
    "id": 504000019,
    "lvl": 2,
    "air_mode": true,
    "air_mode_draft": true,
    "air_mode_war": false,
    "air_mode_draft_war": false,
    "air_mode2": false,
    "air_mode_d2": false,
    "air_mode3": false,
    "air_mode_d3": false,
    "air_mode4": false,
    "air_mode_d4": false,
    "air_mode5": false,
    "air_mode_d5": false,
    "x": 26,
    "y": 16,
    "e1x": 29,
    "e1y": 36,
    "lmx": 29,
    "lmy": 36,
    "l1x": 29,
    "l1y": 36,
    "l4x": 10,
    "l4y": 40,
    "l5x": 26,
    "l5y": 27
  }, {
    "data": 12000008,
    "id": 504000020,
    "lvl": 2,
    "air_mode": true,
    "air_mode_draft": true,
    "air_mode_war": true,
    "air_mode_draft_war": true,
    "air_mode2": false,
    "air_mode_d2": false,
    "air_mode3": true,
    "air_mode_d3": true,
    "air_mode4": true,
    "air_mode_d4": true,
    "air_mode5": false,
    "air_mode_d5": false,
    "x": 30,
    "y": 18,
    "e1x": 20,
    "e1y": 22,
    "lmx": 20,
    "lmy": 22,
    "l1x": 20,
    "l1y": 22,
    "l4x": 33,
    "l4y": 33,
    "l5x": 27,
    "l5y": 22
  }, {
    "data": 12000005,
    "id": 504000021,
    "lvl": 3,
    "x": 28,
    "y": 12,
    "e1x": 22,
    "e1y": 16,
    "lmx": 15,
    "lmy": 20,
    "l1x": 22,
    "l1y": 16,
    "l4x": 25,
    "l4y": 27,
    "l5x": 25,
    "l5y": 16
  }, {
    "data": 12000005,
    "id": 504000022,
    "lvl": 3,
    "x": 24,
    "y": 12,
    "e1x": 23,
    "e1y": 16,
    "lmx": 15,
    "lmy": 16,
    "l1x": 23,
    "l1y": 16,
    "l4x": 26,
    "l4y": 27,
    "l5x": 27,
    "l5y": 23
  }, {
    "data": 12000002,
    "id": 504000023,
    "lvl": 3,
    "x": 34,
    "y": 14,
    "e1x": 32,
    "e1y": 16,
    "lmx": 32,
    "lmy": 15,
    "l1x": 32,
    "l1y": 16,
    "l4x": 32,
    "l4y": 16,
    "l5x": 34,
    "l5y": 14
  }, {
    "data": 12000006,
    "id": 504000024,
    "lvl": 2,
    "x": 10,
    "y": 21,
    "e1x": 34,
    "e1y": 29,
    "lmx": 34,
    "lmy": 29,
    "l1x": 34,
    "l1y": 29,
    "l4x": 27,
    "l4y": 23,
    "l5x": 18,
    "l5y": 30
  }, {
    "data": 12000006,
    "id": 504000025,
    "lvl": 2,
    "x": 33,
    "y": 13,
    "e1x": 24,
    "e1y": 16,
    "lmx": 28,
    "lmy": 22,
    "l1x": 24,
    "l1y": 16,
    "l4x": 23,
    "l4y": 22,
    "l5x": 33,
    "l5y": 13
  }, {
    "data": 12000002,
    "id": 504000026,
    "lvl": 3,
    "x": 32,
    "y": 20,
    "lmx": 29,
    "lmy": 38,
    "l4x": 30,
    "l4y": 16,
    "l5x": 32,
    "l5y": 20
  }, {
    "data": 12000008,
    "id": 504000027,
    "lvl": 2,
    "air_mode": true,
    "air_mode_draft": true,
    "air_mode_war": false,
    "air_mode_draft_war": false,
    "air_mode2": false,
    "air_mode_d2": false,
    "air_mode3": false,
    "air_mode_d3": false,
    "air_mode4": false,
    "air_mode_d4": false,
    "air_mode5": false,
    "air_mode_d5": false,
    "x": 26,
    "y": 27,
    "lmx": 10,
    "lmy": 21,
    "l4x": 40,
    "l4y": 41,
    "l5x": 5,
    "l5y": 23
  }, {
    "data": 12000006,
    "id": 504000028,
    "lvl": 2,
    "x": 33,
    "y": 25,
    "lmx": 27,
    "lmy": 26,
    "l4x": 33,
    "l4y": 27,
    "l5x": 35,
    "l5y": 30
  }, {
    "data": 12000005,
    "id": 504000029,
    "lvl": 3,
    "x": 36,
    "y": 29,
    "lmx": 12,
    "lmy": 34,
    "l4x": 33,
    "l4y": 32,
    "l5x": 31,
    "l5y": 21
  }
  ],
  "decos": [
  {
    "data": 18000001,
    "id": 506000000,
    "x": 8,
    "y": 13,
    "e1x": 35,
    "e1y": 38,
    "lmx": 10,
    "lmy": 5,
    "l1x": 35,
    "l1y": 38,
    "l4x": 8,
    "l4y": 13,
    "l5x": 8,
    "l5y": 13
  }, {
    "data": 18000007,
    "id": 506000001,
    "x": 13,
    "y": 8,
    "e1x": 40,
    "e1y": 34,
    "lmx": 6,
    "lmy": 11,
    "l1x": 40,
    "l1y": 34,
    "l4x": 13,
    "l4y": 8,
    "l5x": 13,
    "l5y": 8
  }
  ],
  "respawnVars": {
    "secondsFromLastRespawn": 6919,
    "respawnSeed": 561632405,
    "obstacleClearCounter": 7,
    "time_to_gembox_drop": 566943,
    "time_in_gembox_period": 467775
  },
  "cooldowns": [],
  "newShopBuildings": [
    4, 0, 7, 4, 7, 4, 4, 1, 6, 7, 275, 4, 4, 4, 1, 5, 0, 0, 0, 4, 1, 3, 1, 3, 1, 1, 2, 2, 2, 1, 0,
    0
  ],
  "newShopTraps": [6, 6, 5, 0, 0, 5, 5, 0, 3],
  "newShopDecos": [
    1, 4, 0, 0, 1, 0, 0, 0, 0, 0, 0, 0, 0, 0, 0, 0, 0, 0, 0, 0, 0, 0, 0, 0, 0, 0, 0, 0, 0, 0, 0, 0, 0, 0, 0, 0, 0
  ],
  "last_league_rank": 16,
  "last_alliance_level": 6,
  "last_league_shuffle": 1,
  "last_season_seen": 0,
  "last_news_seen": 221,
  "troop_req_msg": "石人&地震",
  "war_tutorials_seen": 0,
  "war_base": true,
  "account_flags": 14,
  "bool_layout_edit_shown_erase": true
}