{
  "exp_ver": 1,
  "active_layout": 2,
  "war_layout": 5,
  "layout_state": [0, 0, 0, 0, 0, 0],
  "buildings": [
  {
    "data": 1000001,
    "id": 500000000,
    "lvl": 9,
    "x": 23,
    "y": 23,
    "lmx": 5,
    "lmy": 41,
    "l1x": 20,
    "l1y": 22,
    "l3x": 5,
    "l3y": 41,
    "l4x": 23,
    "l4y": 23,
    "l5x": 23,
    "l5y": 23
  }, {
    "data": 1000004,
    "id": 500000001,
    "lvl": 11,
    "x": 18,
    "y": 42,
    "res_time": 205692,
    "lmx": 38,
    "lmy": 21,
    "l1x": 15,
    "l1y": 38,
    "l3x": 38,
    "l3y": 21,
    "l5x": 18,
    "l5y": 42
  }, {
    "data": 1000000,
    "id": 500000002,
    "lvl": 7,
    "x": 9,
    "y": 37,
    "units": [[4000006, 2], [4000004, 3], [4000011, 1], [4000015, 3]],
    "lmx": 33,
    "lmy": 7,
    "l1x": 39,
    "l1y": 11,
    "l3x": 33,
    "l3y": 7,
    "l5x": 10,
    "l5y": 36
  }, {
    "data": 1000015,
    "id": 500000003,
    "lvl": 0,
    "x": 17,
    "y": 34,
    "lmx": 5,
    "lmy": 32,
    "l1x": 39,
    "l1y": 9,
    "l3x": 6,
    "l3y": 32,
    "l5x": 17,
    "l5y": 34
  }, {
    "data": 1000014,
    "id": 500000004,
    "lvl": 5,
    "x": 19,
    "y": 19,
    "lmx": 21,
    "lmy": 24,
    "l1x": 24,
    "l1y": 23,
    "l3x": 21,
    "l3y": 24,
    "l4x": 20,
    "l4y": 20,
    "l5x": 19,
    "l5y": 19
  }, {
    "data": 1000008,
    "id": 500000005,
    "lvl": 12,
    "x": 10,
    "y": 30,
    "lmx": 38,
    "lmy": 16,
    "l1x": 11,
    "l1y": 24,
    "l3x": 38,
    "l3y": 17,
    "l5x": 10,
    "l5y": 30
  }, {
    "data": 1000015,
    "id": 500000006,
    "lvl": 0,
    "x": 15,
    "y": 32,
    "lmx": 7,
    "lmy": 32,
    "l1x": 9,
    "l1y": 15,
    "l3x": 6,
    "l3y": 28,
    "l5x": 15,
    "l5y": 32
  }, {
    "data": 1000002,
    "id": 500000007,
    "lvl": 11,
    "x": 30,
    "y": 42,
    "res_time": 205692,
    "lmx": 6,
    "lmy": 22,
    "l1x": 12,
    "l1y": 36,
    "l3x": 6,
    "l3y": 21,
    "l5x": 30,
    "l5y": 42
  }, {
    "data": 1000003,
    "id": 500000008,
    "lvl": 10,
    "x": 17,
    "y": 28,
    "lmx": 27,
    "lmy": 31,
    "l1x": 10,
    "l1y": 12,
    "l3x": 28,
    "l3y": 31,
    "l4x": 16,
    "l4y": 25,
    "l5x": 17,
    "l5y": 28
  }, {
    "data": 1000005,
    "id": 500000009,
    "lvl": 10,
    "x": 16,
    "y": 25,
    "lmx": 21,
    "lmy": 31,
    "l1x": 10,
    "l1y": 33,
    "l3x": 21,
    "l3y": 31,
    "l4x": 17,
    "l4y": 28,
    "l5x": 16,
    "l5y": 25
  }, {
    "data": 1000006,
    "id": 500000010,
    "lvl": 9,
    "x": 7,
    "y": 25,
    "unit_prod": { "unit_type": 0 },
    "lmx": 15,
    "lmy": 9,
    "l1x": 40,
    "l1y": 19,
    "l3x": 15,
    "l3y": 9,
    "l5x": 7,
    "l5y": 25
  }, {
    "data": 1000002,
    "id": 500000011,
    "lvl": 11,
    "x": 31,
    "y": 34,
    "res_time": 205692,
    "lmx": 42,
    "lmy": 20,
    "l1x": 11,
    "l1y": 9,
    "l3x": 15,
    "l3y": 36,
    "l5x": 31,
    "l5y": 34
  }, {
    "data": 1000004,
    "id": 500000012,
    "lvl": 11,
    "x": 39,
    "y": 39,
    "res_time": 205692,
    "lmx": 35,
    "lmy": 30,
    "l1x": 29,
    "l1y": 41,
    "l3x": 20,
    "l3y": 14,
    "l5x": 39,
    "l5y": 39
  }, {
    "data": 1000008,
    "id": 500000013,
    "lvl": 12,
    "x": 38,
    "y": 18,
    "lmx": 20,
    "lmy": 14,
    "l1x": 24,
    "l1y": 13,
    "l3x": 10,
    "l3y": 18,
    "l5x": 38,
    "l5y": 18
  }, {
    "data": 1000010,
    "id": 500000014,
    "lvl": 10,
    "x": 26,
    "y": 19,
    "lmx": 16,
    "lmy": 12,
    "l1x": 14,
    "l1y": 27,
    "l3x": 16,
    "l3y": 12,
    "l5x": 26,
    "l5y": 19
  }, {
    "data": 1000010,
    "id": 500000015,
    "lvl": 10,
    "x": 17,
    "y": 38,
    "lmx": 13,
    "lmy": 21,
    "l1x": 15,
    "l1y": 29,
    "l3x": 13,
    "l3y": 21,
    "l5x": 17,
    "l5y": 38
  }, {
    "data": 1000010,
    "id": 500000016,
    "lvl": 10,
    "x": 17,
    "y": 39,
    "lmx": 14,
    "lmy": 13,
    "l1x": 14,
    "l1y": 25,
    "l3x": 14,
    "l3y": 13,
    "l5x": 17,
    "l5y": 39
  }, {
    "data": 1000010,
    "id": 500000017,
    "lvl": 10,
    "x": 17,
    "y": 40,
    "lmx": 14,
    "lmy": 14,
    "l1x": 14,
    "l1y": 24,
    "l3x": 14,
    "l3y": 14,
    "l5x": 17,
    "l5y": 40
  }, {
    "data": 1000010,
    "id": 500000018,
    "lvl": 10,
    "x": 17,
    "y": 41,
    "lmx": 14,
    "lmy": 15,
    "l1x": 15,
    "l1y": 27,
    "l3x": 14,
    "l3y": 15,
    "l5x": 17,
    "l5y": 41
  }, {
    "data": 1000010,
    "id": 500000019,
    "lvl": 10,
    "x": 18,
    "y": 41,
    "lmx": 14,
    "lmy": 16,
    "l1x": 14,
    "l1y": 26,
    "l3x": 14,
    "l3y": 16,
    "l5x": 18,
    "l5y": 41
  }, {
    "data": 1000010,
    "id": 500000020,
    "lvl": 10,
    "x": 19,
    "y": 41,
    "lmx": 14,
    "lmy": 17,
    "l1x": 15,
    "l1y": 15,
    "l3x": 14,
    "l3y": 17,
    "l5x": 19,
    "l5y": 41
  }, {
    "data": 1000010,
    "id": 500000021,
    "lvl": 10,
    "x": 20,
    "y": 41,
    "lmx": 13,
    "lmy": 17,
    "l1x": 14,
    "l1y": 15,
    "l3x": 13,
    "l3y": 17,
    "l5x": 20,
    "l5y": 41
  }, {
    "data": 1000010,
    "id": 500000022,
    "lvl": 10,
    "x": 21,
    "y": 41,
    "lmx": 12,
    "lmy": 17,
    "l1x": 14,
    "l1y": 13,
    "l3x": 12,
    "l3y": 17,
    "l5x": 21,
    "l5y": 41
  }, {
    "data": 1000010,
    "id": 500000023,
    "lvl": 10,
    "x": 17,
    "y": 37,
    "lmx": 41,
    "lmy": 26,
    "l1x": 13,
    "l1y": 32,
    "l3x": 41,
    "l3y": 26,
    "l4x": 31,
    "l4y": 17,
    "l5x": 17,
    "l5y": 37
  }, {
    "data": 1000010,
    "id": 500000024,
    "lvl": 10,
    "x": 30,
    "y": 13,
    "lmx": 41,
    "lmy": 25,
    "l1x": 15,
    "l1y": 31,
    "l3x": 41,
    "l3y": 25,
    "l4x": 31,
    "l4y": 16,
    "l5x": 30,
    "l5y": 13
  }, {
    "data": 1000010,
    "id": 500000025,
    "lvl": 10,
    "x": 21,
    "y": 40,
    "lmx": 11,
    "lmy": 17,
    "l1x": 37,
    "l1y": 11,
    "l3x": 11,
    "l3y": 17,
    "l5x": 21,
    "l5y": 40
  }, {
    "data": 1000010,
    "id": 500000026,
    "lvl": 10,
    "x": 21,
    "y": 39,
    "lmx": 10,
    "lmy": 17,
    "l1x": 14,
    "l1y": 12,
    "l3x": 10,
    "l3y": 17,
    "l5x": 21,
    "l5y": 39
  }, {
    "data": 1000010,
    "id": 500000027,
    "lvl": 10,
    "x": 31,
    "y": 13,
    "lmx": 37,
    "lmy": 26,
    "l1x": 13,
    "l1y": 31,
    "l3x": 37,
    "l3y": 26,
    "l4x": 30,
    "l4y": 16,
    "l5x": 31,
    "l5y": 13
  }, {
    "data": 1000010,
    "id": 500000028,
    "lvl": 10,
    "x": 32,
    "y": 13,
    "lmx": 37,
    "lmy": 27,
    "l1x": 17,
    "l1y": 11,
    "l3x": 37,
    "l3y": 27,
    "l4x": 29,
    "l4y": 16,
    "l5x": 32,
    "l5y": 13
  }, {
    "data": 1000010,
    "id": 500000029,
    "lvl": 10,
    "x": 33,
    "y": 13,
    "lmx": 37,
    "lmy": 28,
    "l1x": 14,
    "l1y": 31,
    "l3x": 37,
    "l3y": 28,
    "l4x": 18,
    "l4y": 31,
    "l5x": 33,
    "l5y": 13
  }, {
    "data": 1000010,
    "id": 500000030,
    "lvl": 10,
    "x": 29,
    "y": 13,
    "lmx": 36,
    "lmy": 36,
    "l1x": 18,
    "l1y": 37,
    "l3x": 36,
    "l3y": 36,
    "l4x": 17,
    "l4y": 31,
    "l5x": 29,
    "l5y": 13
  }, {
    "data": 1000010,
    "id": 500000031,
    "lvl": 10,
    "x": 37,
    "y": 26,
    "lmx": 35,
    "lmy": 29,
    "l1x": 17,
    "l1y": 37,
    "l3x": 35,
    "l3y": 29,
    "l4x": 16,
    "l4y": 31,
    "l5x": 37,
    "l5y": 26
  }, {
    "data": 1000010,
    "id": 500000032,
    "lvl": 10,
    "x": 37,
    "y": 28,
    "lmx": 41,
    "lmy": 16,
    "l1x": 20,
    "l1y": 37,
    "l3x": 41,
    "l3y": 16,
    "l4x": 16,
    "l4y": 29,
    "l5x": 37,
    "l5y": 28
  }, {
    "data": 1000010,
    "id": 500000033,
    "lvl": 10,
    "x": 37,
    "y": 30,
    "lmx": 41,
    "lmy": 15,
    "l1x": 22,
    "l1y": 37,
    "l3x": 41,
    "l3y": 15,
    "l4x": 31,
    "l4y": 29,
    "l5x": 37,
    "l5y": 30
  }, {
    "data": 1000010,
    "id": 500000034,
    "lvl": 10,
    "x": 37,
    "y": 32,
    "lmx": 36,
    "lmy": 29,
    "l1x": 31,
    "l1y": 39,
    "l3x": 36,
    "l3y": 29,
    "l4x": 31,
    "l4y": 30,
    "l5x": 37,
    "l5y": 32
  }, {
    "data": 1000010,
    "id": 500000035,
    "lvl": 10,
    "x": 21,
    "y": 38,
    "lmx": 14,
    "lmy": 12,
    "l1x": 15,
    "l1y": 28,
    "l3x": 14,
    "l3y": 12,
    "l5x": 21,
    "l5y": 38
  }, {
    "data": 1000010,
    "id": 500000036,
    "lvl": 10,
    "x": 17,
    "y": 36,
    "lmx": 9,
    "lmy": 17,
    "l1x": 14,
    "l1y": 14,
    "l3x": 9,
    "l3y": 17,
    "l5x": 17,
    "l5y": 36
  }, {
    "data": 1000010,
    "id": 500000037,
    "lvl": 10,
    "x": 12,
    "y": 12,
    "lmx": 9,
    "lmy": 18,
    "l1x": 17,
    "l1y": 30,
    "l3x": 9,
    "l3y": 18,
    "l5x": 12,
    "l5y": 12
  }, {
    "data": 1000010,
    "id": 500000038,
    "lvl": 10,
    "x": 16,
    "y": 36,
    "lmx": 9,
    "lmy": 19,
    "l1x": 15,
    "l1y": 16,
    "l3x": 9,
    "l3y": 19,
    "l5x": 16,
    "l5y": 36
  }, {
    "data": 1000010,
    "id": 500000039,
    "lvl": 10,
    "x": 16,
    "y": 35,
    "lmx": 9,
    "lmy": 20,
    "l1x": 16,
    "l1y": 16,
    "l3x": 9,
    "l3y": 20,
    "l5x": 16,
    "l5y": 35
  }, {
    "data": 1000010,
    "id": 500000040,
    "lvl": 10,
    "x": 15,
    "y": 35,
    "lmx": 9,
    "lmy": 21,
    "l1x": 17,
    "l1y": 16,
    "l3x": 9,
    "l3y": 21,
    "l5x": 15,
    "l5y": 35
  }, {
    "data": 1000010,
    "id": 500000041,
    "lvl": 10,
    "x": 15,
    "y": 34,
    "lmx": 9,
    "lmy": 22,
    "l1x": 18,
    "l1y": 16,
    "l3x": 9,
    "l3y": 22,
    "l5x": 15,
    "l5y": 34
  }, {
    "data": 1000010,
    "id": 500000042,
    "lvl": 10,
    "x": 14,
    "y": 34,
    "lmx": 9,
    "lmy": 23,
    "l1x": 19,
    "l1y": 16,
    "l3x": 9,
    "l3y": 23,
    "l5x": 14,
    "l5y": 34
  }, {
    "data": 1000010,
    "id": 500000043,
    "lvl": 10,
    "x": 14,
    "y": 33,
    "lmx": 9,
    "lmy": 24,
    "l1x": 20,
    "l1y": 16,
    "l3x": 9,
    "l3y": 24,
    "l5x": 14,
    "l5y": 33
  }, {
    "data": 1000010,
    "id": 500000044,
    "lvl": 10,
    "x": 11,
    "y": 29,
    "lmx": 9,
    "lmy": 25,
    "l1x": 38,
    "l1y": 11,
    "l3x": 9,
    "l3y": 25,
    "l5x": 11,
    "l5y": 29
  }, {
    "data": 1000010,
    "id": 500000045,
    "lvl": 10,
    "x": 10,
    "y": 29,
    "lmx": 9,
    "lmy": 26,
    "l1x": 36,
    "l1y": 11,
    "l3x": 9,
    "l3y": 26,
    "l5x": 10,
    "l5y": 29
  }, {
    "data": 1000010,
    "id": 500000046,
    "lvl": 10,
    "x": 9,
    "y": 29,
    "lmx": 9,
    "lmy": 27,
    "l1x": 35,
    "l1y": 11,
    "l3x": 9,
    "l3y": 27,
    "l5x": 9,
    "l5y": 29
  }, {
    "data": 1000004,
    "id": 500000047,
    "lvl": 11,
    "x": 16,
    "y": 19,
    "res_time": 205692,
    "lmx": 10,
    "lmy": 18,
    "l1x": 42,
    "l1y": 28,
    "l3x": 13,
    "l3y": 18,
    "l5x": 16,
    "l5y": 19
  }, {
    "data": 1000002,
    "id": 500000048,
    "lvl": 11,
    "x": 19,
    "y": 16,
    "res_time": 205692,
    "lmx": 6,
    "lmy": 27,
    "l1x": 24,
    "l1y": 5,
    "l3x": 28,
    "l3y": 35,
    "l4x": 13,
    "l4y": 25,
    "l5x": 19,
    "l5y": 16
  }, {
    "data": 1000003,
    "id": 500000049,
    "lvl": 10,
    "x": 25,
    "y": 16,
    "lmx": 31,
    "lmy": 23,
    "l1x": 18,
    "l1y": 34,
    "l3x": 31,
    "l3y": 23,
    "l4x": 28,
    "l4y": 17,
    "l5x": 25,
    "l5y": 16
  }, {
    "data": 1000005,
    "id": 500000050,
    "lvl": 10,
    "x": 28,
    "y": 17,
    "lmx": 31,
    "lmy": 26,
    "l1x": 24,
    "l1y": 31,
    "l3x": 31,
    "l3y": 26,
    "l4x": 25,
    "l4y": 16,
    "l5x": 28,
    "l5y": 17
  }, {
    "data": 1000010,
    "id": 500000051,
    "lvl": 10,
    "x": 9,
    "y": 30,
    "lmx": 9,
    "lmy": 28,
    "l1x": 34,
    "l1y": 11,
    "l3x": 9,
    "l3y": 28,
    "l5x": 9,
    "l5y": 30
  }, {
    "data": 1000010,
    "id": 500000052,
    "lvl": 10,
    "x": 9,
    "y": 31,
    "lmx": 9,
    "lmy": 29,
    "l1x": 33,
    "l1y": 11,
    "l3x": 9,
    "l3y": 29,
    "l5x": 9,
    "l5y": 31
  }, {
    "data": 1000010,
    "id": 500000053,
    "lvl": 10,
    "x": 29,
    "y": 38,
    "lmx": 9,
    "lmy": 30,
    "l1x": 32,
    "l1y": 11,
    "l3x": 9,
    "l3y": 30,
    "l5x": 29,
    "l5y": 38
  }, {
    "data": 1000010,
    "id": 500000054,
    "lvl": 10,
    "x": 37,
    "y": 34,
    "lmx": 36,
    "lmy": 37,
    "l1x": 32,
    "l1y": 39,
    "l3x": 36,
    "l3y": 37,
    "l4x": 31,
    "l4y": 31,
    "l5x": 37,
    "l5y": 34
  }, {
    "data": 1000010,
    "id": 500000055,
    "lvl": 10,
    "x": 29,
    "y": 39,
    "lmx": 9,
    "lmy": 31,
    "l1x": 19,
    "l1y": 9,
    "l3x": 9,
    "l3y": 31,
    "l5x": 29,
    "l5y": 39
  }, {
    "data": 1000010,
    "id": 500000056,
    "lvl": 10,
    "x": 37,
    "y": 36,
    "lmx": 37,
    "lmy": 25,
    "l1x": 23,
    "l1y": 37,
    "l3x": 37,
    "l3y": 25,
    "l4x": 30,
    "l4y": 31,
    "l5x": 37,
    "l5y": 36
  }, {
    "data": 1000010,
    "id": 500000057,
    "lvl": 10,
    "x": 36,
    "y": 37,
    "lmx": 37,
    "lmy": 24,
    "l1x": 21,
    "l1y": 37,
    "l3x": 37,
    "l3y": 24,
    "l4x": 29,
    "l4y": 31,
    "l5x": 36,
    "l5y": 37
  }, {
    "data": 1000010,
    "id": 500000058,
    "lvl": 10,
    "x": 34,
    "y": 37,
    "lmx": 37,
    "lmy": 22,
    "l1x": 12,
    "l1y": 31,
    "l3x": 37,
    "l3y": 22,
    "l4x": 31,
    "l4y": 18,
    "l5x": 34,
    "l5y": 37
  }, {
    "data": 1000010,
    "id": 500000059,
    "lvl": 10,
    "x": 29,
    "y": 40,
    "lmx": 9,
    "lmy": 32,
    "l1x": 20,
    "l1y": 9,
    "l3x": 9,
    "l3y": 32,
    "l5x": 29,
    "l5y": 40
  }, {
    "data": 1000010,
    "id": 500000060,
    "lvl": 10,
    "x": 29,
    "y": 41,
    "lmx": 9,
    "lmy": 33,
    "l1x": 40,
    "l1y": 27,
    "l3x": 9,
    "l3y": 33,
    "l5x": 29,
    "l5y": 41
  }, {
    "data": 1000010,
    "id": 500000061,
    "lvl": 10,
    "x": 30,
    "y": 41,
    "lmx": 9,
    "lmy": 34,
    "l1x": 22,
    "l1y": 9,
    "l3x": 9,
    "l3y": 34,
    "l5x": 30,
    "l5y": 41
  }, {
    "data": 1000010,
    "id": 500000062,
    "lvl": 10,
    "x": 31,
    "y": 41,
    "lmx": 9,
    "lmy": 35,
    "l1x": 11,
    "l1y": 15,
    "l3x": 9,
    "l3y": 35,
    "l5x": 31,
    "l5y": 41
  }, {
    "data": 1000010,
    "id": 500000063,
    "lvl": 10,
    "x": 32,
    "y": 41,
    "lmx": 27,
    "lmy": 35,
    "l1x": 11,
    "l1y": 27,
    "l3x": 27,
    "l3y": 35,
    "l5x": 32,
    "l5y": 41
  }, {
    "data": 1000010,
    "id": 500000064,
    "lvl": 10,
    "x": 33,
    "y": 41,
    "lmx": 27,
    "lmy": 36,
    "l1x": 32,
    "l1y": 26,
    "l3x": 27,
    "l3y": 36,
    "l5x": 33,
    "l5y": 41
  }, {
    "data": 1000010,
    "id": 500000065,
    "lvl": 10,
    "x": 33,
    "y": 40,
    "lmx": 27,
    "lmy": 37,
    "l1x": 13,
    "l1y": 15,
    "l3x": 27,
    "l3y": 37,
    "l5x": 33,
    "l5y": 40
  }, {
    "data": 1000010,
    "id": 500000066,
    "lvl": 10,
    "x": 33,
    "y": 39,
    "lmx": 36,
    "lmy": 38,
    "l1x": 11,
    "l1y": 28,
    "l3x": 36,
    "l3y": 38,
    "l5x": 33,
    "l5y": 39
  }, {
    "data": 1000010,
    "id": 500000067,
    "lvl": 10,
    "x": 33,
    "y": 38,
    "lmx": 27,
    "lmy": 40,
    "l1x": 11,
    "l1y": 30,
    "l3x": 27,
    "l3y": 40,
    "l5x": 33,
    "l5y": 38
  }, {
    "data": 1000009,
    "id": 500000068,
    "lvl": 12,
    "x": 17,
    "y": 31,
    "lmx": 34,
    "lmy": 16,
    "l1x": 24,
    "l1y": 36,
    "l3x": 34,
    "l3y": 16,
    "l5x": 17,
    "l5y": 31
  }, {
    "data": 1000013,
    "id": 500000069,
    "lvl": 7,
    "x": 34,
    "y": 24,
    "lmx": 34,
    "lmy": 21,
    "l1x": 20,
    "l1y": 13,
    "l3x": 34,
    "l3y": 21,
    "l5x": 34,
    "l5y": 24
  }, {
    "data": 1000007,
    "id": 500000070,
    "lvl": 7,
    "x": 8,
    "y": 8,
    "lmx": 38,
    "lmy": 8,
    "l1x": 34,
    "l1y": 6,
    "l3x": 38,
    "l3y": 8,
    "l4x": 8,
    "l4y": 8,
    "l5x": 8,
    "l5y": 8
  }, {
    "data": 1000006,
    "id": 500000071,
    "lvl": 9,
    "x": 26,
    "y": 40,
    "unit_prod": { "unit_type": 0 },
    "lmx": 20,
    "lmy": 9,
    "l1x": 20,
    "l1y": 6,
    "l3x": 20,
    "l3y": 9,
    "l5x": 26,
    "l5y": 40
  }, {
    "data": 1000000,
    "id": 500000072,
    "lvl": 7,
    "x": 34,
    "y": 39,
    "units": [[4000006, 2], [4000004, 1], [4000013, 1], [4000011, 4]],
    "lmx": 13,
    "lmy": 39,
    "l1x": 14,
    "l1y": 5,
    "l3x": 13,
    "l3y": 39,
    "l5x": 34,
    "l5y": 39
  }, {
    "data": 1000010,
    "id": 500000073,
    "lvl": 10,
    "x": 38,
    "y": 33,
    "lmx": 27,
    "lmy": 39,
    "l1x": 21,
    "l1y": 16,
    "l3x": 27,
    "l3y": 39,
    "l5x": 38,
    "l5y": 33
  }, {
    "data": 1000010,
    "id": 500000074,
    "lvl": 10,
    "x": 39,
    "y": 33,
    "lmx": 11,
    "lmy": 35,
    "l1x": 32,
    "l1y": 35,
    "l3x": 11,
    "l3y": 35,
    "l5x": 39,
    "l5y": 33
  }, {
    "data": 1000010,
    "id": 500000075,
    "lvl": 10,
    "x": 40,
    "y": 33,
    "lmx": 10,
    "lmy": 35,
    "l1x": 36,
    "l1y": 31,
    "l3x": 10,
    "l3y": 35,
    "l5x": 40,
    "l5y": 33
  }, {
    "data": 1000010,
    "id": 500000076,
    "lvl": 10,
    "x": 41,
    "y": 33,
    "lmx": 12,
    "lmy": 35,
    "l1x": 38,
    "l1y": 12,
    "l3x": 12,
    "l3y": 35,
    "l5x": 41,
    "l5y": 33
  }, {
    "data": 1000010,
    "id": 500000077,
    "lvl": 10,
    "x": 41,
    "y": 32,
    "lmx": 27,
    "lmy": 41,
    "l1x": 21,
    "l1y": 9,
    "l3x": 27,
    "l3y": 41,
    "l5x": 41,
    "l5y": 32
  }, {
    "data": 1000010,
    "id": 500000078,
    "lvl": 10,
    "x": 41,
    "y": 31,
    "lmx": 26,
    "lmy": 41,
    "l1x": 12,
    "l1y": 15,
    "l3x": 26,
    "l3y": 41,
    "l5x": 41,
    "l5y": 31
  }, {
    "data": 1000010,
    "id": 500000079,
    "lvl": 10,
    "x": 41,
    "y": 30,
    "lmx": 25,
    "lmy": 41,
    "l1x": 11,
    "l1y": 17,
    "l3x": 25,
    "l3y": 41,
    "l5x": 41,
    "l5y": 30
  }, {
    "data": 1000010,
    "id": 500000080,
    "lvl": 10,
    "x": 41,
    "y": 29,
    "lmx": 24,
    "lmy": 41,
    "l1x": 25,
    "l1y": 16,
    "l3x": 24,
    "l3y": 41,
    "l5x": 41,
    "l5y": 29
  }, {
    "data": 1000010,
    "id": 500000081,
    "lvl": 10,
    "x": 40,
    "y": 29,
    "lmx": 23,
    "lmy": 41,
    "l1x": 11,
    "l1y": 18,
    "l3x": 23,
    "l3y": 41,
    "l5x": 40,
    "l5y": 29
  }, {
    "data": 1000010,
    "id": 500000082,
    "lvl": 10,
    "x": 39,
    "y": 29,
    "lmx": 22,
    "lmy": 41,
    "l1x": 11,
    "l1y": 16,
    "l3x": 22,
    "l3y": 41,
    "l5x": 39,
    "l5y": 29
  }, {
    "data": 1000010,
    "id": 500000083,
    "lvl": 10,
    "x": 38,
    "y": 29,
    "lmx": 21,
    "lmy": 41,
    "l1x": 35,
    "l1y": 20,
    "l3x": 21,
    "l3y": 41,
    "l5x": 38,
    "l5y": 29
  }, {
    "data": 1000010,
    "id": 500000084,
    "lvl": 10,
    "x": 38,
    "y": 21,
    "lmx": 20,
    "lmy": 41,
    "l1x": 37,
    "l1y": 18,
    "l3x": 20,
    "l3y": 41,
    "l5x": 38,
    "l5y": 21
  }, {
    "data": 1000010,
    "id": 500000085,
    "lvl": 10,
    "x": 39,
    "y": 21,
    "lmx": 19,
    "lmy": 41,
    "l1x": 32,
    "l1y": 16,
    "l3x": 19,
    "l3y": 41,
    "l5x": 39,
    "l5y": 21
  }, {
    "data": 1000010,
    "id": 500000086,
    "lvl": 10,
    "x": 40,
    "y": 21,
    "lmx": 18,
    "lmy": 41,
    "l1x": 32,
    "l1y": 15,
    "l3x": 18,
    "l3y": 41,
    "l5x": 40,
    "l5y": 21
  }, {
    "data": 1000010,
    "id": 500000087,
    "lvl": 10,
    "x": 41,
    "y": 21,
    "lmx": 18,
    "lmy": 40,
    "l1x": 32,
    "l1y": 14,
    "l3x": 18,
    "l3y": 40,
    "l5x": 41,
    "l5y": 21
  }, {
    "data": 1000010,
    "id": 500000088,
    "lvl": 10,
    "x": 41,
    "y": 20,
    "lmx": 18,
    "lmy": 39,
    "l1x": 32,
    "l1y": 13,
    "l3x": 18,
    "l3y": 39,
    "l5x": 41,
    "l5y": 20
  }, {
    "data": 1000010,
    "id": 500000089,
    "lvl": 10,
    "x": 41,
    "y": 19,
    "lmx": 18,
    "lmy": 38,
    "l1x": 32,
    "l1y": 12,
    "l3x": 18,
    "l3y": 38,
    "l5x": 41,
    "l5y": 19
  }, {
    "data": 1000010,
    "id": 500000090,
    "lvl": 10,
    "x": 41,
    "y": 18,
    "lmx": 18,
    "lmy": 37,
    "l1x": 40,
    "l1y": 31,
    "l3x": 18,
    "l3y": 37,
    "l5x": 41,
    "l5y": 18
  }, {
    "data": 1000010,
    "id": 500000091,
    "lvl": 10,
    "x": 41,
    "y": 17,
    "lmx": 18,
    "lmy": 36,
    "l1x": 32,
    "l1y": 10,
    "l3x": 18,
    "l3y": 36,
    "l5x": 41,
    "l5y": 17
  }, {
    "data": 1000010,
    "id": 500000092,
    "lvl": 10,
    "x": 40,
    "y": 17,
    "lmx": 18,
    "lmy": 35,
    "l1x": 32,
    "l1y": 9,
    "l3x": 18,
    "l3y": 35,
    "l5x": 40,
    "l5y": 17
  }, {
    "data": 1000010,
    "id": 500000093,
    "lvl": 10,
    "x": 39,
    "y": 17,
    "lmx": 19,
    "lmy": 34,
    "l1x": 23,
    "l1y": 13,
    "l3x": 19,
    "l3y": 34,
    "l5x": 39,
    "l5y": 17
  }, {
    "data": 1000010,
    "id": 500000094,
    "lvl": 10,
    "x": 38,
    "y": 17,
    "lmx": 20,
    "lmy": 34,
    "l1x": 11,
    "l1y": 19,
    "l3x": 20,
    "l3y": 34,
    "l5x": 38,
    "l5y": 17
  }, {
    "data": 1000010,
    "id": 500000095,
    "lvl": 10,
    "x": 36,
    "y": 17,
    "lmx": 13,
    "lmy": 35,
    "l1x": 19,
    "l1y": 24,
    "l3x": 13,
    "l3y": 35,
    "l5x": 36,
    "l5y": 17
  }, {
    "data": 1000010,
    "id": 500000096,
    "lvl": 10,
    "x": 36,
    "y": 16,
    "lmx": 13,
    "lmy": 34,
    "l1x": 19,
    "l1y": 25,
    "l3x": 13,
    "l3y": 34,
    "l5x": 36,
    "l5y": 16
  }, {
    "data": 1000010,
    "id": 500000097,
    "lvl": 10,
    "x": 35,
    "y": 16,
    "lmx": 13,
    "lmy": 33,
    "l1x": 19,
    "l1y": 26,
    "l3x": 13,
    "l3y": 33,
    "l5x": 35,
    "l5y": 16
  }, {
    "data": 1000012,
    "id": 500000098,
    "lvl": 7,
    "x": 19,
    "y": 34,
    "lmx": 31,
    "lmy": 17,
    "l1x": 31,
    "l1y": 18,
    "l3x": 31,
    "l3y": 17,
    "l5x": 19,
    "l5y": 34
  }, {
    "data": 1000009,
    "id": 500000099,
    "lvl": 12,
    "x": 30,
    "y": 38,
    "lmx": 10,
    "lmy": 22,
    "l1x": 12,
    "l1y": 16,
    "l3x": 10,
    "l3y": 22,
    "l5x": 30,
    "l5y": 38
  }, {
    "data": 1000002,
    "id": 500000100,
    "lvl": 11,
    "x": 5,
    "y": 19,
    "res_time": 205692,
    "lmx": 6,
    "lmy": 17,
    "l1x": 24,
    "l1y": 42,
    "l3x": 6,
    "l3y": 17,
    "l4x": 7,
    "l4y": 26,
    "l5x": 5,
    "l5y": 19
  }, {
    "data": 1000004,
    "id": 500000101,
    "lvl": 11,
    "x": 42,
    "y": 18,
    "res_time": 205692,
    "lmx": 10,
    "lmy": 27,
    "l1x": 42,
    "l1y": 23,
    "l3x": 10,
    "l3y": 27,
    "l4x": 25,
    "l4y": 13,
    "l5x": 42,
    "l5y": 18
  }, {
    "data": 1000006,
    "id": 500000102,
    "lvl": 9,
    "x": 40,
    "y": 26,
    "unit_prod": { "unit_type": 0 },
    "lmx": 28,
    "lmy": 39,
    "l1x": 6,
    "l1y": 14,
    "l3x": 34,
    "l3y": 39,
    "l5x": 40,
    "l5y": 26
  }, {
    "data": 1000015,
    "id": 500000103,
    "lvl": 0,
    "x": 32,
    "y": 15,
    "lmx": 6,
    "lmy": 34,
    "l1x": 9,
    "l1y": 31,
    "l3x": 6,
    "l3y": 24,
    "l5x": 32,
    "l5y": 15
  }, {
    "data": 1000000,
    "id": 500000104,
    "lvl": 7,
    "x": 39,
    "y": 34,
    "units": [[4000006, 6], [4000004, 2], [4000013, 1], [4000011, 1]],
    "lmx": 9,
    "lmy": 12,
    "l1x": 18,
    "l1y": 38,
    "l3x": 9,
    "l3y": 12,
    "l5x": 39,
    "l5y": 34
  }, {
    "data": 1000008,
    "id": 500000105,
    "lvl": 12,
    "x": 13,
    "y": 17,
    "lmx": 10,
    "lmy": 31,
    "l1x": 15,
    "l1y": 12,
    "l3x": 10,
    "l3y": 31,
    "l4x": 13,
    "l4y": 22,
    "l5x": 13,
    "l5y": 17
  }, {
    "data": 1000010,
    "id": 500000106,
    "lvl": 10,
    "x": 33,
    "y": 12,
    "lmx": 13,
    "lmy": 32,
    "l1x": 19,
    "l1y": 27,
    "l3x": 13,
    "l3y": 32,
    "l5x": 33,
    "l5y": 12
  }, {
    "data": 1000010,
    "id": 500000107,
    "lvl": 10,
    "x": 33,
    "y": 11,
    "lmx": 13,
    "lmy": 31,
    "l1x": 19,
    "l1y": 28,
    "l3x": 13,
    "l3y": 31,
    "l5x": 33,
    "l5y": 11
  }, {
    "data": 1000010,
    "id": 500000108,
    "lvl": 10,
    "x": 33,
    "y": 10,
    "lmx": 13,
    "lmy": 30,
    "l1x": 19,
    "l1y": 29,
    "l3x": 13,
    "l3y": 30,
    "l5x": 33,
    "l5y": 10
  }, {
    "data": 1000010,
    "id": 500000109,
    "lvl": 10,
    "x": 33,
    "y": 9,
    "lmx": 13,
    "lmy": 29,
    "l1x": 16,
    "l1y": 30,
    "l3x": 13,
    "l3y": 29,
    "l5x": 33,
    "l5y": 9
  }, {
    "data": 1000010,
    "id": 500000110,
    "lvl": 10,
    "x": 32,
    "y": 9,
    "lmx": 13,
    "lmy": 28,
    "l1x": 35,
    "l1y": 21,
    "l3x": 13,
    "l3y": 28,
    "l5x": 32,
    "l5y": 9
  }, {
    "data": 1000010,
    "id": 500000111,
    "lvl": 10,
    "x": 31,
    "y": 9,
    "lmx": 13,
    "lmy": 27,
    "l1x": 14,
    "l1y": 23,
    "l3x": 13,
    "l3y": 27,
    "l5x": 31,
    "l5y": 9
  }, {
    "data": 1000010,
    "id": 500000112,
    "lvl": 10,
    "x": 30,
    "y": 9,
    "lmx": 13,
    "lmy": 26,
    "l1x": 27,
    "l1y": 30,
    "l3x": 13,
    "l3y": 26,
    "l5x": 30,
    "l5y": 9
  }, {
    "data": 1000010,
    "id": 500000113,
    "lvl": 10,
    "x": 29,
    "y": 9,
    "lmx": 13,
    "lmy": 25,
    "l1x": 15,
    "l1y": 23,
    "l3x": 13,
    "l3y": 25,
    "l5x": 29,
    "l5y": 9
  }, {
    "data": 1000010,
    "id": 500000114,
    "lvl": 10,
    "x": 29,
    "y": 10,
    "lmx": 13,
    "lmy": 24,
    "l1x": 17,
    "l1y": 23,
    "l3x": 13,
    "l3y": 24,
    "l5x": 29,
    "l5y": 10
  }, {
    "data": 1000010,
    "id": 500000115,
    "lvl": 10,
    "x": 11,
    "y": 33,
    "lmx": 13,
    "lmy": 23,
    "l1x": 18,
    "l1y": 23,
    "l3x": 13,
    "l3y": 23,
    "l5x": 11,
    "l5y": 33
  }, {
    "data": 1000010,
    "id": 500000116,
    "lvl": 10,
    "x": 12,
    "y": 29,
    "lmx": 13,
    "lmy": 22,
    "l1x": 35,
    "l1y": 31,
    "l3x": 13,
    "l3y": 22,
    "l5x": 12,
    "l5y": 29
  }, {
    "data": 1000010,
    "id": 500000117,
    "lvl": 10,
    "x": 13,
    "y": 29,
    "lmx": 14,
    "lmy": 21,
    "l1x": 26,
    "l1y": 30,
    "l3x": 14,
    "l3y": 21,
    "l5x": 13,
    "l5y": 29
  }, {
    "data": 1000010,
    "id": 500000118,
    "lvl": 10,
    "x": 13,
    "y": 30,
    "lmx": 15,
    "lmy": 21,
    "l1x": 15,
    "l1y": 19,
    "l3x": 15,
    "l3y": 21,
    "l5x": 13,
    "l5y": 30
  }, {
    "data": 1000010,
    "id": 500000119,
    "lvl": 10,
    "x": 13,
    "y": 31,
    "lmx": 24,
    "lmy": 9,
    "l1x": 15,
    "l1y": 21,
    "l3x": 24,
    "l3y": 9,
    "l5x": 13,
    "l5y": 31
  }, {
    "data": 1000010,
    "id": 500000120,
    "lvl": 10,
    "x": 13,
    "y": 33,
    "lmx": 23,
    "lmy": 9,
    "l1x": 18,
    "l1y": 30,
    "l3x": 23,
    "l3y": 9,
    "l5x": 13,
    "l5y": 33
  }, {
    "data": 1000010,
    "id": 500000121,
    "lvl": 10,
    "x": 12,
    "y": 33,
    "lmx": 23,
    "lmy": 10,
    "l1x": 15,
    "l1y": 22,
    "l3x": 23,
    "l3y": 10,
    "l5x": 12,
    "l5y": 33
  }, {
    "data": 1000010,
    "id": 500000122,
    "lvl": 10,
    "x": 13,
    "y": 32,
    "lmx": 23,
    "lmy": 11,
    "l1x": 15,
    "l1y": 20,
    "l3x": 23,
    "l3y": 11,
    "l5x": 13,
    "l5y": 32
  }, {
    "data": 1000010,
    "id": 500000123,
    "lvl": 10,
    "x": 10,
    "y": 22,
    "lmx": 15,
    "lmy": 12,
    "l1x": 15,
    "l1y": 18,
    "l3x": 15,
    "l3y": 12,
    "l5x": 10,
    "l5y": 22
  }, {
    "data": 1000010,
    "id": 500000124,
    "lvl": 10,
    "x": 10,
    "y": 33,
    "lmx": 23,
    "lmy": 13,
    "l1x": 16,
    "l1y": 23,
    "l3x": 23,
    "l3y": 13,
    "l5x": 10,
    "l5y": 33
  }, {
    "data": 1000010,
    "id": 500000125,
    "lvl": 10,
    "x": 9,
    "y": 33,
    "lmx": 23,
    "lmy": 14,
    "l1x": 28,
    "l1y": 30,
    "l3x": 23,
    "l3y": 14,
    "l5x": 9,
    "l5y": 33
  }, {
    "data": 1000010,
    "id": 500000126,
    "lvl": 10,
    "x": 11,
    "y": 22,
    "lmx": 23,
    "lmy": 15,
    "l1x": 38,
    "l1y": 22,
    "l3x": 23,
    "l3y": 15,
    "l5x": 11,
    "l5y": 22
  }, {
    "data": 1000010,
    "id": 500000127,
    "lvl": 10,
    "x": 35,
    "y": 37,
    "lmx": 37,
    "lmy": 20,
    "l1x": 13,
    "l1y": 34,
    "l3x": 37,
    "l3y": 20,
    "l4x": 23,
    "l4y": 12,
    "l5x": 35,
    "l5y": 37
  }, {
    "data": 1000010,
    "id": 500000128,
    "lvl": 10,
    "x": 26,
    "y": 29,
    "lmx": 20,
    "lmy": 30,
    "l1x": 23,
    "l1y": 21,
    "l3x": 30,
    "l3y": 30,
    "l4x": 19,
    "l4y": 26,
    "l5x": 26,
    "l5y": 29
  }, {
    "data": 1000010,
    "id": 500000129,
    "lvl": 10,
    "x": 9,
    "y": 22,
    "lmx": 25,
    "lmy": 9,
    "l1x": 37,
    "l1y": 31,
    "l3x": 25,
    "l3y": 9,
    "l5x": 9,
    "l5y": 22
  }, {
    "data": 1000010,
    "id": 500000130,
    "lvl": 10,
    "x": 37,
    "y": 37,
    "lmx": 37,
    "lmy": 18,
    "l1x": 18,
    "l1y": 10,
    "l3x": 37,
    "l3y": 18,
    "l4x": 22,
    "l4y": 12,
    "l5x": 37,
    "l5y": 37
  }, {
    "data": 1000002,
    "id": 500000131,
    "lvl": 11,
    "x": 42,
    "y": 30,
    "res_time": 205692,
    "lmx": 42,
    "lmy": 25,
    "l1x": 35,
    "l1y": 38,
    "l3x": 42,
    "l3y": 25,
    "l4x": 26,
    "l4y": 31,
    "l5x": 42,
    "l5y": 30
  }, {
    "data": 1000004,
    "id": 500000132,
    "lvl": 11,
    "x": 34,
    "y": 31,
    "res_time": 205692,
    "lmx": 36,
    "lmy": 12,
    "l1x": 29,
    "l1y": 5,
    "l3x": 19,
    "l3y": 38,
    "l4x": 31,
    "l4y": 26,
    "l5x": 34,
    "l5y": 31
  }, {
    "data": 1000009,
    "id": 500000133,
    "lvl": 12,
    "x": 38,
    "y": 30,
    "lmx": 14,
    "lmy": 32,
    "l1x": 37,
    "l1y": 28,
    "l3x": 14,
    "l3y": 32,
    "l5x": 38,
    "l5y": 30
  }, {
    "data": 1000011,
    "id": 500000134,
    "lvl": 7,
    "x": 28,
    "y": 34,
    "lmx": 24,
    "lmy": 35,
    "l1x": 16,
    "l1y": 17,
    "l3x": 24,
    "l3y": 35,
    "l5x": 28,
    "l5y": 34
  }, {
    "data": 1000020,
    "id": 500000135,
    "lvl": 4,
    "x": 6,
    "y": 31,
    "units": [[26000002, 2], [26000005, 2], [26000003, 1]],
    "unit_prod": { "unit_type": 1, "t": 0, "slots": [{ "id": 26000002, "cnt": 1 }, { "id": 26000005, "cnt": 1 }, { "id": 26000002, "cnt": 1 }, { "id": 26000005, "cnt": 1 }, { "id": 26000003, "cnt": 1 }] },
    "lmx": 39,
    "lmy": 12,
    "l1x": 6,
    "l1y": 23,
    "l3x": 36,
    "l3y": 12,
    "l4x": 12,
    "l4y": 7,
    "l5x": 6,
    "l5y": 30
  }, {
    "data": 1000002,
    "id": 500000136,
    "lvl": 11,
    "x": 13,
    "y": 26,
    "res_time": 205692,
    "lmx": 42,
    "lmy": 30,
    "l1x": 40,
    "l1y": 33,
    "l3x": 42,
    "l3y": 30,
    "l4x": 19,
    "l4y": 16,
    "l5x": 13,
    "l5y": 26
  }, {
    "data": 1000004,
    "id": 500000137,
    "lvl": 11,
    "x": 19,
    "y": 5,
    "res_time": 205692,
    "lmx": 15,
    "lmy": 36,
    "l1x": 39,
    "l1y": 37,
    "l3x": 29,
    "l3y": 10,
    "l4x": 16,
    "l4y": 19,
    "l5x": 19,
    "l5y": 5
  }, {
    "data": 1000015,
    "id": 500000138,
    "lvl": 0,
    "x": 34,
    "y": 17,
    "lmx": 5,
    "lmy": 30,
    "l1x": 33,
    "l1y": 40,
    "l3x": 6,
    "l3y": 30,
    "l5x": 34,
    "l5y": 17
  }, {
    "data": 1000010,
    "id": 500000139,
    "lvl": 10,
    "x": 37,
    "y": 35,
    "lmx": 37,
    "lmy": 16,
    "l1x": 19,
    "l1y": 37,
    "l3x": 37,
    "l3y": 16,
    "l4x": 21,
    "l4y": 12,
    "l5x": 37,
    "l5y": 35
  }, {
    "data": 1000010,
    "id": 500000140,
    "lvl": 10,
    "x": 9,
    "y": 32,
    "lmx": 26,
    "lmy": 9,
    "l1x": 39,
    "l1y": 31,
    "l3x": 26,
    "l3y": 9,
    "l5x": 9,
    "l5y": 32
  }, {
    "data": 1000010,
    "id": 500000141,
    "lvl": 10,
    "x": 12,
    "y": 13,
    "lmx": 27,
    "lmy": 9,
    "l1x": 40,
    "l1y": 22,
    "l3x": 27,
    "l3y": 9,
    "l5x": 12,
    "l5y": 13
  }, {
    "data": 1000010,
    "id": 500000142,
    "lvl": 10,
    "x": 12,
    "y": 14,
    "lmx": 28,
    "lmy": 9,
    "l1x": 40,
    "l1y": 24,
    "l3x": 28,
    "l3y": 9,
    "l5x": 12,
    "l5y": 14
  }, {
    "data": 1000010,
    "id": 500000143,
    "lvl": 10,
    "x": 12,
    "y": 15,
    "lmx": 29,
    "lmy": 9,
    "l1x": 40,
    "l1y": 25,
    "l3x": 29,
    "l3y": 9,
    "l5x": 12,
    "l5y": 15
  }, {
    "data": 1000010,
    "id": 500000144,
    "lvl": 10,
    "x": 12,
    "y": 16,
    "lmx": 30,
    "lmy": 9,
    "l1x": 40,
    "l1y": 23,
    "l3x": 30,
    "l3y": 9,
    "l5x": 12,
    "l5y": 16
  }, {
    "data": 1000010,
    "id": 500000145,
    "lvl": 10,
    "x": 29,
    "y": 26,
    "lmx": 21,
    "lmy": 30,
    "l1x": 21,
    "l1y": 21,
    "l3x": 29,
    "l3y": 30,
    "l4x": 26,
    "l4y": 19,
    "l5x": 29,
    "l5y": 26
  }, {
    "data": 1000010,
    "id": 500000146,
    "lvl": 10,
    "x": 12,
    "y": 17,
    "lmx": 31,
    "lmy": 9,
    "l1x": 38,
    "l1y": 31,
    "l3x": 31,
    "l3y": 9,
    "l5x": 12,
    "l5y": 17
  }, {
    "data": 1000010,
    "id": 500000147,
    "lvl": 10,
    "x": 12,
    "y": 18,
    "lmx": 32,
    "lmy": 9,
    "l1x": 32,
    "l1y": 38,
    "l3x": 32,
    "l3y": 9,
    "l5x": 12,
    "l5y": 18
  }, {
    "data": 1000010,
    "id": 500000148,
    "lvl": 10,
    "x": 12,
    "y": 19,
    "lmx": 32,
    "lmy": 10,
    "l1x": 32,
    "l1y": 37,
    "l3x": 32,
    "l3y": 10,
    "l5x": 12,
    "l5y": 19
  }, {
    "data": 1000010,
    "id": 500000149,
    "lvl": 10,
    "x": 12,
    "y": 20,
    "lmx": 32,
    "lmy": 11,
    "l1x": 32,
    "l1y": 36,
    "l3x": 32,
    "l3y": 11,
    "l5x": 12,
    "l5y": 20
  }, {
    "data": 1000010,
    "id": 500000150,
    "lvl": 10,
    "x": 12,
    "y": 21,
    "lmx": 32,
    "lmy": 12,
    "l1x": 11,
    "l1y": 29,
    "l3x": 32,
    "l3y": 12,
    "l5x": 12,
    "l5y": 21
  }, {
    "data": 1000010,
    "id": 500000151,
    "lvl": 10,
    "x": 12,
    "y": 22,
    "lmx": 32,
    "lmy": 13,
    "l1x": 33,
    "l1y": 26,
    "l3x": 32,
    "l3y": 13,
    "l5x": 12,
    "l5y": 22
  }, {
    "data": 1000010,
    "id": 500000152,
    "lvl": 10,
    "x": 12,
    "y": 23,
    "lmx": 32,
    "lmy": 14,
    "l1x": 40,
    "l1y": 29,
    "l3x": 32,
    "l3y": 14,
    "l5x": 12,
    "l5y": 23
  }, {
    "data": 1000010,
    "id": 500000153,
    "lvl": 10,
    "x": 12,
    "y": 24,
    "lmx": 32,
    "lmy": 15,
    "l1x": 23,
    "l1y": 32,
    "l3x": 32,
    "l3y": 15,
    "l5x": 12,
    "l5y": 24
  }, {
    "data": 1000010,
    "id": 500000154,
    "lvl": 10,
    "x": 12,
    "y": 25,
    "lmx": 32,
    "lmy": 16,
    "l1x": 23,
    "l1y": 33,
    "l3x": 32,
    "l3y": 16,
    "l5x": 12,
    "l5y": 25
  }, {
    "data": 1000010,
    "id": 500000155,
    "lvl": 10,
    "x": 12,
    "y": 26,
    "lmx": 31,
    "lmy": 16,
    "l1x": 34,
    "l1y": 18,
    "l3x": 31,
    "l3y": 16,
    "l5x": 12,
    "l5y": 26
  }, {
    "data": 1000010,
    "id": 500000156,
    "lvl": 10,
    "x": 12,
    "y": 27,
    "lmx": 40,
    "lmy": 33,
    "l1x": 23,
    "l1y": 31,
    "l3x": 40,
    "l3y": 33,
    "l5x": 12,
    "l5y": 27
  }, {
    "data": 1000010,
    "id": 500000157,
    "lvl": 10,
    "x": 12,
    "y": 28,
    "lmx": 39,
    "lmy": 33,
    "l1x": 32,
    "l1y": 31,
    "l3x": 39,
    "l3y": 33,
    "l5x": 12,
    "l5y": 28
  }, {
    "data": 1000010,
    "id": 500000158,
    "lvl": 10,
    "x": 29,
    "y": 11,
    "lmx": 38,
    "lmy": 33,
    "l1x": 23,
    "l1y": 34,
    "l3x": 38,
    "l3y": 33,
    "l5x": 29,
    "l5y": 11
  }, {
    "data": 1000010,
    "id": 500000159,
    "lvl": 10,
    "x": 37,
    "y": 33,
    "lmx": 37,
    "lmy": 15,
    "l1x": 16,
    "l1y": 11,
    "l3x": 37,
    "l3y": 15,
    "l4x": 20,
    "l4y": 12,
    "l5x": 37,
    "l5y": 33
  }, {
    "data": 1000010,
    "id": 500000160,
    "lvl": 10,
    "x": 37,
    "y": 31,
    "lmx": 37,
    "lmy": 17,
    "l1x": 13,
    "l1y": 33,
    "l3x": 37,
    "l3y": 17,
    "l4x": 19,
    "l4y": 12,
    "l5x": 37,
    "l5y": 31
  }, {
    "data": 1000010,
    "id": 500000161,
    "lvl": 10,
    "x": 37,
    "y": 29,
    "lmx": 37,
    "lmy": 19,
    "l1x": 23,
    "l1y": 38,
    "l3x": 37,
    "l3y": 19,
    "l4x": 18,
    "l4y": 12,
    "l5x": 37,
    "l5y": 29
  }, {
    "data": 1000010,
    "id": 500000162,
    "lvl": 10,
    "x": 37,
    "y": 27,
    "lmx": 37,
    "lmy": 21,
    "l1x": 27,
    "l1y": 39,
    "l3x": 37,
    "l3y": 21,
    "l4x": 17,
    "l4y": 12,
    "l5x": 37,
    "l5y": 27
  }, {
    "data": 1000010,
    "id": 500000163,
    "lvl": 10,
    "x": 37,
    "y": 25,
    "lmx": 41,
    "lmy": 18,
    "l1x": 14,
    "l1y": 11,
    "l3x": 41,
    "l3y": 18,
    "l4x": 16,
    "l4y": 12,
    "l5x": 37,
    "l5y": 25
  }, {
    "data": 1000013,
    "id": 500000164,
    "lvl": 7,
    "x": 23,
    "y": 13,
    "lmx": 31,
    "lmy": 34,
    "l1x": 14,
    "l1y": 32,
    "l3x": 31,
    "l3y": 33,
    "l5x": 23,
    "l5y": 13
  }, {
    "data": 1000011,
    "id": 500000165,
    "lvl": 7,
    "x": 34,
    "y": 28,
    "lmx": 14,
    "lmy": 22,
    "l1x": 20,
    "l1y": 31,
    "l3x": 14,
    "l3y": 22,
    "l5x": 34,
    "l5y": 28
  }, {
    "data": 1000024,
    "id": 500000166,
    "lvl": 5,
    "x": 27,
    "y": 27,
    "lmx": 24,
    "lmy": 24,
    "l1x": 11,
    "l1y": 20,
    "l3x": 24,
    "l3y": 24,
    "l5x": 27,
    "l5y": 27
  }, {
    "data": 1000000,
    "id": 500000167,
    "lvl": 7,
    "x": 36,
    "y": 10,
    "units": [[4000006, 7], [4000001, 2], [4000011, 4], [4000015, 1]],
    "lmx": 37,
    "lmy": 34,
    "l1x": 33,
    "l1y": 32,
    "l3x": 37,
    "l3y": 34,
    "l5x": 36,
    "l5y": 10
  }, {
    "data": 1000006,
    "id": 500000168,
    "lvl": 9,
    "x": 25,
    "y": 6,
    "unit_prod": { "unit_type": 0 },
    "lmx": 34,
    "lmy": 39,
    "l1x": 6,
    "l1y": 28,
    "l3x": 28,
    "l3y": 39,
    "l5x": 25,
    "l5y": 7
  }, {
    "data": 1000026,
    "id": 500000169,
    "lvl": 6,
    "x": 22,
    "y": 40,
    "unit_prod": { "unit_type": 0, "t": 0, "slots": [{ "id": 4000013, "cnt": 1 }, { "id": 4000015, "cnt": 3 }, { "id": 4000011, "cnt": 4 }] },
    "lmx": 31,
    "lmy": 39,
    "l1x": 41,
    "l1y": 16,
    "l3x": 37,
    "l3y": 39,
    "l5x": 22,
    "l5y": 40
  }, {
    "data": 1000022,
    "id": 500000170,
    "lvl": 0,
    "x": 16,
    "y": 22,
    "lmx": 31,
    "lmy": 20,
    "l1x": 29,
    "l1y": 27,
    "l3x": 31,
    "l3y": 20,
    "l5x": 16,
    "l5y": 22
  }, {
    "data": 1000019,
    "id": 500000171,
    "lvl": 7,
    "x": 27,
    "y": 25,
    "lmx": 26,
    "lmy": 28,
    "l1x": 26,
    "l1y": 34,
    "l3x": 26,
    "l3y": 28,
    "l4x": 23,
    "l4y": 27,
    "l5x": 27,
    "l5y": 25
  }, {
    "data": 1000019,
    "id": 500000172,
    "lvl": 7,
    "x": 27,
    "y": 23,
    "lmx": 28,
    "lmy": 28,
    "l1x": 27,
    "l1y": 12,
    "l3x": 28,
    "l3y": 28,
    "l4x": 27,
    "l4y": 23,
    "l5x": 27,
    "l5y": 23
  }, {
    "data": 1000008,
    "id": 500000173,
    "lvl": 12,
    "x": 30,
    "y": 10,
    "lmx": 19,
    "lmy": 38,
    "l1x": 29,
    "l1y": 10,
    "l3x": 19,
    "l3y": 35,
    "l4x": 13,
    "l4y": 13,
    "l5x": 30,
    "l5y": 10
  }, {
    "data": 1000008,
    "id": 500000174,
    "lvl": 12,
    "x": 17,
    "y": 13,
    "lmx": 28,
    "lmy": 10,
    "l1x": 37,
    "l1y": 23,
    "l3x": 29,
    "l3y": 13,
    "l4x": 22,
    "l4y": 13,
    "l5x": 17,
    "l5y": 13
  }, {
    "data": 1000010,
    "id": 500000175,
    "lvl": 10,
    "x": 37,
    "y": 24,
    "lmx": 36,
    "lmy": 34,
    "l1x": 15,
    "l1y": 11,
    "l3x": 36,
    "l3y": 34,
    "l4x": 15,
    "l4y": 12,
    "l5x": 37,
    "l5y": 24
  }, {
    "data": 1000010,
    "id": 500000176,
    "lvl": 10,
    "x": 35,
    "y": 15,
    "lmx": 37,
    "lmy": 33,
    "l1x": 23,
    "l1y": 35,
    "l3x": 37,
    "l3y": 33,
    "l5x": 35,
    "l5y": 15
  }, {
    "data": 1000010,
    "id": 500000177,
    "lvl": 10,
    "x": 34,
    "y": 15,
    "lmx": 22,
    "lmy": 34,
    "l1x": 23,
    "l1y": 36,
    "l3x": 22,
    "l3y": 34,
    "l5x": 34,
    "l5y": 15
  }, {
    "data": 1000010,
    "id": 500000178,
    "lvl": 10,
    "x": 33,
    "y": 14,
    "lmx": 24,
    "lmy": 34,
    "l1x": 36,
    "l1y": 18,
    "l3x": 24,
    "l3y": 34,
    "l5x": 33,
    "l5y": 14
  }, {
    "data": 1000010,
    "id": 500000179,
    "lvl": 10,
    "x": 34,
    "y": 14,
    "lmx": 26,
    "lmy": 34,
    "l1x": 35,
    "l1y": 19,
    "l3x": 26,
    "l3y": 34,
    "l5x": 34,
    "l5y": 14
  }, {
    "data": 1000010,
    "id": 500000180,
    "lvl": 10,
    "x": 19,
    "y": 12,
    "lmx": 27,
    "lmy": 38,
    "l1x": 34,
    "l1y": 17,
    "l3x": 27,
    "l3y": 38,
    "l5x": 19,
    "l5y": 12
  }, {
    "data": 1000010,
    "id": 500000181,
    "lvl": 10,
    "x": 21,
    "y": 12,
    "lmx": 24,
    "lmy": 31,
    "l1x": 33,
    "l1y": 17,
    "l3x": 24,
    "l3y": 31,
    "l5x": 21,
    "l5y": 12
  }, {
    "data": 1000010,
    "id": 500000182,
    "lvl": 10,
    "x": 22,
    "y": 37,
    "lmx": 41,
    "lmy": 17,
    "l1x": 14,
    "l1y": 35,
    "l3x": 41,
    "l3y": 17,
    "l4x": 14,
    "l4y": 12,
    "l5x": 22,
    "l5y": 37
  }, {
    "data": 1000010,
    "id": 500000183,
    "lvl": 10,
    "x": 23,
    "y": 12,
    "lmx": 24,
    "lmy": 32,
    "l1x": 34,
    "l1y": 31,
    "l3x": 24,
    "l3y": 32,
    "l5x": 23,
    "l5y": 12
  }, {
    "data": 1000010,
    "id": 500000184,
    "lvl": 10,
    "x": 25,
    "y": 12,
    "lmx": 24,
    "lmy": 33,
    "l1x": 32,
    "l1y": 17,
    "l3x": 24,
    "l3y": 33,
    "l5x": 25,
    "l5y": 12
  }, {
    "data": 1000010,
    "id": 500000185,
    "lvl": 10,
    "x": 27,
    "y": 12,
    "lmx": 27,
    "lmy": 34,
    "l1x": 33,
    "l1y": 31,
    "l3x": 27,
    "l3y": 34,
    "l5x": 27,
    "l5y": 12
  }, {
    "data": 1000010,
    "id": 500000186,
    "lvl": 10,
    "x": 29,
    "y": 12,
    "lmx": 18,
    "lmy": 34,
    "l1x": 30,
    "l1y": 19,
    "l3x": 18,
    "l3y": 34,
    "l5x": 29,
    "l5y": 12
  }, {
    "data": 1000010,
    "id": 500000187,
    "lvl": 10,
    "x": 37,
    "y": 18,
    "lmx": 25,
    "lmy": 34,
    "l1x": 30,
    "l1y": 21,
    "l3x": 25,
    "l3y": 34,
    "l5x": 37,
    "l5y": 18
  }, {
    "data": 1000010,
    "id": 500000188,
    "lvl": 10,
    "x": 37,
    "y": 20,
    "lmx": 23,
    "lmy": 34,
    "l1x": 32,
    "l1y": 27,
    "l3x": 23,
    "l3y": 34,
    "l5x": 37,
    "l5y": 20
  }, {
    "data": 1000010,
    "id": 500000189,
    "lvl": 10,
    "x": 37,
    "y": 22,
    "lmx": 21,
    "lmy": 34,
    "l1x": 32,
    "l1y": 28,
    "l3x": 21,
    "l3y": 34,
    "l5x": 37,
    "l5y": 22
  }, {
    "data": 1000010,
    "id": 500000190,
    "lvl": 10,
    "x": 20,
    "y": 37,
    "lmx": 36,
    "lmy": 35,
    "l1x": 13,
    "l1y": 35,
    "l3x": 36,
    "l3y": 35,
    "l4x": 13,
    "l4y": 12,
    "l5x": 20,
    "l5y": 37
  }, {
    "data": 1000010,
    "id": 500000191,
    "lvl": 10,
    "x": 29,
    "y": 30,
    "lmx": 22,
    "lmy": 30,
    "l1x": 27,
    "l1y": 23,
    "l3x": 28,
    "l3y": 30,
    "l4x": 25,
    "l4y": 19,
    "l5x": 29,
    "l5y": 30
  }, {
    "data": 1000010,
    "id": 500000192,
    "lvl": 10,
    "x": 28,
    "y": 30,
    "lmx": 23,
    "lmy": 30,
    "l1x": 25,
    "l1y": 21,
    "l3x": 27,
    "l3y": 30,
    "l4x": 24,
    "l4y": 19,
    "l5x": 28,
    "l5y": 30
  }, {
    "data": 1000010,
    "id": 500000193,
    "lvl": 10,
    "x": 37,
    "y": 23,
    "lmx": 20,
    "lmy": 33,
    "l1x": 32,
    "l1y": 33,
    "l3x": 20,
    "l3y": 33,
    "l5x": 37,
    "l5y": 23
  }, {
    "data": 1000010,
    "id": 500000194,
    "lvl": 10,
    "x": 27,
    "y": 30,
    "lmx": 24,
    "lmy": 30,
    "l1x": 27,
    "l1y": 21,
    "l3x": 26,
    "l3y": 30,
    "l4x": 23,
    "l4y": 19,
    "l5x": 27,
    "l5y": 30
  }, {
    "data": 1000010,
    "id": 500000195,
    "lvl": 10,
    "x": 37,
    "y": 21,
    "lmx": 20,
    "lmy": 32,
    "l1x": 32,
    "l1y": 34,
    "l3x": 20,
    "l3y": 32,
    "l5x": 37,
    "l5y": 21
  }, {
    "data": 1000010,
    "id": 500000196,
    "lvl": 10,
    "x": 26,
    "y": 30,
    "lmx": 30,
    "lmy": 29,
    "l1x": 27,
    "l1y": 24,
    "l3x": 30,
    "l3y": 29,
    "l4x": 22,
    "l4y": 19,
    "l5x": 26,
    "l5y": 30
  }, {
    "data": 1000010,
    "id": 500000197,
    "lvl": 10,
    "x": 30,
    "y": 26,
    "lmx": 25,
    "lmy": 30,
    "l1x": 27,
    "l1y": 22,
    "l3x": 25,
    "l3y": 30,
    "l4x": 21,
    "l4y": 19,
    "l5x": 30,
    "l5y": 26
  }, {
    "data": 1000010,
    "id": 500000198,
    "lvl": 10,
    "x": 30,
    "y": 27,
    "lmx": 26,
    "lmy": 30,
    "l1x": 24,
    "l1y": 21,
    "l3x": 24,
    "l3y": 30,
    "l4x": 20,
    "l4y": 19,
    "l5x": 30,
    "l5y": 27
  }, {
    "data": 1000010,
    "id": 500000199,
    "lvl": 10,
    "x": 18,
    "y": 37,
    "lmx": 37,
    "lmy": 23,
    "l1x": 28,
    "l1y": 39,
    "l3x": 37,
    "l3y": 23,
    "l4x": 16,
    "l4y": 30,
    "l5x": 18,
    "l5y": 37
  }, {
    "data": 1000010,
    "id": 500000200,
    "lvl": 10,
    "x": 30,
    "y": 28,
    "lmx": 27,
    "lmy": 30,
    "l1x": 22,
    "l1y": 21,
    "l3x": 23,
    "l3y": 30,
    "l4x": 19,
    "l4y": 25,
    "l5x": 30,
    "l5y": 28
  }, {
    "data": 1000010,
    "id": 500000201,
    "lvl": 10,
    "x": 19,
    "y": 37,
    "lmx": 34,
    "lmy": 29,
    "l1x": 17,
    "l1y": 10,
    "l3x": 34,
    "l3y": 29,
    "l4x": 12,
    "l4y": 24,
    "l5x": 19,
    "l5y": 37
  }, {
    "data": 1000010,
    "id": 500000202,
    "lvl": 10,
    "x": 30,
    "y": 29,
    "lmx": 30,
    "lmy": 28,
    "l1x": 27,
    "l1y": 25,
    "l3x": 30,
    "l3y": 28,
    "l4x": 19,
    "l4y": 24,
    "l5x": 30,
    "l5y": 29
  }, {
    "data": 1000010,
    "id": 500000203,
    "lvl": 10,
    "x": 37,
    "y": 19,
    "lmx": 31,
    "lmy": 38,
    "l1x": 40,
    "l1y": 26,
    "l3x": 31,
    "l3y": 38,
    "l5x": 37,
    "l5y": 19
  }, {
    "data": 1000010,
    "id": 500000204,
    "lvl": 10,
    "x": 37,
    "y": 17,
    "lmx": 33,
    "lmy": 38,
    "l1x": 38,
    "l1y": 16,
    "l3x": 33,
    "l3y": 38,
    "l5x": 37,
    "l5y": 17
  }, {
    "data": 1000010,
    "id": 500000205,
    "lvl": 10,
    "x": 36,
    "y": 34,
    "lmx": 35,
    "lmy": 38,
    "l1x": 38,
    "l1y": 17,
    "l3x": 35,
    "l3y": 38,
    "l5x": 36,
    "l5y": 34
  }, {
    "data": 1000010,
    "id": 500000206,
    "lvl": 10,
    "x": 14,
    "y": 12,
    "lmx": 34,
    "lmy": 32,
    "l1x": 40,
    "l1y": 28,
    "l3x": 34,
    "l3y": 32,
    "l5x": 14,
    "l5y": 12
  }, {
    "data": 1000010,
    "id": 500000207,
    "lvl": 10,
    "x": 13,
    "y": 12,
    "lmx": 34,
    "lmy": 30,
    "l1x": 35,
    "l1y": 18,
    "l3x": 34,
    "l3y": 30,
    "l5x": 13,
    "l5y": 12
  }, {
    "data": 1000010,
    "id": 500000208,
    "lvl": 10,
    "x": 35,
    "y": 34,
    "lmx": 41,
    "lmy": 32,
    "l1x": 38,
    "l1y": 13,
    "l3x": 41,
    "l3y": 32,
    "l5x": 35,
    "l5y": 34
  }, {
    "data": 1000010,
    "id": 500000209,
    "lvl": 10,
    "x": 17,
    "y": 12,
    "lmx": 41,
    "lmy": 28,
    "l1x": 38,
    "l1y": 18,
    "l3x": 41,
    "l3y": 28,
    "l5x": 17,
    "l5y": 12
  }, {
    "data": 1000010,
    "id": 500000210,
    "lvl": 10,
    "x": 18,
    "y": 12,
    "lmx": 41,
    "lmy": 29,
    "l1x": 35,
    "l1y": 22,
    "l3x": 41,
    "l3y": 29,
    "l5x": 18,
    "l5y": 12
  }, {
    "data": 1000010,
    "id": 500000211,
    "lvl": 10,
    "x": 16,
    "y": 12,
    "lmx": 41,
    "lmy": 31,
    "l1x": 37,
    "l1y": 22,
    "l3x": 41,
    "l3y": 31,
    "l5x": 16,
    "l5y": 12
  }, {
    "data": 1000010,
    "id": 500000212,
    "lvl": 10,
    "x": 15,
    "y": 12,
    "lmx": 41,
    "lmy": 27,
    "l1x": 36,
    "l1y": 22,
    "l3x": 41,
    "l3y": 27,
    "l5x": 15,
    "l5y": 12
  }, {
    "data": 1000010,
    "id": 500000213,
    "lvl": 10,
    "x": 25,
    "y": 19,
    "lmx": 41,
    "lmy": 30,
    "l1x": 38,
    "l1y": 15,
    "l3x": 41,
    "l3y": 30,
    "l5x": 25,
    "l5y": 19
  }, {
    "data": 1000010,
    "id": 500000214,
    "lvl": 10,
    "x": 22,
    "y": 19,
    "lmx": 41,
    "lmy": 33,
    "l1x": 38,
    "l1y": 14,
    "l3x": 41,
    "l3y": 33,
    "l5x": 22,
    "l5y": 19
  }, {
    "data": 1000010,
    "id": 500000215,
    "lvl": 10,
    "x": 34,
    "y": 36,
    "lmx": 34,
    "lmy": 31,
    "l1x": 31,
    "l1y": 9,
    "l3x": 34,
    "l3y": 31,
    "l5x": 34,
    "l5y": 36
  }, {
    "data": 1000010,
    "id": 500000216,
    "lvl": 10,
    "x": 11,
    "y": 14,
    "lmx": 34,
    "lmy": 33,
    "l1x": 30,
    "l1y": 9,
    "l3x": 34,
    "l3y": 33,
    "l5x": 11,
    "l5y": 14
  }, {
    "data": 1000010,
    "id": 500000217,
    "lvl": 10,
    "x": 10,
    "y": 14,
    "lmx": 35,
    "lmy": 33,
    "l1x": 29,
    "l1y": 9,
    "l3x": 35,
    "l3y": 33,
    "l5x": 10,
    "l5y": 14
  }, {
    "data": 1000010,
    "id": 500000218,
    "lvl": 10,
    "x": 20,
    "y": 12,
    "lmx": 36,
    "lmy": 33,
    "l1x": 28,
    "l1y": 9,
    "l3x": 36,
    "l3y": 33,
    "l5x": 20,
    "l5y": 12
  }, {
    "data": 1000010,
    "id": 500000219,
    "lvl": 10,
    "x": 24,
    "y": 19,
    "lmx": 33,
    "lmy": 29,
    "l1x": 27,
    "l1y": 9,
    "l3x": 33,
    "l3y": 29,
    "l4x": 32,
    "l4y": 12,
    "l5x": 24,
    "l5y": 19
  }, {
    "data": 1000010,
    "id": 500000220,
    "lvl": 10,
    "x": 34,
    "y": 35,
    "lmx": 32,
    "lmy": 29,
    "l1x": 26,
    "l1y": 9,
    "l3x": 32,
    "l3y": 29,
    "l4x": 31,
    "l4y": 12,
    "l5x": 34,
    "l5y": 35
  }, {
    "data": 1000010,
    "id": 500000221,
    "lvl": 10,
    "x": 34,
    "y": 34,
    "lmx": 31,
    "lmy": 29,
    "l1x": 25,
    "l1y": 9,
    "l3x": 31,
    "l3y": 29,
    "l4x": 30,
    "l4y": 12,
    "l5x": 34,
    "l5y": 34
  }, {
    "data": 1000010,
    "id": 500000222,
    "lvl": 10,
    "x": 22,
    "y": 11,
    "lmx": 15,
    "lmy": 17,
    "l1x": 24,
    "l1y": 9,
    "l3x": 15,
    "l3y": 17,
    "l4x": 29,
    "l4y": 12,
    "l5x": 22,
    "l5y": 11
  }, {
    "data": 1000010,
    "id": 500000223,
    "lvl": 10,
    "x": 9,
    "y": 14,
    "lmx": 16,
    "lmy": 17,
    "l1x": 23,
    "l1y": 9,
    "l3x": 16,
    "l3y": 17,
    "l4x": 28,
    "l4y": 12,
    "l5x": 9,
    "l5y": 14
  }, {
    "data": 1000010,
    "id": 500000224,
    "lvl": 10,
    "x": 8,
    "y": 14,
    "lmx": 16,
    "lmy": 18,
    "l1x": 23,
    "l1y": 10,
    "l3x": 16,
    "l3y": 18,
    "l4x": 27,
    "l4y": 12,
    "l5x": 8,
    "l5y": 14
  }, {
    "data": 1000009,
    "id": 500000225,
    "lvl": 12,
    "x": 31,
    "y": 17,
    "lmx": 24,
    "lmy": 38,
    "l1x": 35,
    "l1y": 15,
    "l3x": 24,
    "l3y": 38,
    "l5x": 31,
    "l5y": 17
  }, {
    "data": 1000013,
    "id": 500000226,
    "lvl": 7,
    "x": 13,
    "y": 23,
    "lmx": 14,
    "lmy": 27,
    "l1x": 16,
    "l1y": 24,
    "l3x": 14,
    "l3y": 27,
    "l5x": 13,
    "l5y": 23
  }, {
    "data": 1000012,
    "id": 500000227,
    "lvl": 7,
    "x": 34,
    "y": 19,
    "lmx": 31,
    "lmy": 30,
    "l1x": 25,
    "l1y": 26,
    "l3x": 31,
    "l3y": 30,
    "l5x": 34,
    "l5y": 19
  }, {
    "data": 1000015,
    "id": 500000228,
    "lvl": 0,
    "x": 6,
    "y": 6,
    "lmx": 7,
    "lmy": 30,
    "l1x": 42,
    "l1y": 31,
    "l3x": 6,
    "l3y": 26,
    "l4x": 14,
    "l4y": 32,
    "l5x": 6,
    "l5y": 6
  }, {
    "data": 1000003,
    "id": 500000229,
    "lvl": 10,
    "x": 23,
    "y": 30,
    "lmx": 21,
    "lmy": 17,
    "l1x": 20,
    "l1y": 10,
    "l3x": 20,
    "l3y": 17,
    "l4x": 20,
    "l4y": 30,
    "l5x": 23,
    "l5y": 30
  }, {
    "data": 1000005,
    "id": 500000230,
    "lvl": 10,
    "x": 20,
    "y": 30,
    "lmx": 27,
    "lmy": 17,
    "l1x": 36,
    "l1y": 19,
    "l3x": 27,
    "l3y": 17,
    "l4x": 30,
    "l4y": 20,
    "l5x": 20,
    "l5y": 30
  }, {
    "data": 1000010,
    "id": 500000231,
    "lvl": 10,
    "x": 8,
    "y": 15,
    "lmx": 16,
    "lmy": 19,
    "l1x": 39,
    "l1y": 22,
    "l3x": 16,
    "l3y": 19,
    "l4x": 26,
    "l4y": 12,
    "l5x": 8,
    "l5y": 15
  }, {
    "data": 1000010,
    "id": 500000232,
    "lvl": 10,
    "x": 8,
    "y": 22,
    "lmx": 23,
    "lmy": 16,
    "l1x": 23,
    "l1y": 11,
    "l3x": 23,
    "l3y": 16,
    "l4x": 25,
    "l4y": 12,
    "l5x": 8,
    "l5y": 22
  }, {
    "data": 1000010,
    "id": 500000233,
    "lvl": 10,
    "x": 8,
    "y": 16,
    "lmx": 24,
    "lmy": 16,
    "l1x": 23,
    "l1y": 12,
    "l3x": 24,
    "l3y": 16,
    "l4x": 24,
    "l4y": 12,
    "l5x": 8,
    "l5y": 16
  }, {
    "data": 1000010,
    "id": 500000234,
    "lvl": 10,
    "x": 20,
    "y": 27,
    "lmx": 25,
    "lmy": 20,
    "l1x": 19,
    "l1y": 22,
    "l3x": 25,
    "l3y": 20,
    "l4x": 27,
    "l4y": 28,
    "l5x": 20,
    "l5y": 27
  }, {
    "data": 1000010,
    "id": 500000235,
    "lvl": 10,
    "x": 21,
    "y": 37,
    "lmx": 40,
    "lmy": 15,
    "l1x": 23,
    "l1y": 39,
    "l3x": 40,
    "l3y": 15,
    "l4x": 12,
    "l4y": 23,
    "l5x": 21,
    "l5y": 37
  }, {
    "data": 1000010,
    "id": 500000236,
    "lvl": 10,
    "x": 8,
    "y": 19,
    "lmx": 26,
    "lmy": 19,
    "l1x": 23,
    "l1y": 14,
    "l3x": 26,
    "l3y": 19,
    "l4x": 29,
    "l4y": 27,
    "l5x": 8,
    "l5y": 19
  }, {
    "data": 1000010,
    "id": 500000237,
    "lvl": 10,
    "x": 8,
    "y": 17,
    "lmx": 26,
    "lmy": 18,
    "l1x": 23,
    "l1y": 15,
    "l3x": 26,
    "l3y": 18,
    "l4x": 28,
    "l4y": 27,
    "l5x": 8,
    "l5y": 17
  }, {
    "data": 1000010,
    "id": 500000238,
    "lvl": 10,
    "x": 8,
    "y": 18,
    "lmx": 26,
    "lmy": 17,
    "l1x": 30,
    "l1y": 18,
    "l3x": 26,
    "l3y": 17,
    "l4x": 27,
    "l4y": 27,
    "l5x": 8,
    "l5y": 18
  }, {
    "data": 1000010,
    "id": 500000239,
    "lvl": 10,
    "x": 29,
    "y": 25,
    "lmx": 28,
    "lmy": 30,
    "l1x": 19,
    "l1y": 21,
    "l3x": 22,
    "l3y": 30,
    "l4x": 19,
    "l4y": 23,
    "l5x": 29,
    "l5y": 25
  }, {
    "data": 1000010,
    "id": 500000240,
    "lvl": 10,
    "x": 15,
    "y": 16,
    "lmx": 26,
    "lmy": 16,
    "l1x": 31,
    "l1y": 17,
    "l3x": 26,
    "l3y": 16,
    "l4x": 27,
    "l4y": 29,
    "l5x": 15,
    "l5y": 16
  }, {
    "data": 1000010,
    "id": 500000241,
    "lvl": 10,
    "x": 19,
    "y": 25,
    "lmx": 27,
    "lmy": 16,
    "l1x": 30,
    "l1y": 17,
    "l3x": 27,
    "l3y": 16,
    "l4x": 26,
    "l4y": 29,
    "l5x": 19,
    "l5y": 25
  }, {
    "data": 1000010,
    "id": 500000242,
    "lvl": 10,
    "x": 19,
    "y": 24,
    "lmx": 28,
    "lmy": 16,
    "l1x": 10,
    "l1y": 26,
    "l3x": 28,
    "l3y": 16,
    "l4x": 25,
    "l4y": 29,
    "l5x": 19,
    "l5y": 24
  }, {
    "data": 1000010,
    "id": 500000243,
    "lvl": 10,
    "x": 19,
    "y": 23,
    "lmx": 29,
    "lmy": 16,
    "l1x": 21,
    "l1y": 20,
    "l3x": 29,
    "l3y": 16,
    "l4x": 24,
    "l4y": 29,
    "l5x": 19,
    "l5y": 23
  }, {
    "data": 1000010,
    "id": 500000244,
    "lvl": 10,
    "x": 19,
    "y": 22,
    "lmx": 30,
    "lmy": 16,
    "l1x": 21,
    "l1y": 19,
    "l3x": 30,
    "l3y": 16,
    "l4x": 23,
    "l4y": 29,
    "l5x": 19,
    "l5y": 22
  }, {
    "data": 1000010,
    "id": 500000245,
    "lvl": 10,
    "x": 20,
    "y": 22,
    "lmx": 30,
    "lmy": 17,
    "l1x": 30,
    "l1y": 20,
    "l3x": 30,
    "l3y": 17,
    "l4x": 22,
    "l4y": 29,
    "l5x": 20,
    "l5y": 22
  }, {
    "data": 1000010,
    "id": 500000246,
    "lvl": 10,
    "x": 21,
    "y": 22,
    "lmx": 30,
    "lmy": 18,
    "l1x": 30,
    "l1y": 16,
    "l3x": 30,
    "l3y": 18,
    "l4x": 22,
    "l4y": 28,
    "l5x": 21,
    "l5y": 22
  }, {
    "data": 1000010,
    "id": 500000247,
    "lvl": 10,
    "x": 8,
    "y": 21,
    "lmx": 30,
    "lmy": 19,
    "l1x": 29,
    "l1y": 16,
    "l3x": 30,
    "l3y": 19,
    "l4x": 21,
    "l4y": 28,
    "l5x": 8,
    "l5y": 21
  }, {
    "data": 1000010,
    "id": 500000248,
    "lvl": 10,
    "x": 22,
    "y": 12,
    "lmx": 16,
    "lmy": 20,
    "l1x": 28,
    "l1y": 16,
    "l3x": 16,
    "l3y": 20,
    "l4x": 20,
    "l4y": 28,
    "l5x": 22,
    "l5y": 12
  }, {
    "data": 1000010,
    "id": 500000249,
    "lvl": 10,
    "x": 24,
    "y": 12,
    "lmx": 16,
    "lmy": 21,
    "l1x": 27,
    "l1y": 16,
    "l3x": 16,
    "l3y": 21,
    "l4x": 20,
    "l4y": 27,
    "l5x": 24,
    "l5y": 12
  }, {
    "data": 1000010,
    "id": 500000250,
    "lvl": 10,
    "x": 28,
    "y": 12,
    "lmx": 17,
    "lmy": 21,
    "l1x": 26,
    "l1y": 16,
    "l3x": 17,
    "l3y": 21,
    "l4x": 20,
    "l4y": 26,
    "l5x": 28,
    "l5y": 12
  }, {
    "data": 1000010,
    "id": 500000251,
    "lvl": 10,
    "x": 26,
    "y": 12,
    "lmx": 18,
    "lmy": 21,
    "l1x": 24,
    "l1y": 16,
    "l3x": 18,
    "l3y": 21,
    "l4x": 29,
    "l4y": 26,
    "l5x": 26,
    "l5y": 12
  }, {
    "data": 1000010,
    "id": 500000252,
    "lvl": 10,
    "x": 26,
    "y": 20,
    "lmx": 20,
    "lmy": 29,
    "l1x": 23,
    "l1y": 16,
    "l3x": 20,
    "l3y": 29,
    "l4x": 29,
    "l4y": 25,
    "l5x": 26,
    "l5y": 20
  }, {
    "data": 1000010,
    "id": 500000253,
    "lvl": 10,
    "x": 22,
    "y": 22,
    "lmx": 20,
    "lmy": 28,
    "l1x": 10,
    "l1y": 25,
    "l3x": 20,
    "l3y": 28,
    "l4x": 29,
    "l4y": 24,
    "l5x": 22,
    "l5y": 22
  }, {
    "data": 1000010,
    "id": 500000254,
    "lvl": 10,
    "x": 22,
    "y": 20,
    "lmx": 20,
    "lmy": 27,
    "l1x": 29,
    "l1y": 21,
    "l3x": 20,
    "l3y": 27,
    "l4x": 29,
    "l4y": 23,
    "l5x": 22,
    "l5y": 20
  }, {
    "data": 1000010,
    "id": 500000255,
    "lvl": 10,
    "x": 22,
    "y": 21,
    "lmx": 20,
    "lmy": 26,
    "l1x": 28,
    "l1y": 21,
    "l3x": 20,
    "l3y": 26,
    "l4x": 29,
    "l4y": 22,
    "l5x": 22,
    "l5y": 21
  }, {
    "data": 1000010,
    "id": 500000256,
    "lvl": 10,
    "x": 23,
    "y": 19,
    "lmx": 20,
    "lmy": 25,
    "l1x": 22,
    "l1y": 16,
    "l3x": 20,
    "l3y": 25,
    "l4x": 28,
    "l4y": 22,
    "l5x": 23,
    "l5y": 19
  }, {
    "data": 1000010,
    "id": 500000257,
    "lvl": 10,
    "x": 29,
    "y": 24,
    "lmx": 29,
    "lmy": 30,
    "l1x": 26,
    "l1y": 21,
    "l3x": 21,
    "l3y": 30,
    "l4x": 19,
    "l4y": 22,
    "l5x": 29,
    "l5y": 24
  }, {
    "data": 1000010,
    "id": 500000258,
    "lvl": 10,
    "x": 16,
    "y": 13,
    "lmx": 20,
    "lmy": 24,
    "l1x": 21,
    "l1y": 17,
    "l3x": 20,
    "l3y": 24,
    "l4x": 28,
    "l4y": 21,
    "l5x": 16,
    "l5y": 13
  }, {
    "data": 1000010,
    "id": 500000259,
    "lvl": 10,
    "x": 16,
    "y": 14,
    "lmx": 20,
    "lmy": 23,
    "l1x": 34,
    "l1y": 25,
    "l3x": 20,
    "l3y": 23,
    "l4x": 28,
    "l4y": 20,
    "l5x": 16,
    "l5y": 14
  }, {
    "data": 1000010,
    "id": 500000260,
    "lvl": 10,
    "x": 16,
    "y": 15,
    "lmx": 20,
    "lmy": 22,
    "l1x": 34,
    "l1y": 23,
    "l3x": 20,
    "l3y": 22,
    "l4x": 27,
    "l4y": 20,
    "l5x": 16,
    "l5y": 15
  }, {
    "data": 1000010,
    "id": 500000261,
    "lvl": 10,
    "x": 16,
    "y": 16,
    "lmx": 20,
    "lmy": 21,
    "l1x": 35,
    "l1y": 23,
    "l3x": 20,
    "l3y": 21,
    "l4x": 26,
    "l4y": 20,
    "l5x": 16,
    "l5y": 16
  }, {
    "data": 1000010,
    "id": 500000262,
    "lvl": 10,
    "x": 19,
    "y": 26,
    "lmx": 20,
    "lmy": 20,
    "l1x": 34,
    "l1y": 24,
    "l3x": 20,
    "l3y": 20,
    "l4x": 23,
    "l4y": 11,
    "l5x": 19,
    "l5y": 26
  }, {
    "data": 1000010,
    "id": 500000263,
    "lvl": 10,
    "x": 14,
    "y": 16,
    "lmx": 21,
    "lmy": 20,
    "l1x": 34,
    "l1y": 26,
    "l3x": 21,
    "l3y": 20,
    "l4x": 23,
    "l4y": 10,
    "l5x": 14,
    "l5y": 16
  }, {
    "data": 1000010,
    "id": 500000264,
    "lvl": 10,
    "x": 24,
    "y": 29,
    "lmx": 30,
    "lmy": 30,
    "l1x": 20,
    "l1y": 21,
    "l3x": 20,
    "l3y": 30,
    "l4x": 19,
    "l4y": 21,
    "l5x": 24,
    "l5y": 29
  }, {
    "data": 1000010,
    "id": 500000265,
    "lvl": 10,
    "x": 13,
    "y": 16,
    "lmx": 22,
    "lmy": 20,
    "l1x": 30,
    "l1y": 26,
    "l3x": 22,
    "l3y": 20,
    "l4x": 23,
    "l4y": 9,
    "l5x": 13,
    "l5y": 16
  }, {
    "data": 1000010,
    "id": 500000266,
    "lvl": 10,
    "x": 20,
    "y": 26,
    "lmx": 23,
    "lmy": 20,
    "l1x": 32,
    "l1y": 30,
    "l3x": 23,
    "l3y": 20,
    "l4x": 23,
    "l4y": 8,
    "l5x": 20,
    "l5y": 26
  }, {
    "data": 1000010,
    "id": 500000267,
    "lvl": 10,
    "x": 27,
    "y": 20,
    "lmx": 24,
    "lmy": 20,
    "l1x": 19,
    "l1y": 23,
    "l3x": 24,
    "l3y": 20,
    "l4x": 22,
    "l4y": 8,
    "l5x": 27,
    "l5y": 20
  }, {
    "data": 1000010,
    "id": 500000268,
    "lvl": 10,
    "x": 8,
    "y": 20,
    "lmx": 25,
    "lmy": 16,
    "l1x": 15,
    "l1y": 17,
    "l3x": 25,
    "l3y": 16,
    "l4x": 21,
    "l4y": 8,
    "l5x": 8,
    "l5y": 20
  }, {
    "data": 1000010,
    "id": 500000269,
    "lvl": 10,
    "x": 28,
    "y": 20,
    "lmx": 26,
    "lmy": 20,
    "l1x": 22,
    "l1y": 30,
    "l3x": 26,
    "l3y": 20,
    "l4x": 20,
    "l4y": 8,
    "l5x": 28,
    "l5y": 20
  }, {
    "data": 1000010,
    "id": 500000270,
    "lvl": 10,
    "x": 20,
    "y": 28,
    "lmx": 27,
    "lmy": 20,
    "l1x": 21,
    "l1y": 30,
    "l3x": 27,
    "l3y": 20,
    "l4x": 19,
    "l4y": 8,
    "l5x": 20,
    "l5y": 28
  }, {
    "data": 1000010,
    "id": 500000271,
    "lvl": 10,
    "x": 28,
    "y": 22,
    "lmx": 28,
    "lmy": 20,
    "l1x": 20,
    "l1y": 30,
    "l3x": 28,
    "l3y": 20,
    "l4x": 18,
    "l4y": 8,
    "l5x": 28,
    "l5y": 22
  }, {
    "data": 1000010,
    "id": 500000272,
    "lvl": 10,
    "x": 28,
    "y": 21,
    "lmx": 29,
    "lmy": 20,
    "l1x": 19,
    "l1y": 30,
    "l3x": 29,
    "l3y": 20,
    "l4x": 17,
    "l4y": 8,
    "l5x": 28,
    "l5y": 21
  }, {
    "data": 1000010,
    "id": 500000273,
    "lvl": 10,
    "x": 21,
    "y": 28,
    "lmx": 30,
    "lmy": 20,
    "l1x": 23,
    "l1y": 30,
    "l3x": 30,
    "l3y": 20,
    "l4x": 16,
    "l4y": 8,
    "l5x": 21,
    "l5y": 28
  }, {
    "data": 1000010,
    "id": 500000274,
    "lvl": 10,
    "x": 22,
    "y": 28,
    "lmx": 30,
    "lmy": 21,
    "l1x": 24,
    "l1y": 30,
    "l3x": 30,
    "l3y": 21,
    "l4x": 15,
    "l4y": 8,
    "l5x": 22,
    "l5y": 28
  }, {
    "data": 1000010,
    "id": 500000275,
    "lvl": 10,
    "x": 22,
    "y": 29,
    "lmx": 30,
    "lmy": 22,
    "l1x": 25,
    "l1y": 30,
    "l3x": 30,
    "l3y": 22,
    "l4x": 15,
    "l4y": 9,
    "l5x": 22,
    "l5y": 29
  }, {
    "data": 1000010,
    "id": 500000276,
    "lvl": 10,
    "x": 29,
    "y": 22,
    "lmx": 30,
    "lmy": 23,
    "l1x": 28,
    "l1y": 29,
    "l3x": 30,
    "l3y": 23,
    "l4x": 15,
    "l4y": 10,
    "l5x": 29,
    "l5y": 22
  }, {
    "data": 1000010,
    "id": 500000277,
    "lvl": 10,
    "x": 29,
    "y": 23,
    "lmx": 30,
    "lmy": 24,
    "l1x": 28,
    "l1y": 28,
    "l3x": 30,
    "l3y": 24,
    "l4x": 15,
    "l4y": 11,
    "l5x": 29,
    "l5y": 23
  }, {
    "data": 1000010,
    "id": 500000278,
    "lvl": 10,
    "x": 23,
    "y": 29,
    "lmx": 30,
    "lmy": 25,
    "l1x": 28,
    "l1y": 27,
    "l3x": 30,
    "l3y": 25,
    "l4x": 10,
    "l4y": 23,
    "l5x": 23,
    "l5y": 29
  }, {
    "data": 1000010,
    "id": 500000279,
    "lvl": 10,
    "x": 25,
    "y": 29,
    "lmx": 30,
    "lmy": 26,
    "l1x": 28,
    "l1y": 26,
    "l3x": 30,
    "l3y": 26,
    "l4x": 19,
    "l4y": 20,
    "l5x": 25,
    "l5y": 29
  }, {
    "data": 1000010,
    "id": 500000280,
    "lvl": 10,
    "x": 30,
    "y": 30,
    "lmx": 30,
    "lmy": 27,
    "l1x": 28,
    "l1y": 25,
    "l3x": 30,
    "l3y": 27,
    "l4x": 19,
    "l4y": 19,
    "l5x": 30,
    "l5y": 30
  }, {
    "data": 1000009,
    "id": 500000281,
    "lvl": 12,
    "x": 13,
    "y": 13,
    "lmx": 24,
    "lmy": 10,
    "l1x": 24,
    "l1y": 10,
    "l3x": 24,
    "l3y": 10,
    "l5x": 13,
    "l5y": 13
  }, {
    "data": 1000011,
    "id": 500000282,
    "lvl": 7,
    "x": 13,
    "y": 20,
    "lmx": 24,
    "lmy": 13,
    "l1x": 33,
    "l1y": 12,
    "l3x": 24,
    "l3y": 13,
    "l4x": 13,
    "l4y": 28,
    "l5x": 13,
    "l5y": 20
  }, {
    "data": 1000012,
    "id": 500000283,
    "lvl": 7,
    "x": 29,
    "y": 14,
    "lmx": 17,
    "lmy": 18,
    "l1x": 22,
    "l1y": 17,
    "l3x": 17,
    "l3y": 18,
    "l4x": 13,
    "l4y": 18,
    "l5x": 29,
    "l5y": 14
  }, {
    "data": 1000026,
    "id": 500000284,
    "lvl": 6,
    "x": 40,
    "y": 22,
    "unit_prod": { "unit_type": 0, "t": 0, "slots": [{ "id": 4000013, "cnt": 1 }, { "id": 4000015, "cnt": 3 }, { "id": 4000011, "cnt": 4 }] },
    "lmx": 37,
    "lmy": 39,
    "l1x": 6,
    "l1y": 19,
    "l3x": 31,
    "l3y": 39,
    "l4x": 26,
    "l4y": 7,
    "l5x": 40,
    "l5y": 22
  }, {
    "data": 1000019,
    "id": 500000285,
    "lvl": 7,
    "x": 25,
    "y": 27,
    "lmx": 28,
    "lmy": 21,
    "l1x": 35,
    "l1y": 25,
    "l3x": 28,
    "l3y": 23,
    "l4x": 27,
    "l4y": 25,
    "l5x": 25,
    "l5y": 27
  }, {
    "data": 1000023,
    "id": 500000286,
    "lvl": 5,
    "x": 26,
    "y": 31,
    "res_time": 64778,
    "lmx": 13,
    "lmy": 18,
    "l1x": 6,
    "l1y": 31,
    "l3x": 25,
    "l3y": 31,
    "l4x": 16,
    "l4y": 22,
    "l5x": 26,
    "l5y": 31
  }, {
    "data": 1000013,
    "id": 500000287,
    "lvl": 7,
    "x": 24,
    "y": 34,
    "lmx": 17,
    "lmy": 14,
    "l1x": 31,
    "l1y": 23,
    "l3x": 17,
    "l3y": 15,
    "l5x": 24,
    "l5y": 34
  }, {
    "data": 1000023,
    "id": 500000288,
    "lvl": 5,
    "x": 31,
    "y": 26,
    "res_time": 64778,
    "lmx": 29,
    "lmy": 13,
    "l1x": 7,
    "l1y": 36,
    "l3x": 23,
    "l3y": 17,
    "l4x": 22,
    "l4y": 16,
    "l5x": 31,
    "l5y": 26
  }, {
    "data": 1000025,
    "id": 500000289,
    "lvl": 0,
    "x": 22,
    "y": 16,
    "lmx": 17,
    "lmy": 28,
    "l1x": 28,
    "l1y": 22,
    "l3x": 17,
    "l3y": 28,
    "l4x": 28,
    "l4y": 28,
    "l5x": 22,
    "l5y": 16
  }, {
    "data": 1000003,
    "id": 500000290,
    "lvl": 10,
    "x": 30,
    "y": 20,
    "lmx": 17,
    "lmy": 25,
    "l1x": 33,
    "l1y": 28,
    "l3x": 17,
    "l3y": 25,
    "l4x": 30,
    "l4y": 23,
    "l5x": 30,
    "l5y": 20
  }, {
    "data": 1000005,
    "id": 500000291,
    "lvl": 10,
    "x": 30,
    "y": 23,
    "lmx": 17,
    "lmy": 22,
    "l1x": 29,
    "l1y": 13,
    "l3x": 17,
    "l3y": 22,
    "l4x": 23,
    "l4y": 30,
    "l5x": 30,
    "l5y": 23
  }, {
    "data": 1000010,
    "id": 500000292,
    "lvl": 10,
    "x": 22,
    "y": 10,
    "lmx": 29,
    "lmy": 38,
    "l1x": 15,
    "l1y": 30,
    "l3x": 29,
    "l3y": 38,
    "l4x": 8,
    "l4y": 22,
    "l5x": 22,
    "l5y": 10
  }, {
    "data": 1000010,
    "id": 500000293,
    "lvl": 10,
    "x": 22,
    "y": 9,
    "lmx": 20,
    "lmy": 31,
    "l1x": 29,
    "l1y": 26,
    "l3x": 20,
    "l3y": 31,
    "l4x": 8,
    "l4y": 23,
    "l5x": 22,
    "l5y": 9
  }, {
    "data": 1000010,
    "id": 500000294,
    "lvl": 10,
    "x": 23,
    "y": 37,
    "lmx": 39,
    "lmy": 15,
    "l1x": 17,
    "l1y": 35,
    "l3x": 39,
    "l3y": 15,
    "l4x": 12,
    "l4y": 22,
    "l5x": 23,
    "l5y": 37
  }, {
    "data": 1000010,
    "id": 500000295,
    "lvl": 10,
    "x": 22,
    "y": 8,
    "lmx": 17,
    "lmy": 12,
    "l1x": 40,
    "l1y": 30,
    "l3x": 17,
    "l3y": 12,
    "l4x": 11,
    "l4y": 23,
    "l5x": 22,
    "l5y": 8
  }, {
    "data": 1000010,
    "id": 500000296,
    "lvl": 10,
    "x": 24,
    "y": 37,
    "lmx": 38,
    "lmy": 15,
    "l1x": 16,
    "l1y": 35,
    "l3x": 38,
    "l3y": 15,
    "l4x": 12,
    "l4y": 21,
    "l5x": 24,
    "l5y": 37
  }, {
    "data": 1000010,
    "id": 500000297,
    "lvl": 10,
    "x": 25,
    "y": 37,
    "lmx": 37,
    "lmy": 29,
    "l1x": 30,
    "l1y": 39,
    "l3x": 37,
    "l3y": 29,
    "l4x": 12,
    "l4y": 20,
    "l5x": 25,
    "l5y": 37
  }, {
    "data": 1000010,
    "id": 500000298,
    "lvl": 10,
    "x": 26,
    "y": 37,
    "lmx": 36,
    "lmy": 15,
    "l1x": 29,
    "l1y": 39,
    "l3x": 36,
    "l3y": 15,
    "l4x": 12,
    "l4y": 19,
    "l5x": 26,
    "l5y": 37
  }, {
    "data": 1000010,
    "id": 500000299,
    "lvl": 10,
    "x": 27,
    "y": 37,
    "lmx": 41,
    "lmy": 24,
    "l1x": 15,
    "l1y": 35,
    "l3x": 41,
    "l3y": 24,
    "l4x": 12,
    "l4y": 18,
    "l5x": 27,
    "l5y": 37
  }, {
    "data": 1000010,
    "id": 500000300,
    "lvl": 10,
    "x": 21,
    "y": 8,
    "lmx": 18,
    "lmy": 12,
    "l1x": 32,
    "l1y": 32,
    "l3x": 18,
    "l3y": 12,
    "l4x": 9,
    "l4y": 23,
    "l5x": 21,
    "l5y": 8
  }, {
    "data": 1000010,
    "id": 500000301,
    "lvl": 10,
    "x": 28,
    "y": 37,
    "lmx": 41,
    "lmy": 23,
    "l1x": 26,
    "l1y": 39,
    "l3x": 41,
    "l3y": 23,
    "l4x": 12,
    "l4y": 17,
    "l5x": 28,
    "l5y": 37
  }, {
    "data": 1000010,
    "id": 500000302,
    "lvl": 10,
    "x": 20,
    "y": 8,
    "lmx": 19,
    "lmy": 12,
    "l1x": 32,
    "l1y": 29,
    "l3x": 19,
    "l3y": 12,
    "l4x": 8,
    "l4y": 21,
    "l5x": 20,
    "l5y": 8
  }, {
    "data": 1000010,
    "id": 500000303,
    "lvl": 10,
    "x": 19,
    "y": 8,
    "lmx": 20,
    "lmy": 12,
    "l1x": 10,
    "l1y": 24,
    "l3x": 20,
    "l3y": 12,
    "l4x": 8,
    "l4y": 20,
    "l5x": 19,
    "l5y": 8
  }, {
    "data": 1000010,
    "id": 500000304,
    "lvl": 10,
    "x": 18,
    "y": 8,
    "lmx": 21,
    "lmy": 12,
    "l1x": 10,
    "l1y": 20,
    "l3x": 21,
    "l3y": 12,
    "l4x": 8,
    "l4y": 19,
    "l5x": 18,
    "l5y": 8
  }, {
    "data": 1000010,
    "id": 500000305,
    "lvl": 10,
    "x": 17,
    "y": 8,
    "lmx": 22,
    "lmy": 12,
    "l1x": 10,
    "l1y": 21,
    "l3x": 22,
    "l3y": 12,
    "l4x": 8,
    "l4y": 18,
    "l5x": 17,
    "l5y": 8
  }, {
    "data": 1000010,
    "id": 500000306,
    "lvl": 10,
    "x": 29,
    "y": 37,
    "lmx": 41,
    "lmy": 22,
    "l1x": 25,
    "l1y": 39,
    "l3x": 41,
    "l3y": 22,
    "l4x": 12,
    "l4y": 16,
    "l5x": 29,
    "l5y": 37
  }, {
    "data": 1000010,
    "id": 500000307,
    "lvl": 10,
    "x": 30,
    "y": 37,
    "lmx": 41,
    "lmy": 20,
    "l1x": 11,
    "l1y": 31,
    "l3x": 41,
    "l3y": 20,
    "l4x": 12,
    "l4y": 15,
    "l5x": 30,
    "l5y": 37
  }, {
    "data": 1000010,
    "id": 500000308,
    "lvl": 10,
    "x": 16,
    "y": 8,
    "lmx": 23,
    "lmy": 12,
    "l1x": 10,
    "l1y": 27,
    "l3x": 23,
    "l3y": 12,
    "l4x": 8,
    "l4y": 17,
    "l5x": 16,
    "l5y": 8
  }, {
    "data": 1000010,
    "id": 500000309,
    "lvl": 10,
    "x": 31,
    "y": 37,
    "lmx": 14,
    "lmy": 35,
    "l1x": 24,
    "l1y": 39,
    "l3x": 14,
    "l3y": 35,
    "l4x": 12,
    "l4y": 14,
    "l5x": 31,
    "l5y": 37
  }, {
    "data": 1000010,
    "id": 500000310,
    "lvl": 10,
    "x": 32,
    "y": 37,
    "lmx": 41,
    "lmy": 19,
    "l1x": 17,
    "l1y": 36,
    "l3x": 41,
    "l3y": 19,
    "l4x": 12,
    "l4y": 13,
    "l5x": 32,
    "l5y": 37
  }, {
    "data": 1000010,
    "id": 500000311,
    "lvl": 10,
    "x": 15,
    "y": 8,
    "lmx": 34,
    "lmy": 38,
    "l1x": 10,
    "l1y": 23,
    "l3x": 34,
    "l3y": 38,
    "l4x": 8,
    "l4y": 16,
    "l5x": 15,
    "l5y": 8
  }, {
    "data": 1000010,
    "id": 500000312,
    "lvl": 10,
    "x": 33,
    "y": 37,
    "lmx": 41,
    "lmy": 21,
    "l1x": 19,
    "l1y": 10,
    "l3x": 41,
    "l3y": 21,
    "l4x": 12,
    "l4y": 12,
    "l5x": 33,
    "l5y": 37
  }, {
    "data": 1000010,
    "id": 500000313,
    "lvl": 10,
    "x": 14,
    "y": 8,
    "lmx": 30,
    "lmy": 38,
    "l1x": 10,
    "l1y": 19,
    "l3x": 30,
    "l3y": 38,
    "l4x": 8,
    "l4y": 15,
    "l5x": 14,
    "l5y": 8
  }, {
    "data": 1000010,
    "id": 500000314,
    "lvl": 10,
    "x": 14,
    "y": 9,
    "lmx": 32,
    "lmy": 38,
    "l1x": 10,
    "l1y": 22,
    "l3x": 32,
    "l3y": 38,
    "l4x": 9,
    "l4y": 15,
    "l5x": 14,
    "l5y": 9
  }, {
    "data": 1000010,
    "id": 500000315,
    "lvl": 10,
    "x": 14,
    "y": 10,
    "lmx": 28,
    "lmy": 38,
    "l1x": 21,
    "l1y": 18,
    "l3x": 28,
    "l3y": 38,
    "l4x": 10,
    "l4y": 15,
    "l5x": 14,
    "l5y": 10
  }, {
    "data": 1000010,
    "id": 500000316,
    "lvl": 10,
    "x": 14,
    "y": 11,
    "lmx": 19,
    "lmy": 21,
    "l1x": 31,
    "l1y": 26,
    "l3x": 19,
    "l3y": 21,
    "l4x": 11,
    "l4y": 15,
    "l5x": 14,
    "l5y": 11
  }, {
    "data": 1000009,
    "id": 500000317,
    "lvl": 12,
    "x": 15,
    "y": 9,
    "lmx": 38,
    "lmy": 26,
    "l1x": 12,
    "l1y": 28,
    "l3x": 38,
    "l3y": 26,
    "l4x": 16,
    "l4y": 9,
    "l5x": 15,
    "l5y": 9
  }, {
    "data": 1000021,
    "id": 500000318,
    "lvl": 3,
    "x": 20,
    "y": 23,
    "attack_mode": false,
    "attack_mode_draft": false,
    "attack_mode_war": true,
    "attack_mode_draft_war": true,
    "attack_mode2": false,
    "attack_mode_d2": false,
    "attack_mode3": false,
    "attack_mode_d3": false,
    "attack_mode4": false,
    "attack_mode_d4": false,
    "attack_mode5": true,
    "attack_mode_d5": true,
    "ammo": 1500,
    "lmx": 23,
    "lmy": 21,
    "l1x": 27,
    "l1y": 18,
    "l3x": 23,
    "l3y": 21,
    "l4x": 23,
    "l4y": 20,
    "l5x": 20,
    "l5y": 23
  }, {
    "data": 1000021,
    "id": 500000319,
    "lvl": 3,
    "x": 23,
    "y": 20,
    "attack_mode": false,
    "attack_mode_draft": true,
    "attack_mode_war": true,
    "attack_mode_draft_war": true,
    "attack_mode2": false,
    "attack_mode_d2": false,
    "attack_mode3": false,
    "attack_mode_d3": false,
    "attack_mode4": false,
    "attack_mode_d4": false,
    "attack_mode5": true,
    "attack_mode_d5": true,
    "ammo": 1500,
    "lmx": 27,
    "lmy": 24,
    "l1x": 20,
    "l1y": 27,
    "l3x": 27,
    "l3y": 25,
    "l4x": 20,
    "l4y": 23,
    "l5x": 23,
    "l5y": 20
  }, {
    "data": 1000011,
    "id": 500000320,
    "lvl": 7,
    "x": 20,
    "y": 13,
    "lmx": 34,
    "lmy": 26,
    "l1x": 29,
    "l1y": 31,
    "l3x": 34,
    "l3y": 26,
    "l4x": 28,
    "l4y": 13,
    "l5x": 20,
    "l5y": 13
  }, {
    "data": 1000012,
    "id": 500000321,
    "lvl": 7,
    "x": 14,
    "y": 29,
    "lmx": 17,
    "lmy": 31,
    "l1x": 16,
    "l1y": 27,
    "l3x": 17,
    "l3y": 31,
    "l4x": 18,
    "l4y": 13,
    "l5x": 14,
    "l5y": 29
  }, {
    "data": 1000019,
    "id": 500000322,
    "lvl": 7,
    "x": 23,
    "y": 27,
    "lmx": 21,
    "lmy": 22,
    "l1x": 18,
    "l1y": 14,
    "l3x": 21,
    "l3y": 22,
    "l4x": 25,
    "l4y": 27,
    "l5x": 23,
    "l5y": 27
  }, {
    "data": 1000028,
    "id": 500000323,
    "lvl": 5,
    "x": 17,
    "y": 17,
    "aim_angle": 135,
    "aim_angle_draft": 135,
    "aim_angle_war": 180,
    "aim_angle_draft_war": 180,
    "aim_angle2": 45,
    "aim_angle_d2": 45,
    "aim_angle3": 135,
    "aim_angle_d3": 135,
    "aim_angle4": 270,
    "aim_angle_d4": 270,
    "aim_angle5": 45,
    "aim_angle_d5": 45,
    "lmx": 24,
    "lmy": 18,
    "l1x": 32,
    "l1y": 21,
    "l3x": 28,
    "l3y": 21,
    "l5x": 17,
    "l5y": 17
  }, {
    "data": 1000002,
    "id": 500000324,
    "lvl": 11,
    "x": 19,
    "y": 9,
    "res_time": 205692,
    "lmx": 11,
    "lmy": 36,
    "l1x": 42,
    "l1y": 42,
    "l3x": 11,
    "l3y": 36,
    "l4x": 20,
    "l4y": 9,
    "l5x": 19,
    "l5y": 9
  }, {
    "data": 1000004,
    "id": 500000325,
    "lvl": 11,
    "x": 9,
    "y": 19,
    "res_time": 205692,
    "lmx": 33,
    "lmy": 12,
    "l1x": 5,
    "l1y": 5,
    "l3x": 35,
    "l3y": 30,
    "l4x": 9,
    "l4y": 20,
    "l5x": 9,
    "l5y": 19
  }, {
    "data": 1000023,
    "id": 500000326,
    "lvl": 5,
    "x": 26,
    "y": 13,
    "res_time": 64778,
    "lmx": 19,
    "lmy": 35,
    "l1x": 42,
    "l1y": 5,
    "l3x": 33,
    "l3y": 12,
    "l4x": 7,
    "l4y": 12,
    "l5x": 26,
    "l5y": 13
  }, {
    "data": 1000027,
    "id": 500000327,
    "lvl": 2,
    "x": 26,
    "y": 21,
    "attack_mode": true,
    "attack_mode_draft": true,
    "attack_mode_war": true,
    "attack_mode_draft_war": true,
    "attack_mode2": true,
    "attack_mode_d2": true,
    "attack_mode3": false,
    "attack_mode_d3": false,
    "attack_mode4": true,
    "attack_mode_d4": true,
    "attack_mode5": true,
    "attack_mode_d5": true,
    "ammo": 1000,
    "lmx": 24,
    "lmy": 28,
    "l1x": 25,
    "l1y": 19,
    "l3x": 26,
    "l3y": 21,
    "l4x": 21,
    "l4y": 26,
    "l5x": 26,
    "l5y": 21
  }, {
    "data": 1000027,
    "id": 500000328,
    "lvl": 2,
    "x": 21,
    "y": 26,
    "attack_mode": true,
    "attack_mode_draft": true,
    "attack_mode_war": true,
    "attack_mode_draft_war": true,
    "attack_mode2": true,
    "attack_mode_d2": true,
    "attack_mode3": false,
    "attack_mode_d3": false,
    "attack_mode4": true,
    "attack_mode_d4": true,
    "attack_mode5": true,
    "attack_mode_d5": true,
    "ammo": 1000,
    "lmx": 26,
    "lmy": 21,
    "l1x": 23,
    "l1y": 26,
    "l3x": 24,
    "l3y": 28,
    "l4x": 26,
    "l4y": 21,
    "l5x": 21,
    "l5y": 26
  }, {
    "data": 1000008,
    "id": 500000329,
    "lvl": 12,
    "x": 18,
    "y": 38,
    "lmx": 38,
    "lmy": 30,
    "l1x": 29,
    "l1y": 35,
    "l3x": 38,
    "l3y": 30,
    "l5x": 18,
    "l5y": 38
  }, {
    "data": 1000009,
    "id": 500000330,
    "lvl": 12,
    "x": 9,
    "y": 15,
    "lmx": 28,
    "lmy": 34,
    "l1x": 17,
    "l1y": 31,
    "l3x": 39,
    "l3y": 12,
    "l4x": 9,
    "l4y": 16,
    "l5x": 9,
    "l5y": 15
  }, {
    "data": 1000021,
    "id": 500000331,
    "lvl": 3,
    "x": 31,
    "y": 31,
    "attack_mode": false,
    "attack_mode_draft": true,
    "attack_mode_war": true,
    "attack_mode_draft_war": true,
    "attack_mode2": false,
    "attack_mode_d2": false,
    "attack_mode3": false,
    "attack_mode_d3": false,
    "attack_mode4": false,
    "attack_mode_d4": false,
    "attack_mode5": false,
    "attack_mode_d5": false,
    "ammo": 1500,
    "lmx": 21,
    "lmy": 27,
    "l1x": 16,
    "l1y": 20,
    "l3x": 21,
    "l3y": 27,
    "l4x": 16,
    "l4y": 16,
    "l5x": 31,
    "l5y": 31
  }, {
    "data": 1000029,
    "id": 500000332,
    "lvl": 2,
    "x": 31,
    "y": 6,
    "units": [[26000009, 1]],
    "unit_prod": { "unit_type": 1 },
    "lmx": 10,
    "lmy": 9,
    "l1x": 6,
    "l1y": 10,
    "l5x": 31,
    "l5y": 6
  }, {
    "data": 1000028,
    "id": 500000333,
    "lvl": 5,
    "x": 35,
    "y": 35,
    "aim_angle": 315,
    "aim_angle_draft": 315,
    "aim_angle_war": 90,
    "aim_angle_draft_war": 90,
    "aim_angle2": 225,
    "aim_angle_d2": 225,
    "aim_angle3": 0,
    "aim_angle_d3": 0,
    "aim_angle4": 0,
    "aim_angle_d4": 0,
    "aim_angle5": 225,
    "aim_angle_d5": 225,
    "lmx": 25,
    "lmy": 31,
    "l1x": 27,
    "l1y": 14,
    "l5x": 35,
    "l5y": 35
  }, { "data": 1000010, "id": 500000334, "lvl": 10, "x": 10, "y": 28, "lmx": 22, "lmy": 44, "l5x": 10, "l5y": 28 },
  { "data": 1000010, "id": 500000335, "lvl": 10, "x": 10, "y": 27, "lmx": 21, "lmy": 44, "l5x": 10, "l5y": 27 },
  { "data": 1000010, "id": 500000336, "lvl": 10, "x": 39, "y": 27, "lmx": 20, "lmy": 44, "l5x": 27, "l5y": 10 },
  { "data": 1000010, "id": 500000337, "lvl": 10, "x": 39, "y": 26, "lmx": 19, "lmy": 44, "l5x": 26, "l5y": 10 },
  { "data": 1000010, "id": 500000338, "lvl": 10, "x": 39, "y": 25, "lmx": 18, "lmy": 44, "l5x": 25, "l5y": 10 },
  { "data": 1000010, "id": 500000339, "lvl": 10, "x": 22, "y": 39, "lmx": 27, "lmy": 6, "l5x": 22, "l5y": 39 },
  { "data": 1000010, "id": 500000340, "lvl": 10, "x": 23, "y": 39, "lmx": 29, "lmy": 6, "l5x": 23, "l5y": 39 },
  { "data": 1000010, "id": 500000341, "lvl": 10, "x": 24, "y": 39, "lmx": 31, "lmy": 6, "l5x": 24, "l5y": 39 },
  { "data": 1000010, "id": 500000342, "lvl": 10, "x": 25, "y": 39, "lmx": 32, "lmy": 7, "l5x": 25, "l5y": 39 },
  { "data": 1000010, "id": 500000343, "lvl": 10, "x": 26, "y": 39, "lmx": 23, "lmy": 7, "l5x": 26, "l5y": 39 },
  { "data": 1000010, "id": 500000344, "lvl": 10, "x": 27, "y": 39, "lmx": 23, "lmy": 8, "l5x": 27, "l5y": 39 },
  { "data": 1000010, "id": 500000345, "lvl": 10, "x": 28, "y": 39, "lmx": 32, "lmy": 8, "l5x": 28, "l5y": 39 },
  { "data": 1000010, "id": 500000346, "lvl": 10, "x": 39, "y": 23, "lmx": 32, "lmy": 6, "l5x": 39, "l5y": 22 },
  { "data": 1000010, "id": 500000347, "lvl": 10, "x": 28, "y": 9, "lmx": 30, "lmy": 6, "l5x": 39, "l5y": 23 },
  { "data": 1000010, "id": 500000348, "lvl": 10, "x": 27, "y": 9, "lmx": 28, "lmy": 6, "l5x": 39, "l5y": 24 },
  { "data": 1000010, "id": 500000349, "lvl": 10, "x": 10, "y": 26, "lmx": 24, "lmy": 43, "l5x": 10, "l5y": 26 },
  { "data": 1000010, "id": 500000350, "lvl": 10, "x": 39, "y": 24, "lmx": 18, "lmy": 43, "l5x": 24, "l5y": 10 },
  { "data": 1000010, "id": 500000351, "lvl": 10, "x": 26, "y": 9, "lmx": 24, "lmy": 6, "l5x": 39, "l5y": 25 },
  { "data": 1000010, "id": 500000352, "lvl": 10, "x": 25, "y": 9, "lmx": 26, "lmy": 6, "l5x": 39, "l5y": 26 },
  { "data": 1000010, "id": 500000353, "lvl": 10, "x": 24, "y": 9, "lmx": 25, "lmy": 6, "l5x": 39, "l5y": 27 },
  { "data": 1000010, "id": 500000354, "lvl": 10, "x": 23, "y": 9, "lmx": 23, "lmy": 6, "l5x": 39, "l5y": 28 },
  { "data": 1000010, "id": 500000355, "lvl": 10, "x": 39, "y": 28, "lmx": 18, "lmy": 42, "l5x": 23, "l5y": 10 },
  { "data": 1000010, "id": 500000356, "lvl": 10, "x": 10, "y": 25, "lmx": 24, "lmy": 42, "l5x": 10, "l5y": 25 },
  { "data": 1000010, "id": 500000357, "lvl": 10, "x": 10, "y": 24, "lmx": 24, "lmy": 44, "l5x": 10, "l5y": 24 },
  { "data": 1000010, "id": 500000358, "lvl": 10, "x": 10, "y": 23, "lmx": 23, "lmy": 44, "l5x": 10, "l5y": 23 }
  ],
  "obstacles": [
  { "data": 8000032, "id": 503000000, "x": 42, "y": 48, "loot_multiply_ver": 2 },
  { "data": 8000036, "id": 503000001, "x": 31, "y": 0, "loot_multiply_ver": 2 },
  { "data": 8000036, "id": 503000002, "x": 1, "y": 0, "loot_multiply_ver": 2 },
  { "data": 8000036, "id": 503000003, "x": 15, "y": 1, "loot_multiply_ver": 1 },
  { "data": 8000036, "id": 503000004, "x": 39, "y": 46, "loot_multiply_ver": 2 },
  { "data": 8000036, "id": 503000005, "x": 2, "y": 12, "loot_multiply_ver": 1 },
  { "data": 8000036, "id": 503000007, "x": 13, "y": 6, "loot_multiply_ver": 1 },
  { "data": 8000036, "id": 503000008, "x": 6, "y": 10, "loot_multiply_ver": 1 },
  { "data": 8000036, "id": 503000009, "x": 6, "y": 8, "loot_multiply_ver": 1 },
  { "data": 8000036, "id": 503000019, "x": 47, "y": 17, "loot_multiply_ver": 2 },
  { "data": 8000036, "id": 503000025, "x": 24, "y": 0, "loot_multiply_ver": 2 },
  { "data": 8000037, "id": 503000116, "x": 2, "y": 43, "loot_multiply_ver": 2 },
  { "data": 8000037, "id": 503000161, "x": 7, "y": 48, "loot_multiply_ver": 2 },
  { "data": 8000037, "id": 503000165, "x": 1, "y": 21, "loot_multiply_ver": 2 },
  { "data": 8000037, "id": 503000167, "x": 25, "y": 48, "loot_multiply_ver": 2 },
  { "data": 8000037, "id": 503000169, "x": 32, "y": 3, "loot_multiply_ver": 2 },
  { "data": 8000037, "id": 503000276, "x": 47, "y": 31, "loot_multiply_ver": 2 },
  { "data": 8000037, "id": 503000297, "x": 2, "y": 38, "loot_multiply_ver": 2 },
  { "data": 8000006, "id": 503000339, "x": 12, "y": 3, "loot_multiply_ver": 2 }
  ],
  "traps": [
  {
    "data": 12000000,
    "id": 504000000,
    "lvl": 5,
    "x": 33,
    "y": 22,
    "lmx": 23,
    "lmy": 37,
    "l1x": 34,
    "l1y": 15,
    "l3x": 23,
    "l3y": 37,
    "l5x": 33,
    "l5y": 22
  }, {
    "data": 12000000,
    "id": 504000001,
    "lvl": 5,
    "x": 30,
    "y": 33,
    "lmx": 16,
    "lmy": 26,
    "l1x": 20,
    "l1y": 20,
    "l3x": 14,
    "l3y": 26,
    "l5x": 30,
    "l5y": 33
  }, {
    "data": 12000001,
    "id": 504000002,
    "lvl": 0,
    "x": 16,
    "y": 18,
    "lmx": 29,
    "lmy": 23,
    "l1x": 17,
    "l1y": 34,
    "l3x": 35,
    "l3y": 20,
    "l5x": 16,
    "l5y": 18
  }, {
    "data": 12000001,
    "id": 504000003,
    "lvl": 0,
    "x": 18,
    "y": 16,
    "lmx": 16,
    "lmy": 30,
    "l1x": 28,
    "l1y": 36,
    "l3x": 16,
    "l3y": 30,
    "l5x": 18,
    "l5y": 16
  }, {
    "data": 12000005,
    "id": 504000004,
    "lvl": 3,
    "x": 21,
    "y": 29,
    "lmx": 32,
    "lmy": 33,
    "l1x": 18,
    "l1y": 12,
    "l3x": 34,
    "l3y": 34,
    "l5x": 21,
    "l5y": 29
  }, {
    "data": 12000005,
    "id": 504000005,
    "lvl": 3,
    "x": 11,
    "y": 18,
    "lmx": 20,
    "lmy": 18,
    "l1x": 10,
    "l1y": 29,
    "l3x": 16,
    "l3y": 16,
    "l5x": 11,
    "l5y": 18
  }, {
    "data": 12000000,
    "id": 504000006,
    "lvl": 5,
    "x": 33,
    "y": 30,
    "lmx": 16,
    "lmy": 25,
    "l1x": 19,
    "l1y": 20,
    "l3x": 14,
    "l3y": 25,
    "l5x": 33,
    "l5y": 30
  }, {
    "data": 12000000,
    "id": 504000007,
    "lvl": 5,
    "x": 33,
    "y": 23,
    "lmx": 22,
    "lmy": 37,
    "l1x": 33,
    "l1y": 15,
    "l3x": 35,
    "l3y": 19,
    "l5x": 33,
    "l5y": 23
  }, {
    "data": 12000001,
    "id": 504000008,
    "lvl": 0,
    "x": 27,
    "y": 35,
    "lmx": 31,
    "lmy": 33,
    "l1x": 12,
    "l1y": 27,
    "l3x": 30,
    "l3y": 34,
    "l5x": 27,
    "l5y": 35
  }, {
    "data": 12000001,
    "id": 504000009,
    "lvl": 0,
    "x": 27,
    "y": 34,
    "lmx": 34,
    "lmy": 20,
    "l1x": 16,
    "l1y": 15,
    "l3x": 35,
    "l3y": 15,
    "l5x": 27,
    "l5y": 34
  }, {
    "data": 12000002,
    "id": 504000010,
    "lvl": 3,
    "x": 22,
    "y": 33,
    "lmx": 35,
    "lmy": 19,
    "l1x": 19,
    "l1y": 17,
    "l3x": 34,
    "l3y": 35,
    "l5x": 22,
    "l5y": 33
  }, {
    "data": 12000002,
    "id": 504000011,
    "lvl": 3,
    "x": 22,
    "y": 35,
    "lmx": 35,
    "lmy": 24,
    "l1x": 25,
    "l1y": 17,
    "l3x": 34,
    "l3y": 24,
    "l5x": 22,
    "l5y": 35
  }, {
    "data": 12000000,
    "id": 504000012,
    "lvl": 5,
    "x": 34,
    "y": 22,
    "lmx": 34,
    "lmy": 15,
    "l1x": 15,
    "l1y": 25,
    "l3x": 36,
    "l3y": 25,
    "l4x": 15,
    "l4y": 16,
    "l5x": 34,
    "l5y": 22
  }, {
    "data": 12000000,
    "id": 504000013,
    "lvl": 5,
    "x": 34,
    "y": 23,
    "lmx": 35,
    "lmy": 15,
    "l1x": 15,
    "l1y": 26,
    "l3x": 36,
    "l3y": 24,
    "l4x": 16,
    "l4y": 15,
    "l5x": 34,
    "l5y": 23
  }, {
    "data": 12000006,
    "id": 504000014,
    "lvl": 2,
    "x": 18,
    "y": 11,
    "lmx": 34,
    "lmy": 19,
    "l1x": 28,
    "l1y": 8,
    "l3x": 34,
    "l3y": 20,
    "l5x": 18,
    "l5y": 11
  }, {
    "data": 12000005,
    "id": 504000015,
    "lvl": 3,
    "x": 29,
    "y": 33,
    "lmx": 22,
    "lmy": 21,
    "l1x": 35,
    "l1y": 27,
    "l3x": 22,
    "l3y": 21,
    "l5x": 29,
    "l5y": 33
  }, {
    "data": 12000005,
    "id": 504000016,
    "lvl": 3,
    "x": 33,
    "y": 29,
    "lmx": 11,
    "lmy": 25,
    "l1x": 31,
    "l1y": 22,
    "l3x": 27,
    "l3y": 23,
    "l5x": 33,
    "l5y": 29
  }, {
    "data": 12000001,
    "id": 504000017,
    "lvl": 0,
    "x": 35,
    "y": 27,
    "lmx": 15,
    "lmy": 35,
    "l1x": 28,
    "l1y": 11,
    "l3x": 17,
    "l3y": 34,
    "l5x": 35,
    "l5y": 27
  }, {
    "data": 12000001,
    "id": 504000018,
    "lvl": 0,
    "x": 34,
    "y": 27,
    "lmx": 34,
    "lmy": 25,
    "l1x": 38,
    "l1y": 26,
    "l3x": 22,
    "l3y": 38,
    "l5x": 34,
    "l5y": 27
  }, {
    "data": 12000002,
    "id": 504000019,
    "lvl": 3,
    "x": 35,
    "y": 22,
    "lmx": 22,
    "lmy": 35,
    "l1x": 23,
    "l1y": 28,
    "l3x": 22,
    "l3y": 35,
    "l5x": 35,
    "l5y": 22
  }, {
    "data": 12000008,
    "id": 504000020,
    "lvl": 2,
    "air_mode": false,
    "air_mode_draft": false,
    "air_mode_war": false,
    "air_mode_draft_war": false,
    "air_mode2": true,
    "air_mode_d2": true,
    "air_mode3": false,
    "air_mode_d3": false,
    "air_mode4": false,
    "air_mode_d4": false,
    "air_mode5": true,
    "air_mode_d5": true,
    "x": 38,
    "y": 38,
    "lmx": 26,
    "lmy": 27,
    "l1x": 28,
    "l1y": 10,
    "l3x": 26,
    "l3y": 27,
    "l5x": 38,
    "l5y": 38
  }, {
    "data": 12000008,
    "id": 504000021,
    "lvl": 2,
    "air_mode": false,
    "air_mode_draft": false,
    "air_mode_war": false,
    "air_mode_draft_war": false,
    "air_mode2": false,
    "air_mode_d2": false,
    "air_mode3": false,
    "air_mode_d3": false,
    "air_mode4": false,
    "air_mode_d4": false,
    "air_mode5": false,
    "air_mode_d5": false,
    "x": 27,
    "y": 19,
    "lmx": 24,
    "lmy": 27,
    "l1x": 28,
    "l1y": 38,
    "l3x": 24,
    "l3y": 27,
    "l5x": 27,
    "l5y": 19
  }, {
    "data": 12000006,
    "id": 504000022,
    "lvl": 2,
    "x": 18,
    "y": 36,
    "lmx": 33,
    "lmy": 33,
    "l1x": 29,
    "l1y": 38,
    "l3x": 35,
    "l3y": 34,
    "l5x": 18,
    "l5y": 36
  }, {
    "data": 12000002,
    "id": 504000023,
    "lvl": 3,
    "x": 29,
    "y": 31,
    "lmx": 14,
    "lmy": 25,
    "l1x": 21,
    "l1y": 34,
    "l3x": 15,
    "l3y": 25,
    "l4x": 13,
    "l4y": 16,
    "l5x": 29,
    "l5y": 31
  }, {
    "data": 12000006,
    "id": 504000024,
    "lvl": 2,
    "x": 36,
    "y": 18,
    "lmx": 21,
    "lmy": 21,
    "l1x": 27,
    "l1y": 29,
    "l3x": 21,
    "l3y": 21,
    "l5x": 36,
    "l5y": 18
  }, {
    "data": 12000006,
    "id": 504000025,
    "lvl": 2,
    "x": 32,
    "y": 14,
    "lmx": 25,
    "lmy": 27,
    "l1x": 26,
    "l1y": 29,
    "l3x": 25,
    "l3y": 27,
    "l5x": 32,
    "l5y": 14
  }, {
    "data": 12000005,
    "id": 504000026,
    "lvl": 3,
    "x": 29,
    "y": 21,
    "lmx": 22,
    "lmy": 38,
    "l1x": 27,
    "l1y": 37,
    "l3x": 34,
    "l3y": 19,
    "l5x": 29,
    "l5y": 21
  }, {
    "data": 12000002,
    "id": 504000027,
    "lvl": 3,
    "x": 31,
    "y": 29,
    "lmx": 27,
    "lmy": 14,
    "l1x": 27,
    "l1y": 32,
    "l3x": 27,
    "l3y": 14,
    "l4x": 16,
    "l4y": 13,
    "l5x": 31,
    "l5y": 29
  }, {
    "data": 12000006,
    "id": 504000028,
    "lvl": 2,
    "x": 14,
    "y": 32,
    "lmx": 26,
    "lmy": 23,
    "l1x": 22,
    "l1y": 20,
    "l3x": 26,
    "l3y": 23,
    "l5x": 14,
    "l5y": 32
  }, {
    "data": 12000008,
    "id": 504000029,
    "lvl": 2,
    "air_mode": false,
    "air_mode_draft": false,
    "air_mode_war": false,
    "air_mode_draft_war": false,
    "air_mode2": false,
    "air_mode_d2": false,
    "air_mode3": false,
    "air_mode_d3": false,
    "air_mode4": false,
    "air_mode_d4": false,
    "air_mode5": false,
    "air_mode_d5": false,
    "x": 19,
    "y": 27,
    "lmx": 17,
    "lmy": 35,
    "l1x": 34,
    "l1y": 22,
    "l3x": 27,
    "l3y": 24,
    "l5x": 19,
    "l5y": 27
  }
  ],
  "decos": [
  {
    "data": 18000031,
    "id": 506000000,
    "x": 5,
    "y": 42,
    "lmx": 9,
    "lmy": 39,
    "l1x": 9,
    "l1y": 39,
    "l3x": 9,
    "l3y": 39,
    "l4x": 5,
    "l4y": 5,
    "l5x": 5,
    "l5y": 42
  }, {
    "data": 18000006,
    "id": 506000001,
    "x": 37,
    "y": 5,
    "lmx": 9,
    "lmy": 37,
    "l1x": 7,
    "l1y": 39,
    "l3x": 9,
    "l3y": 37,
    "l5x": 37,
    "l5y": 5
  }, {
    "data": 18000005,
    "id": 506000002,
    "x": 35,
    "y": 5,
    "lmx": 11,
    "lmy": 41,
    "l1x": 5,
    "l1y": 39,
    "l3x": 11,
    "l3y": 41,
    "l5x": 35,
    "l5y": 5
  }, {
    "data": 18000005,
    "id": 506000003,
    "x": 43,
    "y": 13,
    "lmx": 7,
    "lmy": 37,
    "l1x": 9,
    "l1y": 43,
    "l3x": 7,
    "l3y": 37,
    "l5x": 43,
    "l5y": 13
  }, {
    "data": 18000006,
    "id": 506000004,
    "x": 43,
    "y": 11,
    "lmx": 11,
    "lmy": 39,
    "l1x": 9,
    "l1y": 41,
    "l3x": 11,
    "l3y": 39,
    "l5x": 43,
    "l5y": 11
  }, {
    "data": 18000006,
    "id": 506000005,
    "x": 43,
    "y": 7,
    "lmx": 7,
    "lmy": 39,
    "l1x": 5,
    "l1y": 41,
    "l3x": 7,
    "l3y": 39,
    "l5x": 43,
    "l5y": 7
  }, {
    "data": 18000005,
    "id": 506000006,
    "x": 39,
    "y": 5,
    "lmx": 9,
    "lmy": 43,
    "l1x": 5,
    "l1y": 43,
    "l3x": 9,
    "l3y": 43,
    "l5x": 39,
    "l5y": 5
  }, {
    "data": 18000006,
    "id": 506000007,
    "x": 41,
    "y": 5,
    "lmx": 9,
    "lmy": 41,
    "l1x": 7,
    "l1y": 43,
    "l3x": 9,
    "l3y": 41,
    "l5x": 41,
    "l5y": 5
  }, {
    "data": 18000005,
    "id": 506000008,
    "x": 43,
    "y": 9,
    "lmx": 5,
    "lmy": 39,
    "l1x": 7,
    "l1y": 41,
    "l3x": 5,
    "l3y": 39,
    "l5x": 43,
    "l5y": 9
  }, {
    "data": 18000001,
    "id": 506000009,
    "x": 41,
    "y": 7,
    "lmx": 11,
    "lmy": 43,
    "l1x": 11,
    "l1y": 43,
    "l3x": 11,
    "l3y": 43,
    "l4x": 5,
    "l4y": 7,
    "l5x": 41,
    "l5y": 7
  }, {
    "data": 18000001,
    "id": 506000010,
    "x": 43,
    "y": 5,
    "lmx": 5,
    "lmy": 37,
    "l1x": 5,
    "l1y": 37,
    "l3x": 5,
    "l3y": 37,
    "l4x": 7,
    "l4y": 5,
    "l5x": 43,
    "l5y": 5
  }
  ],
  "respawnVars": {
    "secondsFromLastRespawn": 16663,
    "respawnSeed": 164819931,
    "obstacleClearCounter": 7,
    "time_to_gembox_drop": 521385,
    "time_in_gembox_period": 195919
  },
  "cooldowns": [],
  "newShopBuildings": [
    4, 0, 7, 4, 7, 4, 4, 1, 6, 7, 275, 4, 4, 4, 1, 5, 0, 0, 0, 4, 1, 3, 1, 3, 1, 1, 2, 2, 2, 1, 0,
    0
  ],
  "newShopTraps": [6, 6, 5, 0, 0, 5, 5, 0, 3],
  "newShopDecos": [
    1, 4, 0, 0, 1, 0, 0, 0, 0, 0, 0, 0, 0, 0, 0, 0, 0, 0, 0, 0, 0, 0, 0, 0, 0, 0, 0, 0, 0, 0, 0, 0, 0, 0, 0, 0, 0
  ],
  "last_league_rank": 15,
  "last_alliance_level": 8,
  "last_league_shuffle": 1,
  "last_season_seen": 0,
  "last_news_seen": 210,
  "troop_req_msg": "any ",
  "war_req_msg": "max plzzzz",
  "war_tutorials_seen": 0,
  "war_base": true,
  "account_flags": 14,
  "bool_layout_edit_shown_erase": true
}