{
  "buildings": [
    { "data": 1000001, "lvl": 9, "x": 20, "y": 20, "l1x": 22, "l1y": 22 },
    { "data": 1000004, "lvl": 10, "x": 19, "y": 38, "res_time": 179003, "l1x": 23, "l1y": 4 },
    {
      "data": 1000000,
      "lvl": 7,
      "x": 34,
      "y": 34,
      "units": [[4000008, 1], [4000010, 1], [4000006, 1], [4000005, 4], [4000001, 1]],
      "storage_type": 0,
      "l1x": 8,
      "l1y": 31
    }, { "data": 1000015, "lvl": 0, "x": 35, "y": 30, "l1x": 27, "l1y": 8 },
    { "data": 1000014, "lvl": 5, "x": 16, "y": 16, "unit_req_time": 218, "l1x": 18, "l1y": 18 },
    { "data": 1000008, "lvl": 11, "x": 25, "y": 34, "l1x": 10, "l1y": 21 },
    { "data": 1000015, "lvl": 0, "x": 38, "y": 26, "l1x": 22, "l1y": 8 },
    { "data": 1000002, "lvl": 10, "x": 25, "y": 3, "res_time": 176727, "l1x": 4, "l1y": 28 },
    { "data": 1000003, "lvl": 10, "x": 6, "y": 19, "l1x": 14, "l1y": 29 },
    { "data": 1000005, "lvl": 10, "x": 6, "y": 22, "l1x": 14, "l1y": 19 },
    { "data": 1000009, "lvl": 11, "x": 34, "y": 16, "l1x": 10, "l1y": 27 },
    { "data": 1000008, "lvl": 11, "x": 34, "y": 25, "l1x": 21, "l1y": 10 },
    { "data": 1000002, "lvl": 10, "x": 21, "y": 3, "res_time": 179023, "l1x": 28, "l1y": 4 },
    { "data": 1000004, "lvl": 10, "x": 3, "y": 25, "res_time": 179005, "l1x": 10, "l1y": 24 },
    { "data": 1000010, "lvl": 8, "x": 10, "y": 21, "l1x": 30, "l1y": 22 },
    { "data": 1000010, "lvl": 8, "x": 10, "y": 22, "l1x": 30, "l1y": 23 },
    { "data": 1000010, "lvl": 8, "x": 10, "y": 23, "l1x": 30, "l1y": 24 },
    { "data": 1000010, "lvl": 8, "x": 10, "y": 24, "l1x": 30, "l1y": 25 },
    { "data": 1000010, "lvl": 8, "x": 10, "y": 25, "l1x": 30, "l1y": 26 },
    { "data": 1000010, "lvl": 8, "x": 10, "y": 26, "l1x": 30, "l1y": 27 },
    { "data": 1000010, "lvl": 8, "x": 10, "y": 27, "l1x": 30, "l1y": 28 },
    { "data": 1000010, "lvl": 8, "x": 10, "y": 28, "l1x": 30, "l1y": 29 },
    { "data": 1000010, "lvl": 8, "x": 33, "y": 15, "l1x": 30, "l1y": 30 },
    { "data": 1000010, "lvl": 8, "x": 33, "y": 16, "l1x": 29, "l1y": 30 },
    { "data": 1000010, "lvl": 8, "x": 33, "y": 17, "l1x": 28, "l1y": 30 },
    { "data": 1000010, "lvl": 10, "x": 24, "y": 23, "l1x": 17, "l1y": 19 },
    { "data": 1000010, "lvl": 8, "x": 33, "y": 18, "l1x": 27, "l1y": 30 },
    { "data": 1000010, "lvl": 8, "x": 33, "y": 19, "l1x": 26, "l1y": 30 },
    { "data": 1000010, "lvl": 8, "x": 33, "y": 20, "l1x": 25, "l1y": 30 },
    { "data": 1000010, "lvl": 8, "x": 33, "y": 21, "l1x": 24, "l1y": 30 },
    { "data": 1000010, "lvl": 8, "x": 33, "y": 22, "l1x": 23, "l1y": 30 },
    { "data": 1000010, "lvl": 8, "x": 33, "y": 23, "l1x": 22, "l1y": 30 },
    { "data": 1000010, "lvl": 8, "x": 33, "y": 24, "l1x": 29, "l1y": 20 },
    { "data": 1000010, "lvl": 8, "x": 33, "y": 25, "l1x": 29, "l1y": 19 },
    { "data": 1000010, "lvl": 8, "x": 33, "y": 26, "l1x": 29, "l1y": 18 },
    { "data": 1000010, "lvl": 8, "x": 33, "y": 27, "l1x": 25, "l1y": 20 },
    { "data": 1000010, "lvl": 8, "x": 33, "y": 28, "l1x": 25, "l1y": 19 },
    { "data": 1000010, "lvl": 8, "x": 15, "y": 14, "l1x": 25, "l1y": 18 },
    { "data": 1000010, "lvl": 8, "x": 15, "y": 13, "l1x": 21, "l1y": 20 },
    { "data": 1000002, "lvl": 10, "x": 38, "y": 15, "res_time": 179020, "l1x": 18, "l1y": 4 },
    { "data": 1000005, "lvl": 10, "x": 19, "y": 6, "l1x": 29, "l1y": 14 },
    { "data": 1000010, "lvl": 8, "x": 15, "y": 12, "l1x": 21, "l1y": 19 },
    { "data": 1000010, "lvl": 8, "x": 15, "y": 11, "l1x": 21, "l1y": 18 },
    { "data": 1000010, "lvl": 9, "x": 26, "y": 20, "l1x": 22, "l1y": 17 },
    { "data": 1000010, "lvl": 8, "x": 14, "y": 11, "l1x": 20, "l1y": 21 },
    { "data": 1000010, "lvl": 8, "x": 13, "y": 11, "l1x": 19, "l1y": 21 },
    { "data": 1000010, "lvl": 8, "x": 12, "y": 11, "l1x": 18, "l1y": 21 },
    { "data": 1000010, "lvl": 8, "x": 11, "y": 11, "l1x": 20, "l1y": 25 },
    { "data": 1000010, "lvl": 8, "x": 11, "y": 12, "l1x": 19, "l1y": 25 },
    { "data": 1000010, "lvl": 8, "x": 11, "y": 13, "l1x": 18, "l1y": 25 },
    { "data": 1000003, "lvl": 10, "x": 22, "y": 6, "l1x": 19, "l1y": 14 },
    { "data": 1000010, "lvl": 8, "x": 11, "y": 14, "l1x": 20, "l1y": 29 },
    { "data": 1000010, "lvl": 8, "x": 11, "y": 15, "l1x": 19, "l1y": 29 },
    { "data": 1000010, "lvl": 8, "x": 12, "y": 15, "l1x": 18, "l1y": 29 },
    { "data": 1000010, "lvl": 8, "x": 13, "y": 15, "l1x": 26, "l1y": 25 },
    { "data": 1000010, "lvl": 8, "x": 14, "y": 15, "l1x": 26, "l1y": 24 },
    { "data": 1000010, "lvl": 8, "x": 15, "y": 29, "l1x": 26, "l1y": 23 },
    { "data": 1000010, "lvl": 8, "x": 15, "y": 30, "l1x": 26, "l1y": 22 },
    { "data": 1000010, "lvl": 8, "x": 15, "y": 31, "l1x": 25, "l1y": 26 },
    { "data": 1000010, "lvl": 8, "x": 15, "y": 32, "l1x": 24, "l1y": 26 },
    { "data": 1000010, "lvl": 8, "x": 14, "y": 32, "l1x": 23, "l1y": 26 },
    { "data": 1000010, "lvl": 8, "x": 13, "y": 32, "l1x": 22, "l1y": 26 },
    { "data": 1000010, "lvl": 8, "x": 12, "y": 32, "l1x": 4, "l1y": 4 },
    { "data": 1000010, "lvl": 8, "x": 11, "y": 32, "l1x": 33, "l1y": 17 },
    { "data": 1000010, "lvl": 8, "x": 11, "y": 31, "l1x": 33, "l1y": 18 },
    { "data": 1000010, "lvl": 8, "x": 11, "y": 30, "l1x": 33, "l1y": 19 },
    { "data": 1000010, "lvl": 8, "x": 11, "y": 29, "l1x": 33, "l1y": 20 },
    { "data": 1000013, "lvl": 7, "x": 12, "y": 12, "l1x": 14, "l1y": 26 },
    {
      "data": 1000000,
      "lvl": 7,
      "x": 33,
      "y": 6,
      "units": [[4000005, 4], [4000015, 3], [4000006, 1], [4000001, 1]],
      "storage_type": 0,
      "l1x": 16,
      "l1y": 36
    }, { "data": 1000004, "lvl": 10, "x": 15, "y": 38, "res_time": 179004, "l1x": 24, "l1y": 10 },
    { "data": 1000010, "lvl": 8, "x": 11, "y": 28, "l1x": 20, "l1y": 33 },
    { "data": 1000010, "lvl": 8, "x": 12, "y": 28, "l1x": 19, "l1y": 33 },
    { "data": 1000010, "lvl": 8, "x": 13, "y": 28, "l1x": 18, "l1y": 33 },
    { "data": 1000004, "lvl": 10, "x": 4, "y": 29, "res_time": 179005, "l1x": 9, "l1y": 12 },
    { "data": 1000002, "lvl": 10, "x": 37, "y": 11, "res_time": 179021, "l1x": 10, "l1y": 18 },
    { "data": 1000015, "lvl": 0, "x": 23, "y": 39, "l1x": 10, "l1y": 10 },
    { "data": 1000009, "lvl": 11, "x": 7, "y": 25, "l1x": 27, "l1y": 10 },
    { "data": 1000010, "lvl": 8, "x": 14, "y": 28, "l1x": 17, "l1y": 33 },
    { "data": 1000010, "lvl": 8, "x": 31, "y": 32, "l1x": 21, "l1y": 22 },
    { "data": 1000010, "lvl": 8, "x": 30, "y": 32, "l1x": 21, "l1y": 23 },
    { "data": 1000010, "lvl": 8, "x": 29, "y": 32, "l1x": 21, "l1y": 24 },
    { "data": 1000010, "lvl": 8, "x": 28, "y": 32, "l1x": 21, "l1y": 25 },
    { "data": 1000010, "lvl": 8, "x": 28, "y": 31, "l1x": 21, "l1y": 26 },
    { "data": 1000010, "lvl": 8, "x": 28, "y": 30, "l1x": 21, "l1y": 27 },
    { "data": 1000010, "lvl": 7, "x": 37, "y": 29, "l1x": 11, "l1y": 30 },
    { "data": 1000010, "lvl": 7, "x": 37, "y": 32, "l1x": 10, "l1y": 30 },
    { "data": 1000010, "lvl": 8, "x": 28, "y": 29, "l1x": 21, "l1y": 28 },
    { "data": 1000010, "lvl": 7, "x": 34, "y": 32, "l1x": 9, "l1y": 30 },
    { "data": 1000007, "lvl": 7, "x": 29, "y": 34, "l1x": 38, "l1y": 38 },
    { "data": 1000010, "lvl": 8, "x": 32, "y": 32, "l1x": 21, "l1y": 29 },
    { "data": 1000010, "lvl": 7, "x": 34, "y": 29, "l1x": 8, "l1y": 30 },
    { "data": 1000010, "lvl": 8, "x": 32, "y": 31, "l1x": 21, "l1y": 30 },
    { "data": 1000010, "lvl": 7, "x": 11, "y": 23, "l1x": 7, "l1y": 30 },
    { "data": 1000010, "lvl": 8, "x": 32, "y": 30, "l1x": 21, "l1y": 31 },
    { "data": 1000010, "lvl": 8, "x": 32, "y": 29, "l1x": 21, "l1y": 32 },
    { "data": 1000010, "lvl": 8, "x": 32, "y": 28, "l1x": 21, "l1y": 33 },
    { "data": 1000010, "lvl": 8, "x": 31, "y": 28, "l1x": 21, "l1y": 34 },
    { "data": 1000010, "lvl": 8, "x": 30, "y": 28, "l1x": 21, "l1y": 35 },
    { "data": 1000010, "lvl": 8, "x": 29, "y": 28, "l1x": 21, "l1y": 36 },
    { "data": 1000010, "lvl": 7, "x": 11, "y": 19, "l1x": 7, "l1y": 29 },
    { "data": 1000012, "lvl": 7, "x": 13, "y": 20, "l1x": 14, "l1y": 22 },
    { "data": 1000015, "lvl": 0, "x": 26, "y": 38, "l1x": 8, "l1y": 22 },
    { "data": 1000010, "lvl": 8, "x": 29, "y": 15, "l1x": 21, "l1y": 37 },
    { "data": 1000010, "lvl": 8, "x": 30, "y": 15, "l1x": 22, "l1y": 37 },
    { "data": 1000010, "lvl": 8, "x": 31, "y": 15, "l1x": 23, "l1y": 37 },
    { "data": 1000004, "lvl": 10, "x": 11, "y": 37, "res_time": 179004, "l1x": 12, "l1y": 9 },
    { "data": 1000000, "lvl": 7, "x": 6, "y": 33, "units": [[4000008, 3]], "storage_type": 0, "l1x": 31, "l1y": 8 },
    { "data": 1000011, "lvl": 7, "x": 24, "y": 12, "l1x": 30, "l1y": 18 },
    { "data": 1000008, "lvl": 11, "x": 25, "y": 7, "l1x": 31, "l1y": 25 },
    { "data": 1000002, "lvl": 10, "x": 29, "y": 4, "res_time": 179022, "l1x": 18, "l1y": 10 },
    { "data": 1000010, "lvl": 8, "x": 32, "y": 15, "l1x": 24, "l1y": 37 },
    { "data": 1000010, "lvl": 8, "x": 32, "y": 14, "l1x": 25, "l1y": 37 },
    { "data": 1000010, "lvl": 7, "x": 19, "y": 11, "l1x": 30, "l1y": 10 },
    { "data": 1000010, "lvl": 8, "x": 32, "y": 13, "l1x": 26, "l1y": 37 },
    { "data": 1000010, "lvl": 7, "x": 23, "y": 11, "l1x": 7, "l1y": 25 },
    { "data": 1000010, "lvl": 8, "x": 32, "y": 12, "l1x": 27, "l1y": 37 },
    { "data": 1000010, "lvl": 7, "x": 32, "y": 20, "l1x": 7, "l1y": 27 },
    { "data": 1000010, "lvl": 8, "x": 32, "y": 11, "l1x": 28, "l1y": 37 },
    { "data": 1000010, "lvl": 7, "x": 32, "y": 24, "l1x": 7, "l1y": 28 },
    { "data": 1000010, "lvl": 7, "x": 20, "y": 32, "l1x": 7, "l1y": 26 },
    { "data": 1000010, "lvl": 7, "x": 24, "y": 32, "l1x": 7, "l1y": 24 },
    { "data": 1000010, "lvl": 8, "x": 31, "y": 11, "l1x": 29, "l1y": 37 },
    { "data": 1000010, "lvl": 7, "x": 11, "y": 21, "l1x": 30, "l1y": 9 },
    { "data": 1000010, "lvl": 7, "x": 22, "y": 32, "l1x": 30, "l1y": 8 },
    { "data": 1000010, "lvl": 7, "x": 32, "y": 22, "l1x": 7, "l1y": 10 },
    { "data": 1000010, "lvl": 8, "x": 30, "y": 11, "l1x": 30, "l1y": 37 },
    { "data": 1000010, "lvl": 7, "x": 21, "y": 11, "l1x": 7, "l1y": 12 },
    { "data": 1000010, "lvl": 8, "x": 29, "y": 11, "l1x": 31, "l1y": 37 },
    { "data": 1000010, "lvl": 8, "x": 28, "y": 11, "l1x": 32, "l1y": 37 },
    { "data": 1000010, "lvl": 8, "x": 28, "y": 12, "l1x": 33, "l1y": 37 },
    { "data": 1000010, "lvl": 7, "x": 28, "y": 10, "l1x": 7, "l1y": 13 },
    { "data": 1000010, "lvl": 7, "x": 27, "y": 10, "l1x": 7, "l1y": 11 },
    { "data": 1000002, "lvl": 10, "x": 33, "y": 12, "res_time": 179019, "l1x": 31, "l1y": 28 },
    { "data": 1000004, "lvl": 10, "x": 12, "y": 33, "res_time": 179005, "l1x": 23, "l1y": 39 },
    { "data": 1000013, "lvl": 7, "x": 29, "y": 12, "l1x": 26, "l1y": 14 },
    { "data": 1000009, "lvl": 11, "x": 30, "y": 25, "l1x": 9, "l1y": 15 },
    { "data": 1000010, "lvl": 8, "x": 28, "y": 13, "l1x": 34, "l1y": 37 },
    { "data": 1000010, "lvl": 7, "x": 26, "y": 10, "l1x": 7, "l1y": 9 },
    { "data": 1000010, "lvl": 7, "x": 25, "y": 10, "l1x": 7, "l1y": 8 },
    { "data": 1000010, "lvl": 7, "x": 24, "y": 10, "l1x": 7, "l1y": 7 },
    { "data": 1000010, "lvl": 8, "x": 28, "y": 14, "l1x": 35, "l1y": 37 },
    { "data": 1000010, "lvl": 8, "x": 24, "y": 29, "l1x": 36, "l1y": 37 },
    { "data": 1000010, "lvl": 8, "x": 24, "y": 30, "l1x": 37, "l1y": 37 },
    { "data": 1000010, "lvl": 8, "x": 24, "y": 31, "l1x": 37, "l1y": 36 },
    { "data": 1000010, "lvl": 8, "x": 23, "y": 31, "l1x": 37, "l1y": 35 },
    { "data": 1000010, "lvl": 9, "x": 25, "y": 20, "l1x": 21, "l1y": 17 },
    { "data": 1000010, "lvl": 8, "x": 22, "y": 31, "l1x": 37, "l1y": 34 },
    { "data": 1000010, "lvl": 8, "x": 21, "y": 31, "l1x": 37, "l1y": 33 },
    { "data": 1000010, "lvl": 8, "x": 20, "y": 31, "l1x": 37, "l1y": 32 },
    { "data": 1000010, "lvl": 7, "x": 23, "y": 10, "l1x": 30, "l1y": 7 },
    { "data": 1000010, "lvl": 8, "x": 20, "y": 30, "l1x": 37, "l1y": 31 },
    { "data": 1000010, "lvl": 8, "x": 20, "y": 29, "l1x": 37, "l1y": 30 },
    { "data": 1000010, "lvl": 8, "x": 29, "y": 20, "l1x": 37, "l1y": 29 },
    { "data": 1000010, "lvl": 7, "x": 22, "y": 10, "l1x": 16, "l1y": 7 },
    { "data": 1000010, "lvl": 7, "x": 21, "y": 10, "l1x": 18, "l1y": 7 },
    { "data": 1000010, "lvl": 8, "x": 30, "y": 20, "l1x": 37, "l1y": 28 },
    { "data": 1000010, "lvl": 8, "x": 31, "y": 20, "l1x": 37, "l1y": 27 },
    { "data": 1000010, "lvl": 8, "x": 31, "y": 21, "l1x": 37, "l1y": 26 },
    { "data": 1000010, "lvl": 8, "x": 31, "y": 22, "l1x": 37, "l1y": 25 },
    { "data": 1000010, "lvl": 8, "x": 31, "y": 23, "l1x": 37, "l1y": 24 },
    { "data": 1000010, "lvl": 8, "x": 31, "y": 24, "l1x": 37, "l1y": 23 },
    { "data": 1000010, "lvl": 8, "x": 30, "y": 24, "l1x": 37, "l1y": 22 },
    { "data": 1000010, "lvl": 8, "x": 29, "y": 24, "l1x": 37, "l1y": 21 },
    { "data": 1000010, "lvl": 8, "x": 23, "y": 14, "l1x": 36, "l1y": 21 },
    { "data": 1000010, "lvl": 8, "x": 23, "y": 13, "l1x": 35, "l1y": 21 },
    { "data": 1000010, "lvl": 8, "x": 23, "y": 12, "l1x": 34, "l1y": 21 },
    { "data": 1000010, "lvl": 8, "x": 22, "y": 12, "l1x": 33, "l1y": 21 },
    { "data": 1000010, "lvl": 7, "x": 20, "y": 10, "l1x": 20, "l1y": 7 },
    { "data": 1000010, "lvl": 8, "x": 21, "y": 12, "l1x": 32, "l1y": 21 },
    { "data": 1000010, "lvl": 8, "x": 20, "y": 12, "l1x": 31, "l1y": 21 },
    { "data": 1000013, "lvl": 7, "x": 12, "y": 29, "l1x": 27, "l1y": 27 },
    { "data": 1000008, "lvl": 11, "x": 16, "y": 7, "l1x": 34, "l1y": 28 },
    { "data": 1000009, "lvl": 11, "x": 25, "y": 30, "l1x": 15, "l1y": 9 },
    { "data": 1000010, "lvl": 8, "x": 19, "y": 16, "l1x": 22, "l1y": 7 },
    { "data": 1000010, "lvl": 8, "x": 19, "y": 17, "l1x": 30, "l1y": 21 },
    { "data": 1000010, "lvl": 8, "x": 19, "y": 18, "l1x": 24, "l1y": 7 },
    { "data": 1000010, "lvl": 8, "x": 18, "y": 19, "l1x": 29, "l1y": 21 },
    { "data": 1000010, "lvl": 8, "x": 17, "y": 19, "l1x": 28, "l1y": 21 },
    { "data": 1000010, "lvl": 8, "x": 16, "y": 19, "l1x": 27, "l1y": 21 },
    { "data": 1000010, "lvl": 8, "x": 27, "y": 24, "l1x": 26, "l1y": 21 },
    { "data": 1000010, "lvl": 8, "x": 26, "y": 24, "l1x": 25, "l1y": 21 },
    { "data": 1000010, "lvl": 8, "x": 25, "y": 24, "l1x": 24, "l1y": 21 },
    { "data": 1000010, "lvl": 10, "x": 24, "y": 24, "l1x": 17, "l1y": 18 },
    { "data": 1000010, "lvl": 9, "x": 24, "y": 20, "l1x": 20, "l1y": 17 },
    { "data": 1000010, "lvl": 8, "x": 24, "y": 25, "l1x": 23, "l1y": 21 },
    { "data": 1000010, "lvl": 9, "x": 24, "y": 21, "l1x": 23, "l1y": 17 },
    { "data": 1000010, "lvl": 8, "x": 24, "y": 26, "l1x": 22, "l1y": 21 },
    { "data": 1000010, "lvl": 9, "x": 27, "y": 20, "l1x": 26, "l1y": 26 },
    { "data": 1000010, "lvl": 10, "x": 23, "y": 24, "l1x": 13, "l1y": 13 },
    { "data": 1000012, "lvl": 7, "x": 20, "y": 13, "l1x": 22, "l1y": 14 },
    {
      "data": 1000000,
      "lvl": 7,
      "x": 3,
      "y": 3,
      "units": [[4000000, 5], [4000010, 4], [4000001, 3], [4000006, 6], [4000005, 4]],
      "storage_type": 0,
      "l1x": 36,
      "l1y": 16
    }, { "data": 1000006, "lvl": 9, "x": 3, "y": 9, "unit_prod": { "unit_type": 0 }, "l1x": 4, "l1y": 23 },
    { "data": 1000019, "lvl": 6, "x": 11, "y": 9, "l1x": 36, "l1y": 8 },
    { "data": 1000011, "lvl": 7, "x": 12, "y": 24, "l1x": 22, "l1y": 18 },
    { "data": 1000009, "lvl": 11, "x": 16, "y": 11, "l1x": 34, "l1y": 22 },
    { "data": 1000010, "lvl": 8, "x": 24, "y": 27, "l1x": 21, "l1y": 21 },
    { "data": 1000010, "lvl": 10, "x": 22, "y": 24, "l1x": 19, "l1y": 17 },
    { "data": 1000010, "lvl": 8, "x": 13, "y": 19, "l1x": 30, "l1y": 11 },
    { "data": 1000010, "lvl": 8, "x": 14, "y": 19, "l1x": 30, "l1y": 12 },
    { "data": 1000010, "lvl": 8, "x": 12, "y": 19, "l1x": 13, "l1y": 31 },
    { "data": 1000010, "lvl": 10, "x": 21, "y": 24, "l1x": 18, "l1y": 17 },
    { "data": 1000019, "lvl": 6, "x": 9, "y": 11, "l1x": 28, "l1y": 25 },
    { "data": 1000003, "lvl": 10, "x": 35, "y": 22, "l1x": 34, "l1y": 25 },
    { "data": 1000005, "lvl": 10, "x": 35, "y": 19, "l1x": 34, "l1y": 31 },
    { "data": 1000015, "lvl": 0, "x": 39, "y": 23, "l1x": 8, "l1y": 27 },
    { "data": 1000010, "lvl": 8, "x": 19, "y": 15, "l1x": 13, "l1y": 32 },
    { "data": 1000010, "lvl": 8, "x": 18, "y": 15, "l1x": 14, "l1y": 32 },
    { "data": 1000010, "lvl": 8, "x": 17, "y": 15, "l1x": 15, "l1y": 32 },
    { "data": 1000010, "lvl": 8, "x": 16, "y": 15, "l1x": 16, "l1y": 32 },
    { "data": 1000010, "lvl": 8, "x": 15, "y": 15, "l1x": 17, "l1y": 32 },
    { "data": 1000010, "lvl": 8, "x": 15, "y": 16, "l1x": 17, "l1y": 31 },
    { "data": 1000010, "lvl": 8, "x": 15, "y": 17, "l1x": 17, "l1y": 30 },
    { "data": 1000010, "lvl": 8, "x": 15, "y": 18, "l1x": 17, "l1y": 29 },
    { "data": 1000010, "lvl": 8, "x": 15, "y": 19, "l1x": 17, "l1y": 28 },
    { "data": 1000010, "lvl": 8, "x": 12, "y": 22, "l1x": 17, "l1y": 27 },
    { "data": 1000010, "lvl": 7, "x": 19, "y": 10, "l1x": 26, "l1y": 7 },
    { "data": 1000010, "lvl": 9, "x": 20, "y": 27, "l1x": 17, "l1y": 23 },
    { "data": 1000010, "lvl": 8, "x": 12, "y": 21, "l1x": 28, "l1y": 7 },
    { "data": 1000010, "lvl": 9, "x": 20, "y": 26, "l1x": 17, "l1y": 22 },
    { "data": 1000010, "lvl": 8, "x": 12, "y": 20, "l1x": 29, "l1y": 7 },
    { "data": 1000010, "lvl": 7, "x": 18, "y": 10, "l1x": 27, "l1y": 7 },
    { "data": 1000010, "lvl": 7, "x": 17, "y": 10, "l1x": 25, "l1y": 7 },
    { "data": 1000010, "lvl": 7, "x": 16, "y": 10, "l1x": 23, "l1y": 7 },
    { "data": 1000010, "lvl": 7, "x": 15, "y": 10, "l1x": 21, "l1y": 7 },
    { "data": 1000010, "lvl": 7, "x": 28, "y": 33, "l1x": 19, "l1y": 7 },
    { "data": 1000010, "lvl": 9, "x": 20, "y": 25, "l1x": 17, "l1y": 21 },
    { "data": 1000010, "lvl": 8, "x": 27, "y": 28, "l1x": 17, "l1y": 26 },
    { "data": 1000010, "lvl": 7, "x": 27, "y": 33, "l1x": 17, "l1y": 7 },
    { "data": 1000010, "lvl": 8, "x": 26, "y": 28, "l1x": 17, "l1y": 25 },
    { "data": 1000010, "lvl": 7, "x": 26, "y": 33, "l1x": 15, "l1y": 7 },
    { "data": 1000010, "lvl": 7, "x": 25, "y": 33, "l1x": 14, "l1y": 7 },
    { "data": 1000010, "lvl": 7, "x": 24, "y": 33, "l1x": 7, "l1y": 17 },
    { "data": 1000010, "lvl": 7, "x": 23, "y": 33, "l1x": 7, "l1y": 19 },
    { "data": 1000010, "lvl": 8, "x": 25, "y": 28, "l1x": 17, "l1y": 24 },
    { "data": 1000010, "lvl": 7, "x": 22, "y": 33, "l1x": 7, "l1y": 21 },
    { "data": 1000010, "lvl": 7, "x": 21, "y": 33, "l1x": 7, "l1y": 23 },
    { "data": 1000010, "lvl": 7, "x": 20, "y": 33, "l1x": 9, "l1y": 7 },
    { "data": 1000010, "lvl": 7, "x": 19, "y": 33, "l1x": 11, "l1y": 7 },
    { "data": 1000010, "lvl": 7, "x": 18, "y": 33, "l1x": 13, "l1y": 7 },
    { "data": 1000010, "lvl": 7, "x": 17, "y": 33, "l1x": 12, "l1y": 7 },
    { "data": 1000010, "lvl": 8, "x": 24, "y": 28, "l1x": 24, "l1y": 17 },
    { "data": 1000010, "lvl": 7, "x": 16, "y": 33, "l1x": 10, "l1y": 7 },
    { "data": 1000010, "lvl": 7, "x": 15, "y": 33, "l1x": 8, "l1y": 7 },
    { "data": 1000010, "lvl": 7, "x": 10, "y": 15, "l1x": 7, "l1y": 22 },
    { "data": 1000010, "lvl": 9, "x": 20, "y": 24, "l1x": 17, "l1y": 20 },
    { "data": 1000010, "lvl": 8, "x": 14, "y": 23, "l1x": 25, "l1y": 17 },
    { "data": 1000010, "lvl": 8, "x": 13, "y": 23, "l1x": 26, "l1y": 17 },
    { "data": 1000010, "lvl": 8, "x": 12, "y": 23, "l1x": 27, "l1y": 17 },
    { "data": 1000010, "lvl": 8, "x": 28, "y": 28, "l1x": 28, "l1y": 17 },
    {
      "data": 1000020,
      "lvl": 4,
      "x": 17,
      "y": 3,
      "units": [[26000000, 3], [26000002, 2]],
      "storage_type": 1,
      "unit_prod": { "unit_type": 1 },
      "l1x": 39,
      "l1y": 23
    }, { "data": 1000011, "lvl": 7, "x": 29, "y": 17, "l1x": 18, "l1y": 22 },
    { "data": 1000019, "lvl": 6, "x": 16, "y": 26, "l1x": 17, "l1y": 14 },
    { "data": 1000019, "lvl": 6, "x": 26, "y": 16, "l1x": 25, "l1y": 28 },
    { "data": 1000009, "lvl": 11, "x": 11, "y": 16, "l1x": 22, "l1y": 34 },
    {
      "data": 1000021,
      "lvl": 3,
      "x": 25,
      "y": 25,
      "attack_mode": true,
      "attack_mode_war": true,
      "ammo": 1342,
      "l1x": 14,
      "l1y": 14
    }, { "data": 1000008, "lvl": 11, "x": 7, "y": 16, "l1x": 25, "l1y": 31 },
    { "data": 1000012, "lvl": 7, "x": 21, "y": 28, "l1x": 31, "l1y": 22 },
    { "data": 1000010, "lvl": 7, "x": 10, "y": 16, "l1x": 7, "l1y": 20 },
    { "data": 1000010, "lvl": 8, "x": 28, "y": 27, "l1x": 29, "l1y": 17 },
    { "data": 1000010, "lvl": 7, "x": 10, "y": 17, "l1x": 7, "l1y": 18 },
    { "data": 1000010, "lvl": 8, "x": 28, "y": 26, "l1x": 30, "l1y": 17 },
    { "data": 1000010, "lvl": 7, "x": 10, "y": 18, "l1x": 7, "l1y": 16 },
    { "data": 1000010, "lvl": 8, "x": 28, "y": 25, "l1x": 31, "l1y": 17 },
    { "data": 1000010, "lvl": 10, "x": 24, "y": 22, "l1x": 17, "l1y": 17 },
    { "data": 1000010, "lvl": 7, "x": 10, "y": 19, "l1x": 7, "l1y": 15 },
    { "data": 1000010, "lvl": 8, "x": 28, "y": 24, "l1x": 32, "l1y": 17 },
    { "data": 1000010, "lvl": 7, "x": 10, "y": 20, "l1x": 7, "l1y": 14 },
    { "data": 1000010, "lvl": 8, "x": 19, "y": 12, "l1x": 32, "l1y": 16 },
    { "data": 1000010, "lvl": 8, "x": 19, "y": 13, "l1x": 32, "l1y": 15 },
    { "data": 1000010, "lvl": 8, "x": 19, "y": 14, "l1x": 32, "l1y": 14 },
    { "data": 1000010, "lvl": 8, "x": 28, "y": 20, "l1x": 32, "l1y": 13 },
    { "data": 1000010, "lvl": 8, "x": 28, "y": 19, "l1x": 31, "l1y": 13 },
    { "data": 1000010, "lvl": 8, "x": 28, "y": 18, "l1x": 30, "l1y": 13 },
    { "data": 1000010, "lvl": 8, "x": 28, "y": 17, "l1x": 29, "l1y": 13 },
    { "data": 1000010, "lvl": 8, "x": 28, "y": 16, "l1x": 28, "l1y": 13 },
    { "data": 1000010, "lvl": 8, "x": 28, "y": 15, "l1x": 27, "l1y": 13 },
    { "data": 1000010, "lvl": 8, "x": 27, "y": 15, "l1x": 26, "l1y": 13 },
    { "data": 1000010, "lvl": 8, "x": 26, "y": 15, "l1x": 25, "l1y": 13 },
    { "data": 1000010, "lvl": 8, "x": 25, "y": 15, "l1x": 24, "l1y": 13 },
    { "data": 1000010, "lvl": 8, "x": 24, "y": 15, "l1x": 23, "l1y": 13 },
    { "data": 1000010, "lvl": 8, "x": 23, "y": 15, "l1x": 22, "l1y": 13 },
    { "data": 1000010, "lvl": 8, "x": 23, "y": 16, "l1x": 21, "l1y": 13 },
    { "data": 1000006, "lvl": 9, "x": 3, "y": 13, "unit_prod": { "unit_type": 0 }, "l1x": 4, "l1y": 18 },
    { "data": 1000006, "lvl": 9, "x": 3, "y": 17, "unit_prod": { "unit_type": 0 }, "l1x": 4, "l1y": 13 },
    {
      "data": 1000021,
      "lvl": 3,
      "x": 20,
      "y": 16,
      "attack_mode": true,
      "attack_mode_war": true,
      "ammo": 1487,
      "l1x": 26,
      "l1y": 18
    }, { "data": 1000003, "lvl": 10, "x": 19, "y": 35, "l1x": 31, "l1y": 34 },
    { "data": 1000005, "lvl": 10, "x": 22, "y": 35, "l1x": 25, "l1y": 34 },
    { "data": 1000006, "lvl": 9, "x": 3, "y": 21, "unit_prod": { "unit_type": 0 }, "l1x": 4, "l1y": 8 },
    { "data": 1000024, "lvl": 5, "x": 8, "y": 8, "l1x": 31, "l1y": 31 },
    { "data": 1000023, "lvl": 5, "x": 12, "y": 6, "res_time": 56606, "l1x": 28, "l1y": 31 },
    { "data": 1000023, "lvl": 5, "x": 6, "y": 12, "res_time": 56606, "l1x": 28, "l1y": 39 },
    { "data": 1000022, "lvl": 0, "x": 25, "y": 21, "l1x": 13, "l1y": 34 },
    { "data": 1000025, "lvl": 0, "x": 21, "y": 25, "l1x": 34, "l1y": 13 },
    {
      "data": 1000026,
      "lvl": 4,
      "x": 13,
      "y": 3,
      "unit_prod": { "unit_type": 0, "t": 901, "slots": [{ "id": 4000015, "cnt": 1 }] },
      "l1x": 13,
      "l1y": 4
    }, { "data": 1000026, "lvl": 4, "x": 9, "y": 3, "unit_prod": { "unit_type": 0 }, "l1x": 8, "l1y": 4 },
    { "data": 1000010, "lvl": 8, "x": 23, "y": 17, "l1x": 20, "l1y": 13 },
    { "data": 1000010, "lvl": 8, "x": 23, "y": 18, "l1x": 19, "l1y": 13 },
    { "data": 1000010, "lvl": 8, "x": 23, "y": 19, "l1x": 18, "l1y": 13 },
    { "data": 1000010, "lvl": 8, "x": 22, "y": 19, "l1x": 17, "l1y": 13 },
    { "data": 1000010, "lvl": 8, "x": 21, "y": 19, "l1x": 16, "l1y": 13 },
    { "data": 1000010, "lvl": 8, "x": 20, "y": 19, "l1x": 15, "l1y": 13 },
    { "data": 1000010, "lvl": 8, "x": 19, "y": 19, "l1x": 14, "l1y": 13 },
    { "data": 1000010, "lvl": 8, "x": 19, "y": 20, "l1x": 13, "l1y": 14 },
    { "data": 1000010, "lvl": 8, "x": 19, "y": 21, "l1x": 13, "l1y": 15 },
    { "data": 1000010, "lvl": 8, "x": 19, "y": 22, "l1x": 13, "l1y": 16 },
    { "data": 1000010, "lvl": 8, "x": 19, "y": 23, "l1x": 13, "l1y": 17 },
    { "data": 1000010, "lvl": 8, "x": 18, "y": 23, "l1x": 13, "l1y": 18 },
    { "data": 1000010, "lvl": 8, "x": 17, "y": 23, "l1x": 13, "l1y": 19 },
    { "data": 1000010, "lvl": 8, "x": 16, "y": 23, "l1x": 13, "l1y": 20 },
    { "data": 1000010, "lvl": 8, "x": 15, "y": 23, "l1x": 13, "l1y": 21 },
    { "data": 1000010, "lvl": 8, "x": 15, "y": 24, "l1x": 13, "l1y": 22 },
    { "data": 1000010, "lvl": 8, "x": 15, "y": 25, "l1x": 13, "l1y": 23 },
    { "data": 1000010, "lvl": 8, "x": 15, "y": 26, "l1x": 13, "l1y": 24 },
    { "data": 1000010, "lvl": 8, "x": 15, "y": 27, "l1x": 13, "l1y": 25 },
    { "data": 1000010, "lvl": 8, "x": 15, "y": 28, "l1x": 13, "l1y": 26 },
    { "data": 1000010, "lvl": 8, "x": 16, "y": 28, "l1x": 13, "l1y": 27 },
    { "data": 1000010, "lvl": 8, "x": 17, "y": 28, "l1x": 13, "l1y": 28 },
    { "data": 1000010, "lvl": 8, "x": 18, "y": 28, "l1x": 13, "l1y": 29 },
    { "data": 1000010, "lvl": 8, "x": 19, "y": 28, "l1x": 13, "l1y": 30 },
    { "data": 1000010, "lvl": 8, "x": 20, "y": 28, "l1x": 12, "l1y": 30 },
    { "data": 1000011, "lvl": 7, "x": 17, "y": 29, "l1x": 18, "l1y": 30 },
    { "data": 1000012, "lvl": 7, "x": 28, "y": 21, "l1x": 22, "l1y": 31 },
    { "data": 1000023, "lvl": 5, "x": 38, "y": 19, "res_time": 56621, "l1x": 39, "l1y": 28 },
    { "data": 1000008, "lvl": 11, "x": 16, "y": 34, "l1x": 28, "l1y": 34 },
    { "data": 1000009, "lvl": 11, "x": 29, "y": 29, "l1x": 34, "l1y": 34 },
    {
      "data": 1000027,
      "lvl": 2,
      "x": 24,
      "y": 18,
      "attack_mode": true,
      "attack_mode_war": false,
      "ammo": 743,
      "l1x": 27,
      "l1y": 23
    }, {
      "data": 1000027,
      "lvl": 2,
      "x": 18,
      "y": 24,
      "attack_mode": false,
      "attack_mode_war": true,
      "ammo": 745,
      "l1x": 23,
      "l1y": 27
    }, {
      "data": 1000021,
      "lvl": 3,
      "x": 16,
      "y": 20,
      "attack_mode": true,
      "attack_mode_war": true,
      "ammo": 1447,
      "l1x": 18,
      "l1y": 26
    }, { "data": 1000002, "lvl": 10, "x": 29, "y": 8, "res_time": 179021, "l1x": 33, "l1y": 39 },
    { "data": 1000004, "lvl": 10, "x": 8, "y": 29, "res_time": 179005, "l1x": 39, "l1y": 33 }
  ],
  "obstacles": [
  { "data": 8000000, "x": 0, "y": 31, "l1x": -1, "l1y": -1, "loot_multiply_ver": 1 },
  { "data": 8000000, "x": 41, "y": 0, "l1x": -1, "l1y": -1, "loot_multiply_ver": 1 },
  { "data": 8000000, "x": 42, "y": 13, "l1x": -1, "l1y": -1, "loot_multiply_ver": 1 },
  { "data": 8000000, "x": 19, "y": 0, "l1x": -1, "l1y": -1, "loot_multiply_ver": 1 },
  { "data": 8000000, "x": 16, "y": 0, "l1x": -1, "l1y": -1, "loot_multiply_ver": 1 },
  { "data": 8000000, "x": 42, "y": 3, "l1x": -1, "l1y": -1, "loot_multiply_ver": 1 },
  { "data": 8000000, "x": 27, "y": 42, "l1x": -1, "l1y": -1, "loot_multiply_ver": 1 },
  { "data": 8000000, "x": 3, "y": 42, "l1x": -1, "l1y": -1, "loot_multiply_ver": 1 },
  { "data": 8000000, "x": 42, "y": 19, "l1x": -1, "l1y": -1, "loot_multiply_ver": 1 },
  { "data": 8000000, "x": 0, "y": 40, "l1x": -1, "l1y": -1, "loot_multiply_ver": 1 },
  { "data": 8000000, "x": 36, "y": 0, "l1x": -1, "l1y": -1, "loot_multiply_ver": 1 },
  { "data": 8000000, "x": 42, "y": 23, "l1x": -1, "l1y": -1, "loot_multiply_ver": 1 },
  { "data": 8000000, "x": 27, "y": 0, "l1x": -1, "l1y": -1, "loot_multiply_ver": 1 },
  { "data": 8000000, "x": 0, "y": 4, "l1x": -1, "l1y": -1, "loot_multiply_ver": 1 },
  { "data": 8000000, "x": 0, "y": 1, "l1x": -1, "l1y": -1, "loot_multiply_ver": 1 },
  { "data": 8000000, "x": 7, "y": 42, "l1x": -1, "l1y": -1, "loot_multiply_ver": 1 },
  { "data": 8000000, "x": 0, "y": 13, "l1x": -1, "l1y": -1, "loot_multiply_ver": 1 },
  { "data": 8000000, "x": 33, "y": 0, "l1x": -1, "l1y": -1, "loot_multiply_ver": 1 },
  { "data": 8000000, "x": 0, "y": 7, "l1x": -1, "l1y": -1, "loot_multiply_ver": 1 },
  { "data": 8000000, "x": 33, "y": 42, "l1x": -1, "l1y": -1, "loot_multiply_ver": 1 },
  { "data": 8000000, "x": 42, "y": 29, "l1x": -1, "l1y": -1, "loot_multiply_ver": 1 },
  { "data": 8000000, "x": 37, "y": 42, "l1x": -1, "l1y": -1, "loot_multiply_ver": 1 },
  { "data": 8000000, "x": 11, "y": 0, "l1x": -1, "l1y": -1, "loot_multiply_ver": 1 },
  { "data": 8000000, "x": 20, "y": 42, "l1x": -1, "l1y": -1, "loot_multiply_ver": 1 },
  { "data": 8000000, "x": 22, "y": 0, "l1x": -1, "l1y": -1, "loot_multiply_ver": 1 },
  { "data": 8000000, "x": 10, "y": 42, "l1x": -1, "l1y": -1, "loot_multiply_ver": 1 },
  { "data": 8000000, "x": 42, "y": 41, "l1x": -1, "l1y": -1, "loot_multiply_ver": 1 },
  { "data": 8000000, "x": 0, "y": 22, "l1x": -1, "l1y": -1, "loot_multiply_ver": 1 },
  { "data": 8000000, "x": 0, "y": 18, "l1x": -1, "l1y": -1, "loot_multiply_ver": 1 },
  { "data": 8000000, "x": 42, "y": 32, "l1x": -1, "l1y": -1, "loot_multiply_ver": 1 },
  { "data": 8000000, "x": 0, "y": 34, "l1x": -1, "l1y": -1, "loot_multiply_ver": 1 },
  { "data": 8000000, "x": 0, "y": 28, "l1x": -1, "l1y": -1, "loot_multiply_ver": 2 },
  { "data": 8000000, "x": 42, "y": 16, "l1x": -1, "l1y": -1, "loot_multiply_ver": 2 },
  { "data": 8000000, "x": 30, "y": 0, "l1x": -1, "l1y": -1, "loot_multiply_ver": 2 },
  { "data": 8000000, "x": 42, "y": 8, "l1x": -1, "l1y": -1, "loot_multiply_ver": 2 },
  { "data": 8000000, "x": 15, "y": 42, "l1x": -1, "l1y": -1, "loot_multiply_ver": 2 },
  { "data": 8000000, "x": 5, "y": 0, "l1x": -1, "l1y": -1, "loot_multiply_ver": 2 },
  { "data": 8000000, "x": 8, "y": 0, "l1x": -1, "l1y": -1, "loot_multiply_ver": 2 },
  { "data": 8000010, "x": 23, "y": 42, "l1x": -1, "l1y": -1, "loot_multiply_ver": 2 }
  ],
  "traps": [
  { "data": 12000005, "lvl": 3, "x": 27, "y": 14, "l1x": 33, "l1y": 16 },
  { "data": 12000005, "lvl": 3, "x": 16, "y": 29, "l1x": 16, "l1y": 33 },
  { "data": 12000005, "lvl": 3, "x": 27, "y": 29, "l1x": 16, "l1y": 25 },
  { "data": 12000005, "lvl": 3, "x": 32, "y": 23, "l1x": 25, "l1y": 16 },
  { "data": 12000005, "lvl": 3, "needs_repair": true, "x": 23, "y": 32, "l1x": 27, "l1y": 22 },
  { "data": 12000006, "lvl": 2, "x": 14, "y": 27, "l1x": 29, "l1y": 8 },
  { "data": 12000006, "lvl": 2, "needs_repair": true, "x": 29, "y": 16, "l1x": 19, "l1y": 8 },
  { "data": 12000006, "lvl": 2, "x": 29, "y": 27, "l1x": 8, "l1y": 19 },
  { "data": 12000006, "lvl": 2, "needs_repair": true, "x": 32, "y": 21, "l1x": 8, "l1y": 29 },
  { "data": 12000006, "lvl": 2, "x": 21, "y": 32, "l1x": 12, "l1y": 12 },
  { "data": 12000002, "lvl": 3, "x": 28, "y": 38, "l1x": 38, "l1y": 26 },
  { "data": 12000000, "lvl": 4, "x": 13, "y": 10, "l1x": 29, "l1y": 22 },
  { "data": 12000001, "lvl": 0, "x": 34, "y": 33, "l1x": 34, "l1y": 16 },
  { "data": 12000001, "lvl": 0, "x": 33, "y": 36, "l1x": 34, "l1y": 18 },
  { "data": 12000001, "lvl": 0, "x": 36, "y": 33, "l1x": 34, "l1y": 20 },
  { "data": 12000001, "lvl": 0, "x": 33, "y": 31, "l1x": 16, "l1y": 34 },
  { "data": 12000001, "lvl": 0, "x": 31, "y": 33, "l1x": 18, "l1y": 34 },
  { "data": 12000001, "lvl": 0, "x": 33, "y": 34, "l1x": 20, "l1y": 34 },
  { "data": 12000000, "lvl": 4, "x": 10, "y": 13, "l1x": 29, "l1y": 24 },
  { "data": 12000000, "lvl": 4, "x": 10, "y": 7, "l1x": 27, "l1y": 25 },
  { "data": 12000000, "lvl": 4, "x": 7, "y": 10, "l1x": 25, "l1y": 27 },
  { "data": 12000000, "lvl": 4, "x": 8, "y": 7, "l1x": 22, "l1y": 29 },
  { "data": 12000000, "lvl": 4, "x": 7, "y": 8, "l1x": 24, "l1y": 29 },
  { "data": 12000002, "lvl": 3, "x": 24, "y": 16, "l1x": 38, "l1y": 31 },
  { "data": 12000002, "lvl": 3, "x": 26, "y": 18, "l1x": 31, "l1y": 38 },
  { "data": 12000002, "lvl": 3, "x": 18, "y": 26, "l1x": 26, "l1y": 38 },
  { "data": 12000002, "lvl": 3, "x": 16, "y": 24, "l1x": 8, "l1y": 8 }
  ],
  "decos": [{ "data": 18000015, "x": 30, "y": 39, "l1x": 5, "l1y": 5 }],
  "respawnVars": {
    "secondsFromLastRespawn": 23709,
    "respawnSeed": 623581914,
    "obstacleClearCounter": 12,
    "time_to_gembox_drop": 255570,
    "time_in_gembox_period": 331200
  },
  "cooldowns": [],
  "newShopBuildings": [4, 0, 7, 4, 7, 4, 4, 1, 6, 7, 250, 4, 4, 3, 1, 5, 0, 0, 0, 4, 1, 3, 1, 3, 1, 1, 2, 2],
  "newShopTraps": [6, 6, 5, 0, 0, 5, 5, 0],
  "newShopDecos": [
    1, 4, 0, 1, 1, 4, 4, 1, 1, 1, 1, 1, 1, 1, 1, 1, 1, 1, 1, 1, 1, 1, 1, 1, 1, 1, 1, 1, 1, 1, 1, 1, 1, 1, 1, 1, 1
  ],
  "last_league_rank": 0,
  "last_league_shuffle": 0,
  "last_news_seen": 50,
  "edit_mode_shown": true,
  "troop_req_msg": "???? 1 noita, 2 wizua, 10 jousta ja 5 barbia ????",
  "war_req_msg": "???? 1 noita, 11 barbia ja 12 jousta????",
  "war_tutorials_seen": 0,
  "war_base": true
}