{
  "buildings": [
    { "data": 1000001, "lvl": 9, "x": 20, "y": 20 }, { "data": 1000004, "lvl": 10, "x": 11, "y": 7, "res_time": 37303 },
    { "data": 1000000, "lvl": 7, "x": 25, "y": 2, "units": [], "storage_type": 0 },
    { "data": 1000015, "lvl": 0, "x": 14, "y": 10 }, { "data": 1000014, "lvl": 5, "x": 17, "y": 17 },
    { "data": 1000008, "lvl": 11, "x": 8, "y": 7 }, { "data": 1000015, "lvl": 0, "x": 11, "y": 14 },
    { "data": 1000002, "lvl": 10, "x": 30, "y": 4, "res_time": 179759 },
    { "data": 1000003, "lvl": 10, "x": 24, "y": 21 },
    { "data": 1000005, "lvl": 10, "x": 19, "y": 6 }, {
      "data": 1000006,
      "lvl": 9,
      "x": 4,
      "y": 9,
      "unit_prod": { "unit_type": 0 }
    }, { "data": 1000002, "lvl": 10, "x": 20, "y": 2, "res_time": 179759 },
    { "data": 1000004, "lvl": 10, "x": 2, "y": 20, "res_time": 0 }, { "data": 1000009, "lvl": 11, "x": 25, "y": 8 },
    { "data": 1000008, "lvl": 11, "x": 15, "y": 34 }, { "data": 1000010, "lvl": 10, "x": 31, "y": 10 },
    { "data": 1000010, "lvl": 10, "x": 31, "y": 9 }, { "data": 1000010, "lvl": 10, "x": 31, "y": 8 },
    { "data": 1000010, "lvl": 10, "x": 31, "y": 7 }, { "data": 1000010, "lvl": 10, "x": 30, "y": 7 },
    { "data": 1000010, "lvl": 10, "x": 29, "y": 7 }, { "data": 1000010, "lvl": 10, "x": 28, "y": 7 },
    { "data": 1000010, "lvl": 10, "x": 27, "y": 7 }, { "data": 1000010, "lvl": 10, "x": 26, "y": 7 },
    { "data": 1000010, "lvl": 10, "x": 25, "y": 7 }, { "data": 1000010, "lvl": 10, "x": 24, "y": 7 },
    { "data": 1000010, "lvl": 10, "x": 23, "y": 7 }, { "data": 1000010, "lvl": 10, "x": 22, "y": 8 },
    { "data": 1000010, "lvl": 10, "x": 22, "y": 7 }, { "data": 1000010, "lvl": 10, "x": 22, "y": 6 },
    { "data": 1000010, "lvl": 10, "x": 22, "y": 5 }, { "data": 1000010, "lvl": 10, "x": 21, "y": 5 },
    { "data": 1000010, "lvl": 10, "x": 20, "y": 5 }, { "data": 1000010, "lvl": 10, "x": 19, "y": 5 },
    { "data": 1000010, "lvl": 10, "x": 14, "y": 6 }, { "data": 1000010, "lvl": 10, "x": 14, "y": 5 },
    { "data": 1000010, "lvl": 10, "x": 15, "y": 5 }, { "data": 1000010, "lvl": 10, "x": 16, "y": 5 },
    { "data": 1000010, "lvl": 10, "x": 17, "y": 5 }, { "data": 1000010, "lvl": 10, "x": 18, "y": 5 },
    { "data": 1000004, "lvl": 10, "x": 7, "y": 11, "res_time": 8076 }, { "data": 1000015, "lvl": 0, "x": 12, "y": 32 },
    { "data": 1000002, "lvl": 10, "x": 4, "y": 30, "res_time": 179755 },
    { "data": 1000005, "lvl": 10, "x": 6, "y": 19 },
    { "data": 1000003, "lvl": 10, "x": 25, "y": 28 }, { "data": 1000007, "lvl": 7, "x": 32, "y": 33 },
    { "data": 1000013, "lvl": 7, "x": 25, "y": 12 }, {
      "data": 1000000,
      "lvl": 7,
      "x": 2,
      "y": 23,
      "units": [],
      "storage_type": 0
    }, { "data": 1000006, "lvl": 9, "x": 10, "y": 4, "unit_prod": { "unit_type": 0 } },
    { "data": 1000010, "lvl": 10, "x": 18, "y": 6 }, { "data": 1000010, "lvl": 10, "x": 18, "y": 7 },
    { "data": 1000010, "lvl": 10, "x": 18, "y": 8 }, { "data": 1000010, "lvl": 10, "x": 22, "y": 10 },
    { "data": 1000010, "lvl": 10, "x": 22, "y": 9 }, { "data": 1000010, "lvl": 10, "x": 21, "y": 9 },
    { "data": 1000010, "lvl": 10, "x": 20, "y": 9 }, { "data": 1000010, "lvl": 10, "x": 19, "y": 9 },
    { "data": 1000010, "lvl": 10, "x": 18, "y": 9 }, { "data": 1000010, "lvl": 10, "x": 27, "y": 11 },
    { "data": 1000010, "lvl": 10, "x": 26, "y": 11 }, { "data": 1000010, "lvl": 10, "x": 25, "y": 11 },
    { "data": 1000010, "lvl": 10, "x": 24, "y": 11 }, { "data": 1000010, "lvl": 10, "x": 23, "y": 11 },
    { "data": 1000010, "lvl": 10, "x": 21, "y": 11 }, { "data": 1000010, "lvl": 10, "x": 21, "y": 12 },
    { "data": 1000010, "lvl": 10, "x": 22, "y": 11 }, { "data": 1000010, "lvl": 10, "x": 21, "y": 13 },
    { "data": 1000010, "lvl": 10, "x": 20, "y": 13 }, { "data": 1000010, "lvl": 10, "x": 19, "y": 13 },
    { "data": 1000010, "lvl": 10, "x": 18, "y": 13 }, { "data": 1000010, "lvl": 10, "x": 17, "y": 13 },
    { "data": 1000010, "lvl": 10, "x": 16, "y": 12 }, { "data": 1000010, "lvl": 10, "x": 16, "y": 11 },
    { "data": 1000010, "lvl": 10, "x": 16, "y": 10 },
    { "data": 1000002, "lvl": 10, "x": 14, "y": 38, "res_time": 179756 },
    { "data": 1000004, "lvl": 10, "x": 38, "y": 15, "res_time": 39701 },
    { "data": 1000009, "lvl": 11, "x": 15, "y": 6 },
    { "data": 1000012, "lvl": 7, "x": 17, "y": 10 }, { "data": 1000010, "lvl": 10, "x": 17, "y": 9 },
    { "data": 1000010, "lvl": 10, "x": 16, "y": 9 }, { "data": 1000010, "lvl": 10, "x": 14, "y": 7 },
    { "data": 1000010, "lvl": 10, "x": 14, "y": 8 }, { "data": 1000010, "lvl": 10, "x": 15, "y": 9 },
    { "data": 1000010, "lvl": 10, "x": 14, "y": 9 }, { "data": 1000010, "lvl": 10, "x": 9, "y": 15 },
    { "data": 1000010, "lvl": 10, "x": 9, "y": 14 }, { "data": 1000010, "lvl": 10, "x": 8, "y": 14 },
    { "data": 1000010, "lvl": 10, "x": 7, "y": 14 }, { "data": 1000010, "lvl": 10, "x": 6, "y": 14 },
    { "data": 1000010, "lvl": 10, "x": 5, "y": 14 }, { "data": 1000010, "lvl": 10, "x": 5, "y": 15 },
    { "data": 1000010, "lvl": 10, "x": 5, "y": 16 }, { "data": 1000010, "lvl": 10, "x": 5, "y": 17 },
    { "data": 1000010, "lvl": 10, "x": 8, "y": 18 }, { "data": 1000010, "lvl": 10, "x": 7, "y": 18 },
    { "data": 1000010, "lvl": 10, "x": 6, "y": 18 }, { "data": 1000010, "lvl": 10, "x": 5, "y": 18 },
    { "data": 1000010, "lvl": 10, "x": 5, "y": 19 }, { "data": 1000010, "lvl": 10, "x": 5, "y": 20 },
    { "data": 1000010, "lvl": 10, "x": 5, "y": 21 }, { "data": 1000010, "lvl": 10, "x": 5, "y": 22 },
    { "data": 1000010, "lvl": 10, "x": 6, "y": 22 }, { "data": 1000010, "lvl": 10, "x": 7, "y": 24 },
    { "data": 1000004, "lvl": 10, "x": 37, "y": 19, "res_time": 37300 },
    { "data": 1000002, "lvl": 10, "x": 19, "y": 37, "res_time": 179756 },
    { "data": 1000000, "lvl": 7, "x": 8, "y": 34, "units": [], "storage_type": 0 },
    { "data": 1000008, "lvl": 11, "x": 34, "y": 15 }, { "data": 1000009, "lvl": 11, "x": 6, "y": 15 },
    { "data": 1000006, "lvl": 9, "x": 15, "y": 2, "unit_prod": { "unit_type": 0 } },
    { "data": 1000020, "lvl": 4, "x": 5, "y": 5, "units": [], "storage_type": 1, "unit_prod": { "unit_type": 1 } },
    { "data": 1000011, "lvl": 7, "x": 22, "y": 12 }, { "data": 1000010, "lvl": 10, "x": 7, "y": 23 },
    { "data": 1000010, "lvl": 10, "x": 7, "y": 22 }, { "data": 1000010, "lvl": 10, "x": 8, "y": 22 },
    { "data": 1000010, "lvl": 10, "x": 16, "y": 13 }, { "data": 1000010, "lvl": 10, "x": 15, "y": 13 },
    { "data": 1000010, "lvl": 10, "x": 14, "y": 13 }, { "data": 1000010, "lvl": 10, "x": 14, "y": 14 },
    { "data": 1000010, "lvl": 10, "x": 13, "y": 14 }, { "data": 1000010, "lvl": 10, "x": 13, "y": 15 },
    { "data": 1000010, "lvl": 10, "x": 13, "y": 16 }, { "data": 1000010, "lvl": 10, "x": 12, "y": 16 },
    { "data": 1000010, "lvl": 10, "x": 11, "y": 16 }, { "data": 1000010, "lvl": 10, "x": 10, "y": 16 },
    { "data": 1000010, "lvl": 10, "x": 9, "y": 16 }, { "data": 1000010, "lvl": 10, "x": 9, "y": 17 },
    { "data": 1000010, "lvl": 10, "x": 9, "y": 18 }, { "data": 1000010, "lvl": 10, "x": 9, "y": 19 },
    { "data": 1000010, "lvl": 10, "x": 9, "y": 20 }, { "data": 1000010, "lvl": 10, "x": 9, "y": 21 },
    { "data": 1000010, "lvl": 10, "x": 9, "y": 22 }, { "data": 1000010, "lvl": 10, "x": 10, "y": 22 },
    { "data": 1000010, "lvl": 10, "x": 13, "y": 17 }, { "data": 1000010, "lvl": 10, "x": 13, "y": 18 },
    { "data": 1000010, "lvl": 10, "x": 13, "y": 19 }, { "data": 1000010, "lvl": 10, "x": 13, "y": 20 },
    { "data": 1000002, "lvl": 10, "x": 25, "y": 37, "res_time": 179758 },
    { "data": 1000004, "lvl": 10, "x": 37, "y": 22, "res_time": 38501 },
    { "data": 1000011, "lvl": 7, "x": 12, "y": 22 },
    { "data": 1000013, "lvl": 7, "x": 10, "y": 10 }, { "data": 1000010, "lvl": 10, "x": 13, "y": 21 },
    { "data": 1000010, "lvl": 10, "x": 12, "y": 21 }, { "data": 1000010, "lvl": 10, "x": 11, "y": 21 },
    { "data": 1000010, "lvl": 10, "x": 11, "y": 22 }, { "data": 1000010, "lvl": 10, "x": 11, "y": 23 },
    { "data": 1000010, "lvl": 10, "x": 11, "y": 24 }, { "data": 1000010, "lvl": 10, "x": 11, "y": 25 },
    { "data": 1000010, "lvl": 10, "x": 11, "y": 26 }, { "data": 1000010, "lvl": 10, "x": 11, "y": 27 },
    { "data": 1000010, "lvl": 10, "x": 7, "y": 25 }, { "data": 1000010, "lvl": 10, "x": 7, "y": 26 },
    { "data": 1000010, "lvl": 10, "x": 7, "y": 27 }, { "data": 1000010, "lvl": 10, "x": 7, "y": 28 },
    { "data": 1000010, "lvl": 10, "x": 7, "y": 29 }, { "data": 1000010, "lvl": 10, "x": 7, "y": 30 },
    { "data": 1000010, "lvl": 10, "x": 7, "y": 31 }, { "data": 1000010, "lvl": 10, "x": 8, "y": 31 },
    { "data": 1000010, "lvl": 10, "x": 9, "y": 31 }, { "data": 1000010, "lvl": 10, "x": 10, "y": 31 },
    { "data": 1000010, "lvl": 10, "x": 13, "y": 31 }, { "data": 1000010, "lvl": 10, "x": 12, "y": 31 },
    { "data": 1000010, "lvl": 10, "x": 11, "y": 31 }, { "data": 1000010, "lvl": 10, "x": 11, "y": 30 },
    { "data": 1000010, "lvl": 10, "x": 11, "y": 29 }, { "data": 1000010, "lvl": 10, "x": 11, "y": 28 },
    { "data": 1000008, "lvl": 11, "x": 23, "y": 33 }, { "data": 1000008, "lvl": 11, "x": 33, "y": 23 },
    { "data": 1000013, "lvl": 7, "x": 12, "y": 25 }, { "data": 1000009, "lvl": 11, "x": 8, "y": 25 },
    { "data": 1000012, "lvl": 7, "x": 10, "y": 17 }, { "data": 1000024, "lvl": 5, "x": 28, "y": 25 },
    { "data": 1000022, "lvl": 0, "x": 17, "y": 20 }, {
      "data": 1000000,
      "lvl": 7,
      "x": 33,
      "y": 7,
      "units": [],
      "storage_type": 0
    }, { "data": 1000026, "lvl": 4, "x": 28, "y": 8, "unit_prod": { "unit_type": 0 } },
    { "data": 1000019, "lvl": 7, "x": 23, "y": 4 }, {
      "data": 1000006,
      "lvl": 9,
      "x": 2,
      "y": 16,
      "unit_prod": { "unit_type": 0 }
    }, { "data": 1000019, "lvl": 7, "x": 5, "y": 28 }, { "data": 1000010, "lvl": 10, "x": 12, "y": 28 },
    { "data": 1000010, "lvl": 10, "x": 13, "y": 28 }, { "data": 1000010, "lvl": 10, "x": 14, "y": 28 },
    { "data": 1000010, "lvl": 10, "x": 14, "y": 29 }, { "data": 1000010, "lvl": 10, "x": 14, "y": 30 },
    { "data": 1000010, "lvl": 10, "x": 14, "y": 31 }, { "data": 1000010, "lvl": 10, "x": 14, "y": 32 },
    { "data": 1000010, "lvl": 10, "x": 31, "y": 13 }, { "data": 1000010, "lvl": 10, "x": 31, "y": 12 },
    { "data": 1000010, "lvl": 10, "x": 31, "y": 11 }, { "data": 1000010, "lvl": 10, "x": 30, "y": 11 },
    { "data": 1000010, "lvl": 10, "x": 29, "y": 11 }, { "data": 1000010, "lvl": 10, "x": 28, "y": 11 },
    { "data": 1000010, "lvl": 10, "x": 28, "y": 12 }, { "data": 1000010, "lvl": 10, "x": 28, "y": 13 },
    { "data": 1000010, "lvl": 10, "x": 28, "y": 14 }, { "data": 1000010, "lvl": 10, "x": 29, "y": 14 },
    { "data": 1000010, "lvl": 10, "x": 30, "y": 14 }, { "data": 1000010, "lvl": 10, "x": 19, "y": 28 },
    { "data": 1000010, "lvl": 10, "x": 19, "y": 29 }, { "data": 1000010, "lvl": 10, "x": 28, "y": 19 },
    { "data": 1000010, "lvl": 10, "x": 16, "y": 16 }, { "data": 1000010, "lvl": 10, "x": 15, "y": 16 },
    { "data": 1000010, "lvl": 10, "x": 16, "y": 15 }, { "data": 1000010, "lvl": 10, "x": 17, "y": 15 },
    { "data": 1000010, "lvl": 10, "x": 15, "y": 17 }, { "data": 1000010, "lvl": 10, "x": 15, "y": 18 },
    { "data": 1000010, "lvl": 10, "x": 15, "y": 19 }, { "data": 1000010, "lvl": 10, "x": 15, "y": 20 },
    { "data": 1000010, "lvl": 10, "x": 15, "y": 21 }, { "data": 1000010, "lvl": 10, "x": 18, "y": 15 },
    { "data": 1000010, "lvl": 10, "x": 19, "y": 15 }, { "data": 1000010, "lvl": 10, "x": 20, "y": 15 },
    { "data": 1000010, "lvl": 10, "x": 21, "y": 15 }, { "data": 1000010, "lvl": 10, "x": 22, "y": 15 },
    { "data": 1000010, "lvl": 10, "x": 15, "y": 22 }, { "data": 1000010, "lvl": 10, "x": 15, "y": 23 },
    { "data": 1000010, "lvl": 10, "x": 15, "y": 24 }, { "data": 1000010, "lvl": 10, "x": 15, "y": 25 },
    { "data": 1000010, "lvl": 10, "x": 15, "y": 26 }, { "data": 1000010, "lvl": 10, "x": 16, "y": 26 },
    { "data": 1000010, "lvl": 10, "x": 17, "y": 26 }, { "data": 1000010, "lvl": 10, "x": 18, "y": 26 },
    { "data": 1000010, "lvl": 10, "x": 19, "y": 26 }, { "data": 1000010, "lvl": 10, "x": 19, "y": 27 },
    { "data": 1000010, "lvl": 10, "x": 23, "y": 15 }, { "data": 1000010, "lvl": 10, "x": 24, "y": 15 },
    { "data": 1000010, "lvl": 10, "x": 25, "y": 15 }, { "data": 1000010, "lvl": 10, "x": 26, "y": 15 },
    { "data": 1000010, "lvl": 10, "x": 26, "y": 16 }, { "data": 1000003, "lvl": 10, "x": 22, "y": 30 },
    { "data": 1000005, "lvl": 10, "x": 15, "y": 28 },
    { "data": 1000023, "lvl": 5, "x": 18, "y": 33, "res_time": 57522 },
    { "data": 1000009, "lvl": 11, "x": 15, "y": 31 }, { "data": 1000012, "lvl": 7, "x": 19, "y": 30 },
    { "data": 1000011, "lvl": 7, "x": 24, "y": 24 }, { "data": 1000019, "lvl": 7, "x": 12, "y": 29 },
    { "data": 1000026, "lvl": 4, "x": 8, "y": 28, "unit_prod": { "unit_type": 0 } },
    { "data": 1000010, "lvl": 10, "x": 26, "y": 17 }, { "data": 1000010, "lvl": 10, "x": 26, "y": 18 },
    { "data": 1000010, "lvl": 10, "x": 26, "y": 19 }, { "data": 1000010, "lvl": 10, "x": 20, "y": 27 },
    { "data": 1000010, "lvl": 10, "x": 21, "y": 27 }, { "data": 1000010, "lvl": 10, "x": 22, "y": 27 },
    { "data": 1000010, "lvl": 10, "x": 23, "y": 27 }, { "data": 1000010, "lvl": 10, "x": 27, "y": 19 },
    { "data": 1000010, "lvl": 10, "x": 27, "y": 20 }, { "data": 1000010, "lvl": 10, "x": 27, "y": 21 },
    { "data": 1000010, "lvl": 10, "x": 27, "y": 22 }, { "data": 1000010, "lvl": 10, "x": 27, "y": 23 },
    { "data": 1000010, "lvl": 10, "x": 29, "y": 19 }, { "data": 1000010, "lvl": 10, "x": 29, "y": 20 },
    { "data": 1000010, "lvl": 10, "x": 29, "y": 21 }, { "data": 1000010, "lvl": 10, "x": 29, "y": 22 },
    { "data": 1000010, "lvl": 10, "x": 29, "y": 23 }, { "data": 1000010, "lvl": 10, "x": 29, "y": 24 },
    { "data": 1000010, "lvl": 10, "x": 28, "y": 24 }, { "data": 1000010, "lvl": 10, "x": 27, "y": 24 },
    { "data": 1000010, "lvl": 10, "x": 27, "y": 25 }, { "data": 1000010, "lvl": 10, "x": 27, "y": 26 },
    { "data": 1000010, "lvl": 10, "x": 27, "y": 27 }, { "data": 1000010, "lvl": 10, "x": 26, "y": 27 },
    { "data": 1000010, "lvl": 10, "x": 25, "y": 27 }, { "data": 1000010, "lvl": 10, "x": 24, "y": 27 },
    { "data": 1000010, "lvl": 10, "x": 24, "y": 28 }, { "data": 1000010, "lvl": 10, "x": 24, "y": 29 },
    { "data": 1000010, "lvl": 10, "x": 23, "y": 29 }, { "data": 1000010, "lvl": 10, "x": 22, "y": 29 },
    { "data": 1000010, "lvl": 10, "x": 21, "y": 29 }, { "data": 1000010, "lvl": 10, "x": 20, "y": 29 },
    { "data": 1000010, "lvl": 10, "x": 36, "y": 14 }, { "data": 1000010, "lvl": 10, "x": 14, "y": 33 },
    { "data": 1000010, "lvl": 10, "x": 14, "y": 34 }, { "data": 1000010, "lvl": 10, "x": 14, "y": 35 },
    { "data": 1000010, "lvl": 10, "x": 14, "y": 36 }, { "data": 1000010, "lvl": 10, "x": 14, "y": 37 },
    { "data": 1000010, "lvl": 10, "x": 15, "y": 37 }, { "data": 1000010, "lvl": 10, "x": 16, "y": 37 },
    { "data": 1000010, "lvl": 10, "x": 17, "y": 37 }, { "data": 1000010, "lvl": 10, "x": 18, "y": 37 },
    { "data": 1000010, "lvl": 10, "x": 18, "y": 36 }, { "data": 1000010, "lvl": 10, "x": 19, "y": 36 },
    { "data": 1000010, "lvl": 10, "x": 20, "y": 36 }, { "data": 1000010, "lvl": 10, "x": 21, "y": 36 },
    { "data": 1000010, "lvl": 10, "x": 22, "y": 36 }, { "data": 1000010, "lvl": 10, "x": 23, "y": 36 },
    { "data": 1000010, "lvl": 10, "x": 24, "y": 36 }, { "data": 1000010, "lvl": 10, "x": 25, "y": 36 },
    { "data": 1000003, "lvl": 10, "x": 30, "y": 22 }, { "data": 1000005, "lvl": 10, "x": 28, "y": 15 },
    { "data": 1000009, "lvl": 11, "x": 31, "y": 15 }, { "data": 1000025, "lvl": 0, "x": 20, "y": 17 },
    { "data": 1000019, "lvl": 7, "x": 29, "y": 12 }, { "data": 1000011, "lvl": 7, "x": 30, "y": 30 },
    { "data": 1000015, "lvl": 0, "x": 32, "y": 12 }, {
      "data": 1000021,
      "lvl": 3,
      "x": 16,
      "y": 23,
      "attack_mode": false,
      "attack_mode_war": false,
      "attack_mode_draft": false,
      "attack_mode_draft_war": false,
      "ammo": 1500
    }, {
      "data": 1000021,
      "lvl": 3,
      "x": 23,
      "y": 16,
      "attack_mode": false,
      "attack_mode_war": false,
      "attack_mode_draft": false,
      "attack_mode_draft_war": false,
      "ammo": 1500
    }, { "data": 1000012, "lvl": 7, "x": 30, "y": 19 }, {
      "data": 1000023,
      "lvl": 5,
      "x": 33,
      "y": 18,
      "res_time": 57521
    },
    { "data": 1000002, "lvl": 10, "x": 29, "y": 33, "res_time": 179757 },
    { "data": 1000004, "lvl": 10, "x": 22, "y": 37, "res_time": 0 }, { "data": 1000008, "lvl": 11, "x": 33, "y": 26 },
    {
      "data": 1000021,
      "lvl": 3,
      "x": 21,
      "y": 24,
      "attack_mode": false,
      "attack_mode_war": false,
      "attack_mode_draft": false,
      "attack_mode_draft_war": false,
      "ammo": 1500
    }, {
      "data": 1000027,
      "lvl": 2,
      "x": 24,
      "y": 19,
      "attack_mode": true,
      "attack_mode_war": true,
      "attack_mode_draft": true,
      "attack_mode_draft_war": true,
      "ammo": 750
    }, { "data": 1000009, "lvl": 11, "x": 26, "y": 33 }, {
      "data": 1000027,
      "lvl": 2,
      "x": 19,
      "y": 24,
      "attack_mode": true,
      "attack_mode_war": true,
      "attack_mode_draft": true,
      "attack_mode_draft_war": true,
      "ammo": 750
    }, { "data": 1000023, "lvl": 5, "x": 33, "y": 29, "res_time": 57521 },
    { "data": 1000010, "lvl": 10, "x": 26, "y": 36 },
    { "data": 1000010, "lvl": 10, "x": 27, "y": 36 }, { "data": 1000010, "lvl": 10, "x": 28, "y": 36 },
    { "data": 1000010, "lvl": 10, "x": 31, "y": 14 }, { "data": 1000010, "lvl": 10, "x": 32, "y": 14 },
    { "data": 1000010, "lvl": 10, "x": 33, "y": 14 }, { "data": 1000010, "lvl": 10, "x": 34, "y": 14 },
    { "data": 1000010, "lvl": 10, "x": 35, "y": 14 }, { "data": 1000010, "lvl": 10, "x": 37, "y": 14 },
    { "data": 1000010, "lvl": 10, "x": 37, "y": 15 }, { "data": 1000010, "lvl": 10, "x": 37, "y": 16 },
    { "data": 1000010, "lvl": 10, "x": 37, "y": 17 }, { "data": 1000010, "lvl": 10, "x": 37, "y": 18 },
    { "data": 1000010, "lvl": 10, "x": 36, "y": 18 }, { "data": 1000010, "lvl": 10, "x": 36, "y": 19 },
    { "data": 1000010, "lvl": 10, "x": 36, "y": 20 }, { "data": 1000010, "lvl": 10, "x": 36, "y": 21 },
    { "data": 1000010, "lvl": 10, "x": 36, "y": 22 }, { "data": 1000010, "lvl": 10, "x": 36, "y": 23 },
    { "data": 1000010, "lvl": 10, "x": 36, "y": 24 }, { "data": 1000010, "lvl": 10, "x": 37, "y": 28 },
    { "data": 1000010, "lvl": 10, "x": 37, "y": 27 }, { "data": 1000010, "lvl": 10, "x": 37, "y": 26 },
    { "data": 1000010, "lvl": 10, "x": 37, "y": 25 }, { "data": 1000010, "lvl": 10, "x": 36, "y": 25 }
  ],
  "obstacles": [],
  "traps": [
  { "data": 12000000, "lvl": 5, "x": 18, "y": 28 }, { "data": 12000002, "lvl": 3, "x": 23, "y": 9 },
  { "data": 12000001, "lvl": 0, "x": 31, "y": 29 }, { "data": 12000005, "lvl": 3, "x": 22, "y": 16 },
  { "data": 12000006, "lvl": 2, "x": 20, "y": 28 }, { "data": 12000000, "lvl": 5, "x": 18, "y": 29 },
  { "data": 12000002, "lvl": 3, "x": 28, "y": 28 }, { "data": 12000001, "lvl": 0, "x": 28, "y": 30 },
  { "data": 12000001, "lvl": 0, "x": 30, "y": 28 }, { "data": 12000000, "lvl": 5, "x": 28, "y": 18 },
  { "data": 12000002, "lvl": 3, "x": 31, "y": 25 }, { "data": 12000002, "lvl": 3, "x": 25, "y": 31 },
  { "data": 12000001, "lvl": 0, "x": 29, "y": 31 }, { "data": 12000001, "lvl": 0, "x": 29, "y": 30 },
  { "data": 12000000, "lvl": 5, "x": 29, "y": 18 }, { "data": 12000000, "lvl": 5, "x": 18, "y": 27 },
  { "data": 12000002, "lvl": 3, "x": 9, "y": 23 }, { "data": 12000000, "lvl": 5, "x": 27, "y": 18 },
  { "data": 12000001, "lvl": 0, "x": 30, "y": 29 }, { "data": 12000006, "lvl": 2, "x": 16, "y": 20 },
  { "data": 12000006, "lvl": 2, "x": 28, "y": 20 }, { "data": 12000006, "lvl": 2, "x": 28, "y": 23 },
  { "data": 12000006, "lvl": 2, "x": 21, "y": 16 }, { "data": 12000005, "lvl": 3, "x": 16, "y": 22 },
  { "data": 12000005, "lvl": 3, "x": 19, "y": 16 }, { "data": 12000005, "lvl": 3, "x": 16, "y": 19 },
  { "data": 12000005, "lvl": 3, "x": 22, "y": 28 }
  ],
  "decos": [
  { "data": 18000033, "x": 34, "y": 38 }, { "data": 18000010, "x": 38, "y": 39 }, { "data": 18000004, "x": 36, "y": 37 }
  ],
  "respawnVars": {
    "secondsFromLastRespawn": 6035,
    "respawnSeed": 897093130,
    "obstacleClearCounter": 15,
    "time_to_gembox_drop": 249704,
    "time_in_gembox_period": 190800
  },
  "cooldowns": [{ "cooldown": 6557027, "target": 20000001 }, { "cooldown": 5243831, "target": 20000000 }],
  "newShopBuildings": [4, 0, 7, 4, 7, 4, 4, 1, 6, 7, 250, 4, 4, 3, 1, 5, 0, 0, 0, 4, 1, 3, 1, 3, 1, 1, 2, 2],
  "newShopTraps": [6, 6, 5, 0, 0, 5, 5, 0],
  "newShopDecos": [
    1, 4, 0, 0, 1, 0, 0, 0, 0, 0, 0, 0, 0, 0, 0, 0, 0, 0, 0, 0, 0, 0, 0, 0, 0, 0, 0, 0, 0, 0, 0, 0, 0, 0, 0, 0, 0
  ],
  "last_league_rank": 16,
  "last_league_shuffle": 1,
  "last_news_seen": 58,
  "edit_mode_shown": true,
  "troop_req_msg": "2 witches 2 wizards 3 barbs",
  "war_req_msg": "1 witch 2 valk 7 archers ",
  "war_tutorials_seen": 0,
  "war_base": false
}