{
  "active_layout": 0,
  "layout_state": [0, 0, 0, 0, 0, 0],
  "buildings": [
  { "data": 1000001, "lvl": 9, "x": 21, "y": 21 }, { "data": 1000004, "lvl": 11, "x": 22, "y": 7, "res_time": 204725 },
  { "data": 1000000, "lvl": 7, "x": 10, "y": 30, "units": [] }, { "data": 1000015, "lvl": 0, "x": 5, "y": 12 },
  { "data": 1000014, "lvl": 5, "x": 25, "y": 22 }, { "data": 1000008, "lvl": 12, "x": 32, "y": 22 },
  { "data": 1000015, "lvl": 0, "x": 14, "y": 36 }, { "data": 1000002, "lvl": 11, "x": 19, "y": 39, "res_time": 204725 },
  { "data": 1000003, "lvl": 10, "x": 36, "y": 32 }, { "data": 1000005, "lvl": 10, "x": 26, "y": 35 },
  { "data": 1000006, "lvl": 9, "x": 27, "y": 38, "unit_prod": { "unit_type": 0 } },
  { "data": 1000004, "lvl": 11, "x": 7, "y": 22, "res_time": 204725 }, { "data": 1000009, "lvl": 12, "x": 19, "y": 32 },
  { "data": 1000008, "lvl": 12, "x": 22, "y": 32 }, { "data": 1000002, "lvl": 11, "x": 8, "y": 11, "res_time": 204725 },
  { "data": 1000002, "lvl": 11, "x": 36, "y": 19, "res_time": 204725 },
  { "data": 1000000, "lvl": 7, "x": 30, "y": 5, "units": [] }, { "data": 1000003, "lvl": 10, "x": 29, "y": 35 },
  { "data": 1000005, "lvl": 10, "x": 32, "y": 36 }, { "data": 1000009, "lvl": 12, "x": 10, "y": 18 },
  { "data": 1000004, "lvl": 11, "x": 11, "y": 8, "res_time": 204725 }, { "data": 1000015, "lvl": 0, "x": 36, "y": 14 },
  { "data": 1000013, "lvl": 7, "x": 16, "y": 16 }, { "data": 1000007, "lvl": 7, "x": 6, "y": 6 },
  { "data": 1000002, "lvl": 11, "x": 14, "y": 9, "res_time": 204964 },
  { "data": 1000004, "lvl": 11, "x": 36, "y": 16, "res_time": 204725 }, { "data": 1000012, "lvl": 7, "x": 25, "y": 16 },
  { "data": 1000006, "lvl": 9, "x": 22, "y": 38, "unit_prod": { "unit_type": 0 } },
  { "data": 1000002, "lvl": 11, "x": 16, "y": 36, "res_time": 205517 },
  { "data": 1000004, "lvl": 11, "x": 19, "y": 36, "res_time": 204725 },
  { "data": 1000020, "lvl": 4, "x": 18, "y": 7, "units": [], "unit_prod": { "unit_type": 1 } },
  { "data": 1000006, "lvl": 9, "x": 38, "y": 22, "unit_prod": { "unit_type": 0 } },
  { "data": 1000000, "lvl": 7, "x": 30, "y": 10, "units": [] }, { "data": 1000015, "lvl": 0, "x": 34, "y": 34 },
  { "data": 1000015, "lvl": 0, "x": 30, "y": 3 }, { "data": 1000002, "lvl": 11, "x": 7, "y": 18, "res_time": 204725 },
  { "data": 1000004, "lvl": 11, "x": 9, "y": 14, "res_time": 204725 }, { "data": 1000010, "lvl": 10, "x": 25, "y": 15 },
  { "data": 1000010, "lvl": 10, "x": 28, "y": 31 }, { "data": 1000010, "lvl": 10, "x": 14, "y": 21 },
  { "data": 1000010, "lvl": 10, "x": 6, "y": 26 }, { "data": 1000010, "lvl": 10, "x": 12, "y": 7 },
  { "data": 1000010, "lvl": 10, "x": 19, "y": 15 }, { "data": 1000010, "lvl": 10, "x": 32, "y": 17 },
  { "data": 1000010, "lvl": 10, "x": 33, "y": 18 }, { "data": 1000010, "lvl": 10, "x": 9, "y": 21 },
  { "data": 1000010, "lvl": 10, "x": 15, "y": 24 }, { "data": 1000010, "lvl": 10, "x": 26, "y": 14 },
  { "data": 1000010, "lvl": 10, "x": 25, "y": 13 }, { "data": 1000010, "lvl": 10, "x": 23, "y": 6 },
  { "data": 1000010, "lvl": 10, "x": 25, "y": 11 }, { "data": 1000010, "lvl": 10, "x": 18, "y": 33 },
  { "data": 1000010, "lvl": 10, "x": 26, "y": 31 }, { "data": 1000010, "lvl": 10, "x": 17, "y": 11 },
  { "data": 1000010, "lvl": 10, "x": 13, "y": 15 }, { "data": 1000010, "lvl": 10, "x": 31, "y": 18 },
  { "data": 1000010, "lvl": 10, "x": 29, "y": 16 }, { "data": 1000010, "lvl": 10, "x": 19, "y": 14 },
  { "data": 1000010, "lvl": 10, "x": 19, "y": 31 }, { "data": 1000010, "lvl": 10, "x": 20, "y": 6 },
  { "data": 1000010, "lvl": 10, "x": 29, "y": 10 }, { "data": 1000010, "lvl": 10, "x": 15, "y": 14 },
  { "data": 1000010, "lvl": 10, "x": 31, "y": 15 }, { "data": 1000010, "lvl": 10, "x": 13, "y": 20 },
  { "data": 1000010, "lvl": 10, "x": 16, "y": 31 }, { "data": 1000000, "lvl": 7, "x": 5, "y": 30, "units": [] },
  { "data": 1000010, "lvl": 10, "x": 31, "y": 26 }, { "data": 1000010, "lvl": 10, "x": 11, "y": 17 },
  { "data": 1000010, "lvl": 10, "x": 16, "y": 30 }, { "data": 1000010, "lvl": 10, "x": 15, "y": 7 },
  { "data": 1000010, "lvl": 10, "x": 7, "y": 10 }, { "data": 1000010, "lvl": 10, "x": 12, "y": 14 },
  { "data": 1000010, "lvl": 10, "x": 15, "y": 29 }, { "data": 1000010, "lvl": 10, "x": 24, "y": 15 },
  { "data": 1000010, "lvl": 10, "x": 30, "y": 31 }, { "data": 1000010, "lvl": 10, "x": 26, "y": 13 },
  { "data": 1000010, "lvl": 10, "x": 23, "y": 15 }, { "data": 1000010, "lvl": 10, "x": 10, "y": 10 },
  { "data": 1000010, "lvl": 10, "x": 16, "y": 32 }, { "data": 1000010, "lvl": 10, "x": 24, "y": 14 },
  { "data": 1000010, "lvl": 10, "x": 17, "y": 32 }, { "data": 1000010, "lvl": 10, "x": 13, "y": 26 },
  { "data": 1000010, "lvl": 10, "x": 13, "y": 25 }, { "data": 1000010, "lvl": 10, "x": 18, "y": 6 },
  { "data": 1000010, "lvl": 10, "x": 15, "y": 16 }, { "data": 1000010, "lvl": 10, "x": 13, "y": 7 },
  { "data": 1000010, "lvl": 10, "x": 25, "y": 14 }, { "data": 1000010, "lvl": 10, "x": 25, "y": 12 },
  { "data": 1000010, "lvl": 10, "x": 19, "y": 6 }, { "data": 1000010, "lvl": 10, "x": 21, "y": 14 },
  { "data": 1000010, "lvl": 10, "x": 23, "y": 13 }, { "data": 1000010, "lvl": 10, "x": 31, "y": 21 },
  { "data": 1000010, "lvl": 10, "x": 28, "y": 16 }, { "data": 1000010, "lvl": 10, "x": 21, "y": 8 },
  { "data": 1000010, "lvl": 10, "x": 31, "y": 25 }, { "data": 1000010, "lvl": 10, "x": 17, "y": 14 },
  { "data": 1000010, "lvl": 10, "x": 15, "y": 25 }, { "data": 1000010, "lvl": 10, "x": 16, "y": 14 },
  { "data": 1000010, "lvl": 10, "x": 17, "y": 7 }, { "data": 1000010, "lvl": 10, "x": 18, "y": 14 },
  { "data": 1000010, "lvl": 10, "x": 11, "y": 25 }, { "data": 1000010, "lvl": 10, "x": 14, "y": 14 },
  { "data": 1000010, "lvl": 10, "x": 13, "y": 23 }, { "data": 1000010, "lvl": 10, "x": 29, "y": 15 },
  { "data": 1000010, "lvl": 10, "x": 31, "y": 24 }, { "data": 1000010, "lvl": 10, "x": 7, "y": 11 },
  { "data": 1000010, "lvl": 10, "x": 6, "y": 29 }, { "data": 1000010, "lvl": 10, "x": 30, "y": 30 },
  { "data": 1000010, "lvl": 10, "x": 16, "y": 13 }, { "data": 1000010, "lvl": 10, "x": 13, "y": 16 },
  { "data": 1000010, "lvl": 10, "x": 16, "y": 7 }, { "data": 1000010, "lvl": 10, "x": 21, "y": 10 },
  { "data": 1000010, "lvl": 10, "x": 22, "y": 15 }, { "data": 1000010, "lvl": 10, "x": 26, "y": 6 },
  { "data": 1000010, "lvl": 10, "x": 6, "y": 23 }, { "data": 1000010, "lvl": 10, "x": 35, "y": 19 },
  { "data": 1000010, "lvl": 10, "x": 14, "y": 29 }, { "data": 1000010, "lvl": 10, "x": 29, "y": 9 },
  { "data": 1000010, "lvl": 10, "x": 28, "y": 13 }, { "data": 1000010, "lvl": 10, "x": 29, "y": 31 },
  { "data": 1000010, "lvl": 10, "x": 28, "y": 15 }, { "data": 1000010, "lvl": 10, "x": 9, "y": 29 },
  { "data": 1000010, "lvl": 10, "x": 21, "y": 7 }, { "data": 1000010, "lvl": 10, "x": 24, "y": 31 },
  { "data": 1000010, "lvl": 10, "x": 21, "y": 6 }, { "data": 1000010, "lvl": 10, "x": 15, "y": 26 },
  { "data": 1000010, "lvl": 10, "x": 28, "y": 14 }, { "data": 1000010, "lvl": 10, "x": 6, "y": 22 },
  { "data": 1000010, "lvl": 10, "x": 23, "y": 31 }, { "data": 1000010, "lvl": 10, "x": 10, "y": 25 },
  { "data": 1000010, "lvl": 10, "x": 7, "y": 21 }, { "data": 1000010, "lvl": 10, "x": 30, "y": 15 },
  { "data": 1000010, "lvl": 10, "x": 13, "y": 27 }, { "data": 1000010, "lvl": 10, "x": 14, "y": 20 },
  { "data": 1000010, "lvl": 10, "x": 15, "y": 22 }, { "data": 1000010, "lvl": 10, "x": 10, "y": 9 },
  { "data": 1000010, "lvl": 10, "x": 25, "y": 9 }, { "data": 1000010, "lvl": 10, "x": 31, "y": 16 },
  { "data": 1000010, "lvl": 10, "x": 18, "y": 32 }, { "data": 1000010, "lvl": 10, "x": 21, "y": 11 },
  { "data": 1000010, "lvl": 10, "x": 6, "y": 24 }, { "data": 1000010, "lvl": 10, "x": 26, "y": 15 },
  { "data": 1000010, "lvl": 10, "x": 9, "y": 25 }, { "data": 1000010, "lvl": 10, "x": 13, "y": 29 },
  { "data": 1000010, "lvl": 10, "x": 14, "y": 19 }, { "data": 1000010, "lvl": 10, "x": 28, "y": 6 },
  { "data": 1000010, "lvl": 10, "x": 29, "y": 8 }, { "data": 1000010, "lvl": 10, "x": 14, "y": 25 },
  { "data": 1000010, "lvl": 10, "x": 20, "y": 15 }, { "data": 1000010, "lvl": 10, "x": 18, "y": 13 },
  { "data": 1000010, "lvl": 10, "x": 20, "y": 14 }, { "data": 1000010, "lvl": 10, "x": 7, "y": 17 },
  { "data": 1000010, "lvl": 10, "x": 17, "y": 15 }, { "data": 1000010, "lvl": 10, "x": 6, "y": 28 },
  { "data": 1000010, "lvl": 10, "x": 22, "y": 31 }, { "data": 1000010, "lvl": 10, "x": 31, "y": 23 },
  { "data": 1000010, "lvl": 10, "x": 22, "y": 6 }, { "data": 1000010, "lvl": 10, "x": 32, "y": 18 },
  { "data": 1000010, "lvl": 10, "x": 21, "y": 9 }, { "data": 1000010, "lvl": 10, "x": 31, "y": 20 },
  { "data": 1000010, "lvl": 10, "x": 6, "y": 18 }, { "data": 1000010, "lvl": 10, "x": 7, "y": 12 },
  { "data": 1000010, "lvl": 10, "x": 15, "y": 23 }, { "data": 1000010, "lvl": 10, "x": 18, "y": 15 },
  { "data": 1000010, "lvl": 10, "x": 29, "y": 7 }, { "data": 1000010, "lvl": 10, "x": 25, "y": 8 },
  { "data": 1000010, "lvl": 10, "x": 13, "y": 22 }, { "data": 1000010, "lvl": 10, "x": 29, "y": 6 },
  { "data": 1000010, "lvl": 10, "x": 14, "y": 17 }, { "data": 1000010, "lvl": 10, "x": 31, "y": 17 },
  { "data": 1000010, "lvl": 10, "x": 27, "y": 14 }, { "data": 1000010, "lvl": 10, "x": 16, "y": 12 },
  { "data": 1000010, "lvl": 10, "x": 25, "y": 7 }, { "data": 1000010, "lvl": 10, "x": 7, "y": 25 },
  { "data": 1000010, "lvl": 10, "x": 6, "y": 19 }, { "data": 1000010, "lvl": 10, "x": 13, "y": 19 },
  { "data": 1000010, "lvl": 10, "x": 15, "y": 31 }, { "data": 1000010, "lvl": 10, "x": 29, "y": 12 },
  { "data": 1000003, "lvl": 10, "x": 35, "y": 26 }, { "data": 1000005, "lvl": 10, "x": 35, "y": 22 },
  { "data": 1000019, "lvl": 7, "x": 20, "y": 29 }, { "data": 1000008, "lvl": 12, "x": 16, "y": 19 },
  { "data": 1000008, "lvl": 12, "x": 32, "y": 28 }, { "data": 1000009, "lvl": 12, "x": 22, "y": 10 },
  { "data": 1000009, "lvl": 12, "x": 32, "y": 19 }, {
    "data": 1000006,
    "lvl": 9,
    "x": 38,
    "y": 27,
    "unit_prod": { "unit_type": 0 }
  }, { "data": 1000009, "lvl": 12, "x": 10, "y": 26 }, { "data": 1000013, "lvl": 7, "x": 25, "y": 19 },
  { "data": 1000010, "lvl": 10, "x": 16, "y": 29 }, { "data": 1000010, "lvl": 10, "x": 14, "y": 24 },
  { "data": 1000010, "lvl": 10, "x": 32, "y": 16 }, { "data": 1000010, "lvl": 10, "x": 6, "y": 21 },
  { "data": 1000010, "lvl": 10, "x": 10, "y": 8 }, { "data": 1000010, "lvl": 10, "x": 20, "y": 31 },
  { "data": 1000010, "lvl": 10, "x": 7, "y": 15 }, { "data": 1000010, "lvl": 10, "x": 21, "y": 31 },
  { "data": 1000010, "lvl": 10, "x": 8, "y": 17 }, { "data": 1000010, "lvl": 10, "x": 8, "y": 10 },
  { "data": 1000010, "lvl": 10, "x": 14, "y": 18 }, { "data": 1000010, "lvl": 10, "x": 13, "y": 14 },
  { "data": 1000010, "lvl": 10, "x": 12, "y": 17 }, { "data": 1000010, "lvl": 10, "x": 10, "y": 17 },
  { "data": 1000010, "lvl": 10, "x": 29, "y": 13 }, { "data": 1000010, "lvl": 10, "x": 27, "y": 13 },
  { "data": 1000010, "lvl": 10, "x": 13, "y": 21 }, { "data": 1000010, "lvl": 10, "x": 7, "y": 29 },
  { "data": 1000010, "lvl": 10, "x": 19, "y": 35 }, { "data": 1000010, "lvl": 10, "x": 32, "y": 15 },
  { "data": 1000010, "lvl": 10, "x": 22, "y": 14 }, { "data": 1000010, "lvl": 10, "x": 17, "y": 9 },
  { "data": 1000010, "lvl": 10, "x": 27, "y": 15 }, { "data": 1000010, "lvl": 10, "x": 21, "y": 13 },
  { "data": 1000010, "lvl": 10, "x": 8, "y": 29 }, { "data": 1000010, "lvl": 10, "x": 21, "y": 12 },
  { "data": 1000010, "lvl": 10, "x": 12, "y": 21 }, { "data": 1000010, "lvl": 10, "x": 34, "y": 18 },
  { "data": 1000010, "lvl": 10, "x": 15, "y": 12 }, { "data": 1000010, "lvl": 10, "x": 7, "y": 14 },
  { "data": 1000010, "lvl": 10, "x": 27, "y": 31 }, { "data": 1000010, "lvl": 10, "x": 8, "y": 21 },
  { "data": 1000010, "lvl": 10, "x": 29, "y": 14 }, { "data": 1000010, "lvl": 10, "x": 7, "y": 16 },
  { "data": 1000010, "lvl": 10, "x": 31, "y": 19 }, { "data": 1000010, "lvl": 10, "x": 25, "y": 31 },
  { "data": 1000010, "lvl": 10, "x": 17, "y": 10 }, { "data": 1000010, "lvl": 10, "x": 14, "y": 7 },
  { "data": 1000010, "lvl": 10, "x": 14, "y": 15 }, { "data": 1000010, "lvl": 10, "x": 35, "y": 18 },
  { "data": 1000010, "lvl": 10, "x": 12, "y": 25 }, { "data": 1000010, "lvl": 10, "x": 14, "y": 26 },
  { "data": 1000010, "lvl": 10, "x": 12, "y": 16 }, { "data": 1000010, "lvl": 10, "x": 14, "y": 23 },
  { "data": 1000010, "lvl": 10, "x": 23, "y": 14 }, { "data": 1000010, "lvl": 10, "x": 24, "y": 13 },
  { "data": 1000010, "lvl": 10, "x": 31, "y": 30 }, { "data": 1000010, "lvl": 10, "x": 15, "y": 30 },
  { "data": 1000010, "lvl": 10, "x": 14, "y": 12 }, { "data": 1000010, "lvl": 10, "x": 16, "y": 28 },
  { "data": 1000010, "lvl": 10, "x": 6, "y": 25 }, { "data": 1000010, "lvl": 10, "x": 12, "y": 29 },
  { "data": 1000010, "lvl": 10, "x": 31, "y": 28 }, { "data": 1000010, "lvl": 10, "x": 11, "y": 7 },
  { "data": 1000010, "lvl": 10, "x": 10, "y": 29 }, { "data": 1000010, "lvl": 10, "x": 10, "y": 21 },
  { "data": 1000010, "lvl": 10, "x": 31, "y": 22 }, { "data": 1000010, "lvl": 10, "x": 15, "y": 32 },
  { "data": 1000013, "lvl": 7, "x": 19, "y": 25 }, { "data": 1000012, "lvl": 7, "x": 16, "y": 25 },
  { "data": 1000011, "lvl": 7, "x": 28, "y": 17 }, { "data": 1000010, "lvl": 10, "x": 20, "y": 35 },
  { "data": 1000010, "lvl": 10, "x": 14, "y": 28 }, { "data": 1000011, "lvl": 7, "x": 22, "y": 28 },
  { "data": 1000011, "lvl": 7, "x": 17, "y": 28 }, { "data": 1000019, "lvl": 7, "x": 29, "y": 25 },
  { "data": 1000019, "lvl": 7, "x": 29, "y": 20 }, { "data": 1000019, "lvl": 7, "x": 25, "y": 29 },
  {
    "data": 1000021,
    "lvl": 3,
    "x": 18,
    "y": 22,
    "attack_mode": false,
    "attack_mode_draft": false,
    "attack_mode_war": false,
    "attack_mode_draft_war": false,
    "attack_mode2": false,
    "attack_mode_d2": false,
    "attack_mode3": false,
    "attack_mode_d3": false,
    "attack_mode4": false,
    "attack_mode_d4": false,
    "attack_mode5": false,
    "attack_mode_d5": false,
    "ammo": 1500
  }, { "data": 1000012, "lvl": 7, "x": 25, "y": 32 }, { "data": 1000008, "lvl": 12, "x": 19, "y": 16 },
  { "data": 1000009, "lvl": 12, "x": 26, "y": 10 }, { "data": 1000010, "lvl": 10, "x": 14, "y": 27 },
  { "data": 1000010, "lvl": 10, "x": 17, "y": 8 }, { "data": 1000010, "lvl": 10, "x": 15, "y": 13 },
  { "data": 1000010, "lvl": 10, "x": 21, "y": 15 }, { "data": 1000010, "lvl": 10, "x": 9, "y": 17 },
  { "data": 1000010, "lvl": 10, "x": 29, "y": 11 }, { "data": 1000010, "lvl": 10, "x": 13, "y": 28 },
  { "data": 1000010, "lvl": 10, "x": 14, "y": 16 }, { "data": 1000010, "lvl": 10, "x": 18, "y": 35 },
  { "data": 1000010, "lvl": 10, "x": 17, "y": 13 }, { "data": 1000010, "lvl": 10, "x": 14, "y": 13 },
  { "data": 1000010, "lvl": 10, "x": 30, "y": 16 }, { "data": 1000010, "lvl": 10, "x": 22, "y": 13 },
  { "data": 1000010, "lvl": 10, "x": 9, "y": 10 }, { "data": 1000010, "lvl": 10, "x": 15, "y": 15 },
  { "data": 1000010, "lvl": 10, "x": 7, "y": 13 }, { "data": 1000010, "lvl": 10, "x": 8, "y": 25 },
  { "data": 1000010, "lvl": 10, "x": 13, "y": 18 }, { "data": 1000010, "lvl": 10, "x": 27, "y": 6 },
  { "data": 1000010, "lvl": 10, "x": 13, "y": 17 }, { "data": 1000010, "lvl": 10, "x": 14, "y": 22 },
  { "data": 1000010, "lvl": 10, "x": 15, "y": 27 }, { "data": 1000010, "lvl": 10, "x": 10, "y": 7 },
  { "data": 1000010, "lvl": 10, "x": 15, "y": 28 }, { "data": 1000010, "lvl": 10, "x": 25, "y": 10 },
  { "data": 1000003, "lvl": 10, "x": 22, "y": 35 }, { "data": 1000005, "lvl": 10, "x": 35, "y": 29 },
  { "data": 1000024, "lvl": 5, "x": 36, "y": 36 }, { "data": 1000023, "lvl": 5, "x": 33, "y": 15, "res_time": 0 },
  { "data": 1000022, "lvl": 0, "x": 31, "y": 31 }, { "data": 1000025, "lvl": 0, "x": 22, "y": 25 },
  { "data": 1000023, "lvl": 5, "x": 15, "y": 33, "res_time": 0 },
  {
    "data": 1000021,
    "lvl": 3,
    "x": 22,
    "y": 18,
    "attack_mode": false,
    "attack_mode_draft": false,
    "attack_mode_war": false,
    "attack_mode_draft_war": false,
    "attack_mode2": false,
    "attack_mode_d2": false,
    "attack_mode3": false,
    "attack_mode_d3": false,
    "attack_mode4": false,
    "attack_mode_d4": false,
    "attack_mode5": false,
    "attack_mode_d5": false,
    "ammo": 1500
  }, { "data": 1000026, "lvl": 5, "x": 7, "y": 26, "unit_prod": { "unit_type": 0 } },
  { "data": 1000010, "lvl": 10, "x": 6, "y": 17 }, { "data": 1000010, "lvl": 10, "x": 17, "y": 6 },
  { "data": 1000010, "lvl": 10, "x": 11, "y": 29 }, { "data": 1000010, "lvl": 10, "x": 15, "y": 20 },
  { "data": 1000010, "lvl": 10, "x": 31, "y": 29 }, { "data": 1000010, "lvl": 10, "x": 6, "y": 27 },
  { "data": 1000010, "lvl": 10, "x": 17, "y": 31 }, { "data": 1000010, "lvl": 10, "x": 15, "y": 18 },
  { "data": 1000010, "lvl": 10, "x": 31, "y": 27 }, { "data": 1000010, "lvl": 10, "x": 6, "y": 20 },
  { "data": 1000010, "lvl": 10, "x": 15, "y": 17 }, { "data": 1000010, "lvl": 10, "x": 19, "y": 13 },
  { "data": 1000010, "lvl": 10, "x": 11, "y": 21 }, { "data": 1000010, "lvl": 10, "x": 20, "y": 13 },
  { "data": 1000010, "lvl": 10, "x": 18, "y": 31 }, { "data": 1000010, "lvl": 10, "x": 15, "y": 21 },
  { "data": 1000010, "lvl": 10, "x": 16, "y": 15 }, { "data": 1000010, "lvl": 10, "x": 24, "y": 6 },
  { "data": 1000010, "lvl": 10, "x": 25, "y": 6 }, { "data": 1000010, "lvl": 10, "x": 17, "y": 12 },
  { "data": 1000010, "lvl": 10, "x": 15, "y": 19 }, { "data": 1000010, "lvl": 10, "x": 13, "y": 24 },
  { "data": 1000010, "lvl": 10, "x": 35, "y": 20 }, { "data": 1000010, "lvl": 10, "x": 12, "y": 15 },
  { "data": 1000010, "lvl": 10, "x": 18, "y": 34 }, {
    "data": 1000026,
    "lvl": 5,
    "x": 26,
    "y": 7,
    "unit_prod": { "unit_type": 0 }
  }, { "data": 1000011, "lvl": 7, "x": 28, "y": 22 }, { "data": 1000012, "lvl": 7, "x": 32, "y": 25 },
  { "data": 1000008, "lvl": 12, "x": 28, "y": 32 }, { "data": 1000023, "lvl": 5, "x": 10, "y": 22, "res_time": 0 },
  { "data": 1000009, "lvl": 12, "x": 18, "y": 10 }, {
    "data": 1000027,
    "lvl": 2,
    "x": 25,
    "y": 25,
    "attack_mode": true,
    "attack_mode_draft": false,
    "attack_mode_war": false,
    "attack_mode_draft_war": false,
    "attack_mode2": false,
    "attack_mode_d2": false,
    "attack_mode3": false,
    "attack_mode_d3": false,
    "attack_mode4": false,
    "attack_mode_d4": false,
    "attack_mode5": false,
    "attack_mode_d5": false,
    "ammo": 750
  }, {
    "data": 1000027,
    "lvl": 2,
    "x": 19,
    "y": 19,
    "attack_mode": false,
    "attack_mode_draft": false,
    "attack_mode_war": false,
    "attack_mode_draft_war": false,
    "attack_mode2": false,
    "attack_mode_d2": false,
    "attack_mode3": false,
    "attack_mode_d3": false,
    "attack_mode4": false,
    "attack_mode_d4": false,
    "attack_mode5": false,
    "attack_mode_d5": false,
    "ammo": 750
  }, {
    "data": 1000021,
    "lvl": 3,
    "x": 27,
    "y": 27,
    "attack_mode": true,
    "attack_mode_draft": true,
    "attack_mode_war": true,
    "attack_mode_draft_war": true,
    "attack_mode2": false,
    "attack_mode_d2": false,
    "attack_mode3": false,
    "attack_mode_d3": false,
    "attack_mode4": false,
    "attack_mode_d4": false,
    "attack_mode5": false,
    "attack_mode_d5": false,
    "ammo": 1500
  }, { "data": 1000002, "lvl": 11, "x": 39, "y": 16, "res_time": 204725 },
  { "data": 1000004, "lvl": 11, "x": 16, "y": 39, "res_time": 204725 }, { "data": 1000013, "lvl": 7, "x": 11, "y": 11 },
  { "data": 1000029, "lvl": 2, "x": 39, "y": 19, "units": [], "unit_prod": { "unit_type": 1 } },
  {
    "data": 1000028,
    "lvl": 5,
    "x": 27,
    "y": 25,
    "aim_angle": 135,
    "aim_angle_draft": 0,
    "aim_angle_war": 0,
    "aim_angle_draft_war": 0,
    "aim_angle2": 0,
    "aim_angle_d2": 0,
    "aim_angle3": 0,
    "aim_angle_d3": 0,
    "aim_angle4": 0,
    "aim_angle_d4": 0,
    "aim_angle5": 0,
    "aim_angle_d5": 0
  }, {
    "data": 1000028,
    "lvl": 5,
    "x": 25,
    "y": 27,
    "aim_angle": 315,
    "aim_angle_draft": 0,
    "aim_angle_war": 0,
    "aim_angle_draft_war": 0,
    "aim_angle2": 0,
    "aim_angle_d2": 0,
    "aim_angle3": 0,
    "aim_angle_d3": 0,
    "aim_angle4": 0,
    "aim_angle_d4": 0,
    "aim_angle5": 0,
    "aim_angle_d5": 0
  }
  ],
  "obstacles": [
  { "data": 8000000, "x": 0, "y": 22, "loot_multiply_ver": 1 },
  { "data": 8000000, "x": 0, "y": 41, "loot_multiply_ver": 1 },
  { "data": 8000000, "x": 7, "y": 40, "loot_multiply_ver": 1 },
  { "data": 8000000, "x": 1, "y": 35, "loot_multiply_ver": 1 },
  { "data": 8000000, "x": 42, "y": 19, "loot_multiply_ver": 1 },
  { "data": 8000000, "x": 12, "y": 39, "loot_multiply_ver": 1 },
  { "data": 8000000, "x": 13, "y": 42, "loot_multiply_ver": 1 },
  { "data": 8000000, "x": 10, "y": 41, "loot_multiply_ver": 1 },
  { "data": 8000000, "x": 31, "y": 42, "loot_multiply_ver": 1 },
  { "data": 8000000, "x": 21, "y": 42, "loot_multiply_ver": 1 },
  { "data": 8000000, "x": 35, "y": 40, "loot_multiply_ver": 1 },
  { "data": 8000000, "x": 12, "y": 0, "loot_multiply_ver": 1 },
  { "data": 8000000, "x": 0, "y": 15, "loot_multiply_ver": 1 },
  { "data": 8000000, "x": 41, "y": 35, "loot_multiply_ver": 1 },
  { "data": 8000000, "x": 17, "y": 0, "loot_multiply_ver": 1 },
  { "data": 8000000, "x": 42, "y": 27, "loot_multiply_ver": 1 },
  { "data": 8000000, "x": 9, "y": 0, "loot_multiply_ver": 1 },
  { "data": 8000000, "x": 30, "y": 0, "loot_multiply_ver": 1 },
  { "data": 8000004, "x": 38, "y": 0, "loot_multiply_ver": 2 },
  { "data": 8000004, "x": 23, "y": 0, "loot_multiply_ver": 2 },
  { "data": 8000004, "x": 42, "y": 1, "loot_multiply_ver": 2 },
  { "data": 8000004, "x": 33, "y": 1, "loot_multiply_ver": 2 },
  { "data": 8000000, "x": 2, "y": 38, "loot_multiply_ver": 2 },
  { "data": 8000004, "x": 40, "y": 32, "loot_multiply_ver": 2 },
  { "data": 8000004, "x": 41, "y": 42, "loot_multiply_ver": 2 },
  { "data": 8000006, "x": 38, "y": 3, "loot_multiply_ver": 2 },
  { "data": 8000004, "x": 2, "y": 32, "loot_multiply_ver": 2 },
  { "data": 8000000, "x": 24, "y": 42, "loot_multiply_ver": 2 },
  { "data": 8000004, "x": 0, "y": 27, "loot_multiply_ver": 2 },
  { "data": 8000004, "x": 0, "y": 8, "loot_multiply_ver": 2 },
  { "data": 8000030, "x": 41, "y": 24, "loot_multiply_ver": 1 },
  { "data": 8000010, "x": 3, "y": 41, "loot_multiply_ver": 2 },
  { "data": 8000000, "x": 20, "y": 0, "loot_multiply_ver": 2 },
  { "data": 8000010, "x": 42, "y": 13, "loot_multiply_ver": 2 },
  { "data": 8000004, "x": 42, "y": 5, "loot_multiply_ver": 2 },
  { "data": 8000000, "x": 2, "y": 0, "loot_multiply_ver": 2 }
  ],
  "traps": [
  { "data": 12000001, "lvl": 0, "x": 35, "y": 21 }, { "data": 12000002, "lvl": 3, "x": 22, "y": 16 },
  { "data": 12000002, "lvl": 3, "x": 34, "y": 32 }, { "data": 12000002, "lvl": 3, "x": 16, "y": 22 },
  { "data": 12000002, "lvl": 3, "x": 15, "y": 5 }, { "data": 12000001, "lvl": 0, "x": 14, "y": 6 },
  { "data": 12000001, "lvl": 0, "x": 35, "y": 14 }, { "data": 12000001, "lvl": 0, "x": 31, "y": 34 },
  { "data": 12000001, "lvl": 0, "x": 34, "y": 31 }, { "data": 12000002, "lvl": 3, "x": 5, "y": 15 },
  { "data": 12000001, "lvl": 0, "x": 6, "y": 14 }, { "data": 12000006, "lvl": 2, "x": 27, "y": 30 },
  { "data": 12000006, "lvl": 2, "x": 16, "y": 24 }, { "data": 12000006, "lvl": 2, "x": 30, "y": 27 },
  { "data": 12000006, "lvl": 2, "x": 24, "y": 16 }, { "data": 12000006, "lvl": 2, "x": 28, "y": 20 },
  { "data": 12000005, "lvl": 3, "x": 28, "y": 21 }, { "data": 12000005, "lvl": 3, "x": 32, "y": 34 },
  { "data": 12000005, "lvl": 3, "x": 20, "y": 28 }, { "data": 12000005, "lvl": 3, "x": 24, "y": 17 },
  { "data": 12000005, "lvl": 3, "x": 16, "y": 8 }, { "data": 12000000, "lvl": 5, "x": 8, "y": 16 },
  { "data": 12000000, "lvl": 5, "x": 20, "y": 5 }, { "data": 12000000, "lvl": 5, "x": 21, "y": 5 },
  { "data": 12000000, "lvl": 5, "x": 37, "y": 25 }, { "data": 12000000, "lvl": 5, "x": 25, "y": 37 },
  { "data": 12000000, "lvl": 5, "x": 5, "y": 29 }, {
    "data": 12000008,
    "lvl": 2,
    "air_mode": false,
    "air_mode_draft": false,
    "air_mode_war": false,
    "air_mode_draft_war": false,
    "air_mode2": false,
    "air_mode_d2": false,
    "air_mode3": false,
    "air_mode_d3": false,
    "air_mode4": false,
    "air_mode_d4": false,
    "air_mode5": false,
    "air_mode_d5": false,
    "x": 21,
    "y": 19
  }, {
    "data": 12000008,
    "lvl": 2,
    "air_mode": false,
    "air_mode_draft": false,
    "air_mode_war": false,
    "air_mode_draft_war": false,
    "air_mode2": false,
    "air_mode_d2": false,
    "air_mode3": false,
    "air_mode_d3": false,
    "air_mode4": false,
    "air_mode_d4": false,
    "air_mode5": false,
    "air_mode_d5": false,
    "x": 19,
    "y": 21
  }, {
    "data": 12000008,
    "lvl": 2,
    "air_mode": false,
    "air_mode_draft": false,
    "air_mode_war": false,
    "air_mode_draft_war": false,
    "air_mode2": false,
    "air_mode_d2": false,
    "air_mode3": false,
    "air_mode_d3": false,
    "air_mode4": false,
    "air_mode_d4": false,
    "air_mode5": false,
    "air_mode_d5": false,
    "x": 17,
    "y": 24
  }
  ],
  "decos": [
  { "data": 18000001, "x": 14, "y": 3 }, { "data": 18000001, "x": 3, "y": 16 }, { "data": 18000001, "x": 16, "y": 3 },
  { "data": 18000001, "x": 3, "y": 14 }, { "data": 18000009, "x": 39, "y": 10 }, { "data": 18000008, "x": 37, "y": 8 },
  { "data": 18000011, "x": 3, "y": 6 }, { "data": 18000005, "x": 3, "y": 18 }, { "data": 18000006, "x": 24, "y": 3 },
  { "data": 18000006, "x": 3, "y": 24 }, { "data": 18000005, "x": 18, "y": 3 }, { "data": 18000005, "x": 20, "y": 3 },
  { "data": 18000021, "x": 6, "y": 3 }, { "data": 18000006, "x": 22, "y": 3 }, { "data": 18000006, "x": 3, "y": 22 },
  { "data": 18000000, "x": 12, "y": 3 }, { "data": 18000020, "x": 10, "y": 37 }, { "data": 18000005, "x": 3, "y": 20 },
  { "data": 18000022, "x": 39, "y": 8 }, { "data": 18000023, "x": 6, "y": 37 }, { "data": 18000024, "x": 26, "y": 3 },
  { "data": 18000025, "x": 10, "y": 35 }, { "data": 18000026, "x": 8, "y": 35 }, { "data": 18000027, "x": 28, "y": 3 },
  { "data": 18000028, "x": 3, "y": 9 }, { "data": 18000029, "x": 35, "y": 10 }, { "data": 18000030, "x": 9, "y": 3 },
  { "data": 18000019, "x": 37, "y": 6 }, { "data": 18000018, "x": 12, "y": 37 }, { "data": 18000017, "x": 39, "y": 14 },
  { "data": 18000016, "x": 12, "y": 35 }, { "data": 18000015, "x": 3, "y": 26 }, { "data": 18000014, "x": 39, "y": 12 },
  { "data": 18000010, "x": 3, "y": 3 }, { "data": 18000003, "x": 35, "y": 8 }, { "data": 18000007, "x": 14, "y": 39 },
  { "data": 18000013, "x": 10, "y": 39 }, { "data": 18000012, "x": 37, "y": 10 }, { "data": 18000033, "x": 3, "y": 12 },
  { "data": 18000032, "x": 37, "y": 12 }, { "data": 18000031, "x": 35, "y": 6 }, { "data": 18000004, "x": 8, "y": 37 },
  { "data": 18000036, "x": 35, "y": 12 }, { "data": 18000035, "x": 6, "y": 35 }, { "data": 18000034, "x": 3, "y": 28 }
  ],
  "respawnVars": {
    "secondsFromLastRespawn": 15365,
    "respawnSeed": -1744071515,
    "obstacleClearCounter": 8,
    "time_to_gembox_drop": 326586,
    "time_in_gembox_period": 355386
  },
  "cooldowns": [],
  "newShopBuildings": [4, 0, 7, 4, 7, 4, 4, 1, 6, 7, 250, 4, 4, 4, 1, 5, 0, 0, 0, 4, 1, 3, 1, 3, 1, 1, 2, 2, 2, 1],
  "newShopTraps": [6, 6, 5, 0, 0, 5, 5, 0, 3],
  "newShopDecos": [
    1, 4, 0, 0, 1, 0, 0, 0, 0, 0, 0, 0, 0, 0, 0, 0, 0, 0, 0, 0, 0, 0, 0, 0, 0, 0, 0, 0, 0, 0, 0, 0, 0, 0, 0, 0, 0
  ],
  "last_league_rank": 16,
  "last_alliance_level": 1,
  "last_league_shuffle": 1,
  "last_season_seen": -1,
  "last_news_seen": 58,
  "edit_mode_shown": true,
  "war_tutorials_seen": 0,
  "war_base": false,
  "help_opened": false,
  "bool_layout_edit_shown_erase": false
}