{
  "buildings": [
    { "data": 1000001, "lvl": 9, "x": 19, "y": 20 },
    { "data": 1000004, "lvl": 10, "x": 33, "y": 5, "res_time": 179547 },
    { "data": 1000000, "lvl": 7, "x": 28, "y": 4, "units": [[4000000, 2], [4000006, 4]], "storage_type": 0 },
    { "data": 1000015, "lvl": 0, "x": 11, "y": 33 }, { "data": 1000014, "lvl": 5, "x": 22, "y": 24 },
    { "data": 1000008, "lvl": 11, "x": 6, "y": 15 }, { "data": 1000015, "lvl": 0, "x": 12, "y": 11 },
    { "data": 1000003, "lvl": 10, "x": 10, "y": 29 }, {
      "data": 1000002,
      "lvl": 10,
      "boost_t": 82270,
      "x": 2,
      "y": 18,
      "res_time": 179289
    }, {
      "data": 1000006,
      "lvl": 9,
      "x": 6,
      "y": 18,
      "unit_prod": { "unit_type": 0, "t": 391, "slots": [{ "id": 4000005, "cnt": 3 }] }
    }, { "data": 1000009, "lvl": 11, "x": 7, "y": 26 }, {
      "data": 1000002,
      "lvl": 10,
      "boost_t": 82262,
      "x": 21,
      "y": 37,
      "res_time": 179100
    }, { "data": 1000004, "lvl": 10, "x": 15, "y": 3, "res_time": 179548 },
    { "data": 1000005, "lvl": 10, "x": 33, "y": 29 }, {
      "data": 1000002,
      "lvl": 10,
      "boost_t": 82259,
      "x": 16,
      "y": 37,
      "res_time": 179099
    }, { "data": 1000004, "lvl": 10, "x": 3, "y": 26, "res_time": 179643 },
    { "data": 1000015, "lvl": 0, "x": 3, "y": 16 },
    { "data": 1000003, "lvl": 10, "x": 27, "y": 11 }, { "data": 1000008, "lvl": 11, "x": 20, "y": 7 },
    {
      "data": 1000000,
      "lvl": 7,
      "x": 8,
      "y": 35,
      "units": [[4000008, 1], [4000013, 1], [4000015, 1]],
      "storage_type":
        0
    }, { "data": 1000005, "lvl": 10, "x": 32, "y": 25 }, {
      "data": 1000006,
      "lvl": 9,
      "x": 13,
      "y": 7,
      "unit_prod": { "unit_type": 0, "t": 373, "slots": [{ "id": 4000005, "cnt": 2 }] }
    }, { "data": 1000004, "lvl": 10, "x": 4, "y": 22, "res_time": 179643 },
    { "data": 1000002, "lvl": 10, "boost_t": 82278, "x": 36, "y": 19, "res_time": 179092 },
    { "data": 1000009, "lvl": 11, "x": 9, "y": 11 }, { "data": 1000013, "lvl": 7, "x": 22, "y": 17 },
    { "data": 1000009, "lvl": 11, "x": 24, "y": 8 }, {
      "data": 1000000,
      "lvl": 7,
      "x": 4,
      "y": 30,
      "units": [[4000015, 2], [4000000, 7], [4000006, 2], [4000001, 9], [4000008, 1]],
      "storage_type": 0
    }, { "data": 1000010, "lvl": 10, "x": 12, "y": 32 }, { "data": 1000010, "lvl": 10, "x": 11, "y": 32 },
    { "data": 1000010, "lvl": 10, "x": 10, "y": 32 }, { "data": 1000010, "lvl": 10, "x": 9, "y": 32 },
    { "data": 1000010, "lvl": 10, "x": 9, "y": 31 }, { "data": 1000010, "lvl": 10, "x": 9, "y": 30 },
    { "data": 1000010, "lvl": 10, "x": 9, "y": 29 }, { "data": 1000010, "lvl": 10, "x": 8, "y": 29 },
    { "data": 1000010, "lvl": 10, "x": 7, "y": 29 }, { "data": 1000010, "lvl": 10, "x": 6, "y": 29 },
    { "data": 1000010, "lvl": 10, "x": 6, "y": 28 }, { "data": 1000010, "lvl": 10, "x": 6, "y": 27 },
    { "data": 1000010, "lvl": 10, "x": 6, "y": 26 }, { "data": 1000010, "lvl": 10, "x": 6, "y": 25 },
    { "data": 1000010, "lvl": 10, "x": 5, "y": 25 }, { "data": 1000010, "lvl": 10, "x": 4, "y": 25 },
    { "data": 1000010, "lvl": 10, "x": 3, "y": 25 }, { "data": 1000010, "lvl": 10, "x": 3, "y": 24 },
    { "data": 1000010, "lvl": 10, "x": 3, "y": 23 }, { "data": 1000012, "lvl": 7, "x": 11, "y": 22 },
    { "data": 1000010, "lvl": 10, "x": 3, "y": 22 }, { "data": 1000010, "lvl": 10, "x": 3, "y": 21 },
    { "data": 1000010, "lvl": 10, "x": 4, "y": 21 }, { "data": 1000010, "lvl": 10, "x": 12, "y": 25 },
    { "data": 1000010, "lvl": 10, "x": 11, "y": 25 }, { "data": 1000010, "lvl": 10, "x": 10, "y": 25 },
    { "data": 1000010, "lvl": 10, "x": 10, "y": 24 }, { "data": 1000010, "lvl": 10, "x": 10, "y": 23 },
    { "data": 1000010, "lvl": 10, "x": 10, "y": 22 }, { "data": 1000010, "lvl": 10, "x": 13, "y": 18 },
    { "data": 1000010, "lvl": 10, "x": 13, "y": 19 }, { "data": 1000010, "lvl": 10, "x": 13, "y": 20 },
    { "data": 1000010, "lvl": 10, "x": 13, "y": 21 }, { "data": 1000010, "lvl": 10, "x": 12, "y": 21 },
    { "data": 1000010, "lvl": 10, "x": 11, "y": 21 }, { "data": 1000010, "lvl": 10, "x": 10, "y": 21 },
    { "data": 1000010, "lvl": 10, "x": 14, "y": 15 }, {
      "data": 1000002,
      "lvl": 10,
      "boost_t": 82280,
      "x": 36,
      "y": 24,
      "res_time": 179092
    }, { "data": 1000004, "lvl": 10, "x": 7, "y": 22, "res_time": 179643 },
    { "data": 1000010, "lvl": 10, "x": 15, "y": 15 }, { "data": 1000010, "lvl": 10, "x": 13, "y": 16 },
    { "data": 1000010, "lvl": 10, "x": 14, "y": 16 }, { "data": 1000010, "lvl": 10, "x": 21, "y": 15 },
    { "data": 1000010, "lvl": 10, "x": 20, "y": 15 }, { "data": 1000007, "lvl": 7, "x": 32, "y": 33 },
    { "data": 1000010, "lvl": 10, "x": 9, "y": 21 }, { "data": 1000010, "lvl": 10, "x": 8, "y": 21 },
    { "data": 1000010, "lvl": 10, "x": 7, "y": 21 }, { "data": 1000010, "lvl": 10, "x": 6, "y": 21 },
    { "data": 1000010, "lvl": 10, "x": 5, "y": 21 }, { "data": 1000010, "lvl": 10, "x": 5, "y": 20 },
    { "data": 1000010, "lvl": 10, "x": 5, "y": 19 }, { "data": 1000010, "lvl": 10, "x": 5, "y": 18 },
    { "data": 1000010, "lvl": 10, "x": 5, "y": 17 }, { "data": 1000010, "lvl": 10, "x": 5, "y": 16 },
    { "data": 1000015, "lvl": 0, "x": 6, "y": 12 }, { "data": 1000010, "lvl": 10, "x": 5, "y": 15 },
    { "data": 1000010, "lvl": 10, "x": 5, "y": 14 }, { "data": 1000010, "lvl": 10, "x": 6, "y": 14 },
    { "data": 1000010, "lvl": 10, "x": 7, "y": 14 }, { "data": 1000010, "lvl": 10, "x": 14, "y": 18 },
    { "data": 1000010, "lvl": 10, "x": 14, "y": 17 }, { "data": 1000010, "lvl": 10, "x": 13, "y": 17 },
    { "data": 1000010, "lvl": 10, "x": 12, "y": 17 }, { "data": 1000010, "lvl": 10, "x": 11, "y": 17 },
    { "data": 1000010, "lvl": 10, "x": 10, "y": 17 }, { "data": 1000010, "lvl": 10, "x": 22, "y": 15 },
    { "data": 1000010, "lvl": 10, "x": 9, "y": 17 }, { "data": 1000010, "lvl": 10, "x": 9, "y": 16 },
    { "data": 1000010, "lvl": 10, "x": 9, "y": 15 }, { "data": 1000010, "lvl": 10, "x": 9, "y": 14 },
    { "data": 1000010, "lvl": 10, "x": 8, "y": 14 }, { "data": 1000010, "lvl": 10, "x": 8, "y": 13 },
    { "data": 1000010, "lvl": 10, "x": 8, "y": 12 }, { "data": 1000010, "lvl": 10, "x": 8, "y": 11 },
    { "data": 1000010, "lvl": 10, "x": 8, "y": 10 }, { "data": 1000010, "lvl": 10, "x": 9, "y": 10 },
    { "data": 1000010, "lvl": 10, "x": 10, "y": 10 }, { "data": 1000010, "lvl": 10, "x": 11, "y": 10 },
    { "data": 1000010, "lvl": 10, "x": 14, "y": 10 }, { "data": 1000010, "lvl": 10, "x": 13, "y": 10 },
    { "data": 1000010, "lvl": 10, "x": 12, "y": 10 }, { "data": 1000010, "lvl": 10, "x": 12, "y": 9 },
    { "data": 1000010, "lvl": 10, "x": 12, "y": 8 }, { "data": 1000010, "lvl": 10, "x": 12, "y": 7 },
    {
      "data": 1000020,
      "lvl": 4,
      "x": 36,
      "y": 29,
      "units": [[26000000, 3], [26000002, 2]],
      "storage_type": 1,
      "unit_prod": { "unit_type": 1 }
    }, { "data": 1000008, "lvl": 11, "x": 32, "y": 15 }, { "data": 1000010, "lvl": 10, "x": 12, "y": 6 },
    { "data": 1000010, "lvl": 10, "x": 13, "y": 6 }, { "data": 1000010, "lvl": 10, "x": 14, "y": 6 },
    { "data": 1000010, "lvl": 10, "x": 15, "y": 6 }, { "data": 1000010, "lvl": 10, "x": 16, "y": 6 },
    { "data": 1000010, "lvl": 10, "x": 17, "y": 6 }, { "data": 1000010, "lvl": 10, "x": 18, "y": 6 },
    { "data": 1000010, "lvl": 10, "x": 17, "y": 15 },
    { "data": 1000004, "lvl": 10, "x": 10, "y": 14, "res_time": 179549 },
    { "data": 1000013, "lvl": 7, "x": 16, "y": 23 },
    { "data": 1000010, "lvl": 10, "x": 15, "y": 11 }, { "data": 1000010, "lvl": 10, "x": 15, "y": 12 },
    { "data": 1000010, "lvl": 10, "x": 15, "y": 13 }, { "data": 1000010, "lvl": 10, "x": 18, "y": 15 },
    { "data": 1000010, "lvl": 10, "x": 16, "y": 15 }, { "data": 1000010, "lvl": 10, "x": 15, "y": 14 },
    { "data": 1000010, "lvl": 10, "x": 16, "y": 14 }, { "data": 1000010, "lvl": 10, "x": 17, "y": 14 },
    { "data": 1000010, "lvl": 10, "x": 18, "y": 14 }, { "data": 1000011, "lvl": 7, "x": 10, "y": 26 },
    { "data": 1000002, "lvl": 10, "boost_t": 13715, "x": 17, "y": 33, "res_time": 179099 },
    { "data": 1000010, "lvl": 10, "x": 19, "y": 15 }, { "data": 1000010, "lvl": 10, "x": 19, "y": 14 },
    { "data": 1000010, "lvl": 10, "x": 24, "y": 15 }, { "data": 1000010, "lvl": 10, "x": 14, "y": 14 },
    { "data": 1000010, "lvl": 10, "x": 13, "y": 15 }, { "data": 1000010, "lvl": 10, "x": 19, "y": 9 },
    { "data": 1000010, "lvl": 10, "x": 19, "y": 8 }, { "data": 1000010, "lvl": 10, "x": 19, "y": 7 },
    { "data": 1000010, "lvl": 10, "x": 19, "y": 6 }, { "data": 1000010, "lvl": 10, "x": 20, "y": 6 },
    { "data": 1000010, "lvl": 10, "x": 21, "y": 6 }, { "data": 1000010, "lvl": 10, "x": 22, "y": 6 },
    { "data": 1000010, "lvl": 10, "x": 23, "y": 6 }, { "data": 1000010, "lvl": 10, "x": 15, "y": 10 },
    { "data": 1000010, "lvl": 10, "x": 16, "y": 10 }, { "data": 1000010, "lvl": 10, "x": 17, "y": 10 },
    { "data": 1000010, "lvl": 10, "x": 18, "y": 10 }, { "data": 1000010, "lvl": 10, "x": 26, "y": 7 },
    { "data": 1000010, "lvl": 10, "x": 25, "y": 7 }, { "data": 1000010, "lvl": 10, "x": 24, "y": 7 },
    { "data": 1000010, "lvl": 10, "x": 23, "y": 13 }, { "data": 1000010, "lvl": 10, "x": 23, "y": 12 },
    { "data": 1000010, "lvl": 10, "x": 23, "y": 11 }, { "data": 1000010, "lvl": 10, "x": 23, "y": 10 },
    { "data": 1000010, "lvl": 10, "x": 23, "y": 9 }, { "data": 1000010, "lvl": 10, "x": 23, "y": 8 },
    { "data": 1000010, "lvl": 10, "x": 23, "y": 7 }, { "data": 1000012, "lvl": 7, "x": 20, "y": 11 },
    { "data": 1000019, "lvl": 6, "x": 26, "y": 20 }, { "data": 1000010, "lvl": 10, "x": 22, "y": 10 },
    { "data": 1000010, "lvl": 10, "x": 21, "y": 10 }, { "data": 1000009, "lvl": 11, "x": 26, "y": 16 },
    { "data": 1000009, "lvl": 11, "x": 29, "y": 24 }, { "data": 1000019, "lvl": 6, "x": 30, "y": 27 },
    { "data": 1000008, "lvl": 11, "x": 29, "y": 21 }, { "data": 1000015, "lvl": 0, "x": 10, "y": 8 },
    {
      "data": 1000000,
      "lvl": 7,
      "x": 35,
      "y": 9,
      "units": [[4000006, 9], [4000000, 3], [4000001, 7]],
      "storage_type":
        0
    }, { "data": 1000011, "lvl": 7, "x": 24, "y": 11 }, {
      "data": 1000006,
      "lvl": 9,
      "x": 16,
      "y": 7,
      "unit_prod": { "unit_type": 0, "t": 359, "slots": [{ "id": 4000005, "cnt": 2 }] }
    }, { "data": 1000006, "lvl": 9, "x": 16, "y": 11, "unit_prod": { "unit_type": 0 } },
    { "data": 1000021, "lvl": 3, "x": 16, "y": 17, "attack_mode": false, "attack_mode_war": false, "ammo": 1500 },
    { "data": 1000010, "lvl": 10, "x": 20, "y": 10 }, { "data": 1000010, "lvl": 10, "x": 19, "y": 10 },
    { "data": 1000010, "lvl": 10, "x": 27, "y": 7 }, { "data": 1000010, "lvl": 10, "x": 27, "y": 8 },
    { "data": 1000013, "lvl": 7, "x": 25, "y": 25 }, { "data": 1000010, "lvl": 10, "x": 27, "y": 9 },
    { "data": 1000010, "lvl": 10, "x": 27, "y": 10 }, { "data": 1000010, "lvl": 10, "x": 28, "y": 10 },
    { "data": 1000010, "lvl": 10, "x": 29, "y": 10 }, { "data": 1000010, "lvl": 10, "x": 30, "y": 10 },
    { "data": 1000010, "lvl": 10, "x": 30, "y": 11 }, { "data": 1000010, "lvl": 10, "x": 30, "y": 12 },
    { "data": 1000010, "lvl": 10, "x": 30, "y": 13 }, { "data": 1000010, "lvl": 10, "x": 20, "y": 14 },
    { "data": 1000010, "lvl": 10, "x": 21, "y": 14 }, { "data": 1000010, "lvl": 10, "x": 22, "y": 14 },
    { "data": 1000010, "lvl": 10, "x": 23, "y": 14 }, { "data": 1000010, "lvl": 10, "x": 24, "y": 14 },
    { "data": 1000010, "lvl": 10, "x": 25, "y": 14 }, { "data": 1000010, "lvl": 10, "x": 26, "y": 14 },
    { "data": 1000010, "lvl": 10, "x": 27, "y": 14 }, { "data": 1000010, "lvl": 10, "x": 28, "y": 14 },
    { "data": 1000008, "lvl": 11, "x": 29, "y": 29 }, { "data": 1000010, "lvl": 10, "x": 29, "y": 14 },
    { "data": 1000010, "lvl": 10, "x": 30, "y": 14 }, { "data": 1000010, "lvl": 10, "x": 31, "y": 14 },
    { "data": 1000010, "lvl": 10, "x": 32, "y": 14 }, { "data": 1000010, "lvl": 10, "x": 33, "y": 14 },
    { "data": 1000010, "lvl": 10, "x": 34, "y": 14 }, { "data": 1000010, "lvl": 10, "x": 35, "y": 14 },
    { "data": 1000010, "lvl": 10, "x": 23, "y": 15 }, { "data": 1000010, "lvl": 10, "x": 35, "y": 26 },
    { "data": 1000010, "lvl": 10, "x": 35, "y": 25 }, { "data": 1000010, "lvl": 10, "x": 35, "y": 24 },
    { "data": 1000010, "lvl": 10, "x": 35, "y": 23 }, { "data": 1000010, "lvl": 10, "x": 35, "y": 22 },
    { "data": 1000010, "lvl": 10, "x": 35, "y": 21 }, { "data": 1000010, "lvl": 10, "x": 35, "y": 20 },
    { "data": 1000010, "lvl": 10, "x": 35, "y": 19 }, { "data": 1000010, "lvl": 10, "x": 35, "y": 18 },
    { "data": 1000010, "lvl": 10, "x": 35, "y": 17 }, { "data": 1000010, "lvl": 10, "x": 35, "y": 16 },
    { "data": 1000010, "lvl": 10, "x": 35, "y": 15 }, { "data": 1000010, "lvl": 10, "x": 15, "y": 24 },
    { "data": 1000010, "lvl": 10, "x": 24, "y": 36 }, { "data": 1000010, "lvl": 10, "x": 23, "y": 36 },
    { "data": 1000010, "lvl": 10, "x": 22, "y": 36 }, { "data": 1000010, "lvl": 10, "x": 21, "y": 36 },
    { "data": 1000010, "lvl": 10, "x": 20, "y": 36 }, { "data": 1000010, "lvl": 10, "x": 19, "y": 36 },
    { "data": 1000010, "lvl": 10, "x": 18, "y": 36 }, { "data": 1000010, "lvl": 10, "x": 17, "y": 36 },
    { "data": 1000010, "lvl": 10, "x": 16, "y": 36 }, { "data": 1000010, "lvl": 10, "x": 15, "y": 36 },
    { "data": 1000010, "lvl": 10, "x": 14, "y": 36 }, { "data": 1000010, "lvl": 10, "x": 13, "y": 36 },
    { "data": 1000010, "lvl": 10, "x": 13, "y": 35 }, { "data": 1000010, "lvl": 10, "x": 13, "y": 34 },
    { "data": 1000010, "lvl": 10, "x": 13, "y": 33 }, { "data": 1000010, "lvl": 10, "x": 13, "y": 32 },
    { "data": 1000010, "lvl": 10, "x": 13, "y": 31 }, { "data": 1000010, "lvl": 10, "x": 13, "y": 30 },
    { "data": 1000010, "lvl": 10, "x": 13, "y": 29 }, { "data": 1000010, "lvl": 10, "x": 13, "y": 28 },
    { "data": 1000010, "lvl": 10, "x": 13, "y": 27 }, { "data": 1000010, "lvl": 10, "x": 13, "y": 26 },
    { "data": 1000010, "lvl": 10, "x": 13, "y": 25 }, { "data": 1000010, "lvl": 10, "x": 14, "y": 19 },
    { "data": 1000010, "lvl": 10, "x": 14, "y": 20 }, { "data": 1000010, "lvl": 10, "x": 14, "y": 21 },
    { "data": 1000010, "lvl": 10, "x": 14, "y": 22 }, { "data": 1000010, "lvl": 10, "x": 14, "y": 23 },
    { "data": 1000010, "lvl": 10, "x": 14, "y": 24 }, { "data": 1000010, "lvl": 10, "x": 14, "y": 25 },
    { "data": 1000010, "lvl": 10, "x": 25, "y": 18 }, { "data": 1000010, "lvl": 10, "x": 25, "y": 17 },
    { "data": 1000012, "lvl": 7, "x": 29, "y": 18 }, { "data": 1000003, "lvl": 10, "x": 29, "y": 32 },
    { "data": 1000005, "lvl": 10, "x": 32, "y": 20 }, { "data": 1000011, "lvl": 7, "x": 29, "y": 15 },
    { "data": 1000019, "lvl": 6, "x": 32, "y": 23 }, { "data": 1000010, "lvl": 10, "x": 25, "y": 16 },
    { "data": 1000010, "lvl": 10, "x": 24, "y": 16 }, { "data": 1000010, "lvl": 10, "x": 23, "y": 16 },
    { "data": 1000010, "lvl": 10, "x": 22, "y": 16 }, { "data": 1000010, "lvl": 10, "x": 21, "y": 16 },
    { "data": 1000010, "lvl": 10, "x": 20, "y": 16 }, { "data": 1000010, "lvl": 10, "x": 19, "y": 16 },
    { "data": 1000010, "lvl": 10, "x": 18, "y": 16 }, { "data": 1000010, "lvl": 10, "x": 17, "y": 16 },
    { "data": 1000010, "lvl": 10, "x": 16, "y": 16 }, { "data": 1000010, "lvl": 10, "x": 15, "y": 16 },
    { "data": 1000010, "lvl": 10, "x": 15, "y": 17 }, { "data": 1000010, "lvl": 10, "x": 15, "y": 18 },
    { "data": 1000010, "lvl": 10, "x": 15, "y": 19 }, { "data": 1000010, "lvl": 10, "x": 15, "y": 20 },
    { "data": 1000010, "lvl": 10, "x": 15, "y": 21 }, { "data": 1000010, "lvl": 10, "x": 15, "y": 22 },
    { "data": 1000010, "lvl": 10, "x": 15, "y": 23 }, { "data": 1000010, "lvl": 10, "x": 13, "y": 14 },
    { "data": 1000010, "lvl": 10, "x": 15, "y": 25 }, { "data": 1000010, "lvl": 10, "x": 15, "y": 26 },
    { "data": 1000010, "lvl": 10, "x": 16, "y": 26 }, { "data": 1000010, "lvl": 10, "x": 17, "y": 26 },
    { "data": 1000010, "lvl": 10, "x": 18, "y": 26 }, { "data": 1000010, "lvl": 10, "x": 18, "y": 27 },
    { "data": 1000009, "lvl": 11, "x": 23, "y": 30 }, { "data": 1000019, "lvl": 6, "x": 32, "y": 18 },
    { "data": 1000021, "lvl": 3, "x": 19, "y": 26, "attack_mode": false, "attack_mode_war": false, "ammo": 1500 },
    { "data": 1000023, "lvl": 5, "x": 7, "y": 7, "res_time": 57308 }, { "data": 1000024, "lvl": 5, "x": 31, "y": 9 },
    { "data": 1000005, "lvl": 10, "x": 25, "y": 33 }, { "data": 1000023, "lvl": 5, "x": 4, "y": 9, "res_time": 57242 },
    { "data": 1000025, "lvl": 0, "x": 16, "y": 20 }, { "data": 1000022, "lvl": 0, "x": 19, "y": 17 },
    { "data": 1000003, "lvl": 10, "x": 22, "y": 33 }, {
      "data": 1000026,
      "lvl": 4,
      "x": 10,
      "y": 18,
      "unit_prod": { "unit_type": 0, "t": 1034, "slots": [{ "id": 4000015, "cnt": 4 }] }
    }, { "data": 1000010, "lvl": 10, "x": 18, "y": 28 }, { "data": 1000010, "lvl": 10, "x": 18, "y": 29 },
    { "data": 1000010, "lvl": 10, "x": 19, "y": 29 }, { "data": 1000010, "lvl": 10, "x": 20, "y": 29 },
    { "data": 1000010, "lvl": 10, "x": 21, "y": 29 }, { "data": 1000010, "lvl": 10, "x": 22, "y": 29 },
    { "data": 1000010, "lvl": 10, "x": 23, "y": 29 }, { "data": 1000010, "lvl": 10, "x": 24, "y": 29 },
    { "data": 1000010, "lvl": 10, "x": 25, "y": 29 }, { "data": 1000010, "lvl": 10, "x": 26, "y": 29 },
    { "data": 1000010, "lvl": 10, "x": 27, "y": 29 }, { "data": 1000010, "lvl": 10, "x": 28, "y": 29 },
    { "data": 1000010, "lvl": 10, "x": 28, "y": 28 }, { "data": 1000010, "lvl": 10, "x": 28, "y": 27 },
    { "data": 1000010, "lvl": 10, "x": 28, "y": 26 }, { "data": 1000010, "lvl": 10, "x": 28, "y": 25 },
    { "data": 1000010, "lvl": 10, "x": 28, "y": 24 }, { "data": 1000010, "lvl": 10, "x": 28, "y": 23 },
    { "data": 1000010, "lvl": 10, "x": 28, "y": 22 }, { "data": 1000010, "lvl": 10, "x": 28, "y": 21 },
    { "data": 1000010, "lvl": 10, "x": 28, "y": 20 }, { "data": 1000010, "lvl": 10, "x": 28, "y": 19 },
    { "data": 1000010, "lvl": 10, "x": 27, "y": 19 }, { "data": 1000010, "lvl": 10, "x": 26, "y": 19 },
    { "data": 1000010, "lvl": 10, "x": 25, "y": 19 }, {
      "data": 1000026,
      "lvl": 4,
      "x": 14,
      "y": 30,
      "unit_prod": { "unit_type": 0, "t": 1102, "slots": [{ "id": 4000015, "cnt": 2 }] }
    }, { "data": 1000011, "lvl": 7, "x": 20, "y": 30 }, { "data": 1000012, "lvl": 7, "x": 17, "y": 30 },
    { "data": 1000008, "lvl": 11, "x": 14, "y": 33 }, { "data": 1000009, "lvl": 11, "x": 26, "y": 30 },
    { "data": 1000027, "lvl": 2, "x": 24, "y": 20, "attack_mode": true, "attack_mode_war": true, "ammo": 750 },
    { "data": 1000023, "lvl": 5, "x": 36, "y": 14, "res_time": 57285 },
    { "data": 1000021, "lvl": 3, "x": 25, "y": 22, "attack_mode": false, "attack_mode_war": false, "ammo": 1500 },
    { "data": 1000027, "lvl": 2, "x": 22, "y": 27, "attack_mode": true, "attack_mode_war": true, "ammo": 750 },
    { "data": 1000004, "lvl": 10, "x": 9, "y": 4, "res_time": 179641 },
    { "data": 1000002, "lvl": 10, "boost_t": 82266, "x": 15, "y": 27, "res_time": 179099 }
  ],
  "obstacles": [
  { "data": 8000000, "x": 1, "y": 42, "loot_multiply_ver": 1 },
  { "data": 8000010, "x": 42, "y": 5, "loot_multiply_ver": 1 },
  { "data": 8000010, "x": 0, "y": 29, "loot_multiply_ver": 1 },
  { "data": 8000008, "x": 0, "y": 10, "loot_multiply_ver": 1 },
  { "data": 8000004, "x": 33, "y": 0, "loot_multiply_ver": 1 },
  { "data": 8000004, "x": 41, "y": 41, "loot_multiply_ver": 1 },
  { "data": 8000010, "x": 42, "y": 33, "loot_multiply_ver": 1 },
  { "data": 8000010, "x": 0, "y": 22, "loot_multiply_ver": 1 },
  { "data": 8000008, "x": 2, "y": 0, "loot_multiply_ver": 1 },
  { "data": 8000010, "x": 0, "y": 37, "loot_multiply_ver": 1 },
  { "data": 8000004, "x": 42, "y": 8, "loot_multiply_ver": 1 },
  { "data": 8000028, "x": 42, "y": 17, "loot_multiply_ver": 1 },
  { "data": 8000010, "x": 9, "y": 42, "loot_multiply_ver": 1 },
  { "data": 8000000, "x": 23, "y": 0, "loot_multiply_ver": 1 },
  { "data": 8000010, "x": 0, "y": 25, "loot_multiply_ver": 1 },
  { "data": 8000010, "x": 42, "y": 2, "loot_multiply_ver": 1 },
  { "data": 8000004, "x": 42, "y": 23, "loot_multiply_ver": 1 },
  { "data": 8000010, "x": 13, "y": 0, "loot_multiply_ver": 1 },
  { "data": 8000000, "x": 4, "y": 42, "loot_multiply_ver": 1 },
  { "data": 8000008, "x": 20, "y": 0, "loot_multiply_ver": 1 },
  { "data": 8000000, "x": 0, "y": 14, "loot_multiply_ver": 1 },
  { "data": 8000000, "x": 0, "y": 19, "loot_multiply_ver": 2 },
  { "data": 8000006, "x": 8, "y": 0, "loot_multiply_ver": 2 },
  { "data": 8000007, "x": 42, "y": 26, "loot_multiply_ver": 2 },
  { "data": 8000000, "x": 42, "y": 29, "loot_multiply_ver": 2 },
  { "data": 8000008, "x": 28, "y": 42, "loot_multiply_ver": 2 },
  { "data": 8000004, "x": 36, "y": 42, "loot_multiply_ver": 2 },
  { "data": 8000000, "x": 12, "y": 42, "loot_multiply_ver": 2 },
  { "data": 8000010, "x": 18, "y": 41, "loot_multiply_ver": 2 },
  { "data": 8000008, "x": 38, "y": 0, "loot_multiply_ver": 2 },
  { "data": 8000004, "x": 1, "y": 6, "loot_multiply_ver": 2 },
  { "data": 8000000, "x": 41, "y": 14, "loot_multiply_ver": 2 }
  ],
  "traps": [
  { "data": 12000000, "lvl": 4, "x": 22, "y": 40 }, { "data": 12000001, "lvl": 0, "x": 40, "y": 24 },
  { "data": 12000006, "lvl": 2, "x": 39, "y": 17 }, { "data": 12000006, "lvl": 2, "x": 37, "y": 7 },
  { "data": 12000005, "lvl": 3, "x": 20, "y": 24 }, { "data": 12000005, "lvl": 3, "x": 9, "y": 25 },
  { "data": 12000002, "lvl": 3, "x": 28, "y": 38 }, { "data": 12000002, "lvl": 3, "x": 24, "y": 38 },
  { "data": 12000002, "lvl": 3, "x": 37, "y": 22 }, { "data": 12000002, "lvl": 3, "x": 37, "y": 27 },
  { "data": 12000002, "lvl": 3, "x": 37, "y": 34 }, { "data": 12000001, "lvl": 0, "x": 40, "y": 27 },
  { "data": 12000001, "lvl": 0, "x": 40, "y": 22 }, { "data": 12000001, "lvl": 0, "x": 40, "y": 20 },
  { "data": 12000001, "lvl": 0, "x": 20, "y": 40 }, { "data": 12000001, "lvl": 0, "x": 40, "y": 29 },
  { "data": 12000006, "lvl": 2, "x": 21, "y": 4 }, { "data": 12000006, "lvl": 2, "x": 13, "y": 5 },
  { "data": 12000006, "lvl": 2, "x": 27, "y": 6 }, { "data": 12000005, "lvl": 3, "x": 12, "y": 13 },
  { "data": 12000005, "lvl": 3, "x": 14, "y": 29 }, { "data": 12000005, "lvl": 3, "x": 28, "y": 15 },
  { "data": 12000000, "lvl": 4, "x": 40, "y": 25 }, { "data": 12000000, "lvl": 4, "x": 20, "y": 38 },
  { "data": 12000000, "lvl": 4, "x": 35, "y": 32 }, { "data": 12000000, "lvl": 4, "x": 26, "y": 40 },
  { "data": 12000000, "lvl": 4, "x": 34, "y": 38 }
  ],
  "decos": [
  { "data": 18000015, "x": 39, "y": 39 }, { "data": 18000010, "x": 37, "y": 38 },
  { "data": 18000033, "x": 36, "y": 40 }, { "data": 18000004, "x": 39, "y": 37 }, { "data": 18000000, "x": 33, "y": 40 }
  ],
  "respawnVars": {
    "secondsFromLastRespawn": 4086,
    "respawnSeed": -1639589831,
    "obstacleClearCounter": 10,
    "time_to_gembox_drop": 592327,
    "time_in_gembox_period": 82800
  },
  "cooldowns": [{ "cooldown": 5209060, "target": 20000000 }, { "cooldown": 12844662, "target": 20000001 }],
  "newShopBuildings": [4, 0, 7, 4, 7, 4, 4, 1, 6, 7, 250, 4, 4, 3, 1, 5, 0, 0, 0, 4, 1, 3, 1, 3, 1, 1, 2, 2],
  "newShopTraps": [6, 6, 5, 0, 0, 5, 5, 0],
  "newShopDecos": [
    1, 4, 0, 1, 1, 4, 4, 1, 1, 1, 1, 1, 1, 1, 1, 1, 1, 1, 1, 1, 1, 1, 1, 1, 1, 1, 1, 1, 1, 1, 1, 1, 1, 1, 1, 1, 1
  ],
  "last_league_rank": 0,
  "last_league_shuffle": 0,
  "last_news_seen": 50,
  "edit_mode_shown": true,
  "troop_req_msg": "1 witch, 2 wizz and archers please",
  "war_req_msg": "1 witch 1 wizz and archers",
  "war_tutorials_seen": 0,
  "war_base": false
}