{
  "buildings": [
    { "data": 1000001, "lvl": 9, "x": 20, "y": 20 }, {
      "data": 1000004,
      "lvl": 10,
      "x": 36,
      "y": 26,
      "res_time": 106616
    },
    {
      "data": 1000000,
      "lvl": 7,
      "x": 12,
      "y": 34,
      "units": [[4000004, 9], [4000006, 5], [4000009, 1]],
      "storage_type": 0
    }, { "data": 1000015, "lvl": 0, "x": 32, "y": 8 }, { "data": 1000014, "lvl": 5, "x": 18, "y": 16 },
    { "data": 1000008, "lvl": 11, "x": 27, "y": 34 }, { "data": 1000015, "lvl": 0, "x": 24, "y": 33 },
    { "data": 1000002, "lvl": 10, "x": 9, "y": 35, "res_time": 144492 },
    { "data": 1000003, "lvl": 10, "x": 7, "y": 27 },
    { "data": 1000005, "lvl": 10, "x": 18, "y": 32 }, {
      "data": 1000006,
      "lvl": 9,
      "x": 5,
      "y": 18,
      "unit_prod": { "unit_type": 0 }
    }, { "data": 1000002, "lvl": 10, "x": 17, "y": 36, "res_time": 144488 },
    { "data": 1000004, "lvl": 10, "x": 36, "y": 23, "res_time": 106007 },
    { "data": 1000006, "lvl": 9, "x": 5, "y": 21, "unit_prod": { "unit_type": 0 } },
    { "data": 1000002, "lvl": 10, "x": 21, "y": 36, "res_time": 144488 },
    { "data": 1000004, "lvl": 10, "x": 36, "y": 20, "res_time": 107800 },
    { "data": 1000005, "lvl": 10, "x": 9, "y": 18 },
    { "data": 1000003, "lvl": 10, "x": 30, "y": 34 }, {
      "data": 1000000,
      "lvl": 7,
      "x": 34,
      "y": 29,
      "units": [[4000001, 1], [4000006, 8], [4000000, 4]],
      "storage_type": 0
    }, { "data": 1000010, "lvl": 10, "x": 33, "y": 27 }, { "data": 1000010, "lvl": 10, "x": 33, "y": 28 },
    { "data": 1000010, "lvl": 10, "x": 33, "y": 29 }, { "data": 1000010, "lvl": 10, "x": 33, "y": 30 },
    { "data": 1000010, "lvl": 10, "x": 33, "y": 31 }, { "data": 1000010, "lvl": 10, "x": 33, "y": 32 },
    { "data": 1000010, "lvl": 10, "x": 33, "y": 33 }, { "data": 1000010, "lvl": 10, "x": 32, "y": 33 },
    { "data": 1000010, "lvl": 10, "x": 31, "y": 33 }, { "data": 1000010, "lvl": 10, "x": 30, "y": 33 },
    { "data": 1000010, "lvl": 10, "x": 29, "y": 33 }, { "data": 1000010, "lvl": 10, "x": 28, "y": 33 },
    { "data": 1000010, "lvl": 10, "x": 27, "y": 33 }, { "data": 1000010, "lvl": 10, "x": 29, "y": 29 },
    { "data": 1000010, "lvl": 10, "x": 28, "y": 29 }, { "data": 1000010, "lvl": 10, "x": 27, "y": 29 },
    { "data": 1000010, "lvl": 10, "x": 29, "y": 28 }, { "data": 1000010, "lvl": 10, "x": 29, "y": 27 },
    { "data": 1000010, "lvl": 10, "x": 17, "y": 34 }, { "data": 1000010, "lvl": 10, "x": 17, "y": 35 },
    { "data": 1000010, "lvl": 10, "x": 18, "y": 35 }, { "data": 1000010, "lvl": 10, "x": 19, "y": 35 },
    { "data": 1000010, "lvl": 10, "x": 20, "y": 35 }, { "data": 1000010, "lvl": 10, "x": 21, "y": 35 },
    { "data": 1000010, "lvl": 10, "x": 22, "y": 35 }, { "data": 1000010, "lvl": 10, "x": 23, "y": 35 },
    { "data": 1000010, "lvl": 10, "x": 24, "y": 35 }, { "data": 1000010, "lvl": 10, "x": 25, "y": 35 },
    { "data": 1000010, "lvl": 10, "x": 26, "y": 35 }, { "data": 1000010, "lvl": 10, "x": 26, "y": 34 },
    { "data": 1000010, "lvl": 10, "x": 26, "y": 33 }, { "data": 1000010, "lvl": 10, "x": 26, "y": 32 },
    { "data": 1000010, "lvl": 10, "x": 26, "y": 31 }, { "data": 1000010, "lvl": 10, "x": 26, "y": 30 },
    { "data": 1000010, "lvl": 10, "x": 26, "y": 29 }, { "data": 1000010, "lvl": 10, "x": 17, "y": 30 },
    { "data": 1000010, "lvl": 10, "x": 17, "y": 31 }, { "data": 1000010, "lvl": 10, "x": 17, "y": 32 },
    { "data": 1000010, "lvl": 10, "x": 17, "y": 33 }, { "data": 1000010, "lvl": 10, "x": 16, "y": 33 },
    { "data": 1000010, "lvl": 10, "x": 15, "y": 33 }, { "data": 1000010, "lvl": 10, "x": 14, "y": 33 },
    { "data": 1000010, "lvl": 10, "x": 13, "y": 33 }, { "data": 1000010, "lvl": 10, "x": 12, "y": 33 },
    { "data": 1000010, "lvl": 10, "x": 11, "y": 33 }, { "data": 1000010, "lvl": 10, "x": 10, "y": 33 },
    { "data": 1000010, "lvl": 10, "x": 10, "y": 32 }, { "data": 1000010, "lvl": 10, "x": 10, "y": 31 },
    { "data": 1000010, "lvl": 10, "x": 10, "y": 30 }, { "data": 1000010, "lvl": 10, "x": 10, "y": 29 },
    { "data": 1000010, "lvl": 10, "x": 10, "y": 28 }, { "data": 1000010, "lvl": 10, "x": 10, "y": 27 },
    { "data": 1000010, "lvl": 10, "x": 14, "y": 29 }, { "data": 1000010, "lvl": 10, "x": 14, "y": 28 },
    { "data": 1000010, "lvl": 10, "x": 14, "y": 27 }, { "data": 1000010, "lvl": 10, "x": 15, "y": 29 },
    { "data": 1000010, "lvl": 10, "x": 16, "y": 29 }, { "data": 1000010, "lvl": 10, "x": 17, "y": 29 },
    { "data": 1000010, "lvl": 10, "x": 17, "y": 28 }, { "data": 1000010, "lvl": 10, "x": 14, "y": 26 },
    { "data": 1000010, "lvl": 10, "x": 13, "y": 26 }, { "data": 1000010, "lvl": 10, "x": 12, "y": 26 },
    { "data": 1000010, "lvl": 10, "x": 11, "y": 26 }, { "data": 1000010, "lvl": 10, "x": 10, "y": 26 },
    { "data": 1000010, "lvl": 10, "x": 9, "y": 26 }, { "data": 1000010, "lvl": 10, "x": 8, "y": 26 },
    { "data": 1000010, "lvl": 10, "x": 8, "y": 25 }, { "data": 1000010, "lvl": 10, "x": 8, "y": 24 },
    { "data": 1000010, "lvl": 10, "x": 8, "y": 23 }, { "data": 1000010, "lvl": 10, "x": 8, "y": 22 },
    { "data": 1000010, "lvl": 10, "x": 8, "y": 21 }, { "data": 1000010, "lvl": 10, "x": 8, "y": 20 },
    { "data": 1000010, "lvl": 10, "x": 8, "y": 19 }, { "data": 1000010, "lvl": 10, "x": 8, "y": 18 },
    { "data": 1000010, "lvl": 10, "x": 8, "y": 17 }, { "data": 1000009, "lvl": 11, "x": 30, "y": 30 },
    { "data": 1000008, "lvl": 11, "x": 30, "y": 27 },
    { "data": 1000002, "lvl": 10, "x": 24, "y": 36, "res_time": 144487 },
    { "data": 1000009, "lvl": 11, "x": 23, "y": 29 }, {
      "data": 1000004,
      "lvl": 10,
      "x": 6,
      "y": 33,
      "res_time": 106004
    },
    { "data": 1000013, "lvl": 7, "x": 11, "y": 30 }, { "data": 1000015, "lvl": 0, "x": 10, "y": 24 },
    { "data": 1000007, "lvl": 7, "x": 33, "y": 34 }, { "data": 1000010, "lvl": 10, "x": 9, "y": 17 },
    { "data": 1000010, "lvl": 10, "x": 13, "y": 17 }, { "data": 1000010, "lvl": 10, "x": 12, "y": 17 },
    { "data": 1000010, "lvl": 10, "x": 11, "y": 17 }, { "data": 1000010, "lvl": 10, "x": 10, "y": 17 },
    { "data": 1000010, "lvl": 10, "x": 10, "y": 16 }, { "data": 1000010, "lvl": 10, "x": 10, "y": 15 },
    { "data": 1000010, "lvl": 10, "x": 10, "y": 14 }, { "data": 1000010, "lvl": 10, "x": 10, "y": 13 },
    { "data": 1000010, "lvl": 10, "x": 10, "y": 12 }, { "data": 1000010, "lvl": 10, "x": 10, "y": 11 },
    { "data": 1000010, "lvl": 10, "x": 10, "y": 10 }, { "data": 1000010, "lvl": 10, "x": 11, "y": 10 },
    { "data": 1000010, "lvl": 10, "x": 12, "y": 10 }, { "data": 1000010, "lvl": 10, "x": 13, "y": 10 },
    { "data": 1000010, "lvl": 10, "x": 14, "y": 10 }, { "data": 1000010, "lvl": 10, "x": 15, "y": 10 },
    { "data": 1000010, "lvl": 10, "x": 16, "y": 10 }, { "data": 1000010, "lvl": 10, "x": 15, "y": 18 },
    { "data": 1000010, "lvl": 10, "x": 15, "y": 17 }, { "data": 1000008, "lvl": 11, "x": 21, "y": 32 },
    { "data": 1000010, "lvl": 10, "x": 14, "y": 17 }, { "data": 1000010, "lvl": 10, "x": 14, "y": 16 },
    { "data": 1000010, "lvl": 10, "x": 14, "y": 15 }, { "data": 1000010, "lvl": 10, "x": 14, "y": 14 },
    { "data": 1000010, "lvl": 10, "x": 15, "y": 14 }, { "data": 1000009, "lvl": 11, "x": 14, "y": 30 },
    { "data": 1000012, "lvl": 7, "x": 18, "y": 29 }, { "data": 1000011, "lvl": 7, "x": 27, "y": 30 },
    { "data": 1000000, "lvl": 7, "x": 27, "y": 5, "units": [[4000013, 2]], "storage_type": 0 },
    { "data": 1000004, "lvl": 10, "x": 34, "y": 14, "res_time": 106008 },
    { "data": 1000002, "lvl": 10, "x": 30, "y": 37, "res_time": 144486 },
    {
      "data": 1000020,
      "lvl": 4,
      "x": 6,
      "y": 9,
      "units": [[26000002, 3], [26000000, 1], [26000005, 1]],
      "storage_type": 1,
      "unit_prod": { "unit_type": 1 }
    }, { "data": 1000006, "lvl": 9, "x": 5, "y": 24, "unit_prod": { "unit_type": 0 } },
    { "data": 1000013, "lvl": 7, "x": 11, "y": 11 }, { "data": 1000011, "lvl": 7, "x": 11, "y": 27 },
    { "data": 1000004, "lvl": 10, "x": 34, "y": 8, "res_time": 106009 },
    { "data": 1000002, "lvl": 10, "x": 27, "y": 38, "res_time": 144487 },
    { "data": 1000010, "lvl": 10, "x": 16, "y": 14 }, { "data": 1000010, "lvl": 10, "x": 26, "y": 9 },
    { "data": 1000010, "lvl": 10, "x": 26, "y": 8 }, { "data": 1000010, "lvl": 10, "x": 25, "y": 8 },
    { "data": 1000010, "lvl": 10, "x": 24, "y": 8 }, { "data": 1000010, "lvl": 10, "x": 23, "y": 8 },
    { "data": 1000010, "lvl": 10, "x": 22, "y": 8 }, { "data": 1000010, "lvl": 10, "x": 21, "y": 8 },
    { "data": 1000010, "lvl": 10, "x": 20, "y": 8 }, { "data": 1000010, "lvl": 10, "x": 19, "y": 8 },
    { "data": 1000010, "lvl": 10, "x": 18, "y": 8 }, { "data": 1000010, "lvl": 10, "x": 17, "y": 8 },
    { "data": 1000010, "lvl": 10, "x": 17, "y": 9 }, { "data": 1000010, "lvl": 10, "x": 17, "y": 10 },
    { "data": 1000010, "lvl": 10, "x": 17, "y": 11 }, { "data": 1000010, "lvl": 10, "x": 17, "y": 12 },
    { "data": 1000010, "lvl": 10, "x": 17, "y": 13 }, { "data": 1000010, "lvl": 10, "x": 17, "y": 14 },
    { "data": 1000010, "lvl": 10, "x": 26, "y": 13 }, { "data": 1000010, "lvl": 10, "x": 26, "y": 12 },
    { "data": 1000010, "lvl": 10, "x": 26, "y": 11 }, { "data": 1000010, "lvl": 10, "x": 26, "y": 10 },
    { "data": 1000010, "lvl": 10, "x": 27, "y": 10 }, { "data": 1000010, "lvl": 10, "x": 28, "y": 10 },
    { "data": 1000010, "lvl": 10, "x": 29, "y": 10 }, { "data": 1000015, "lvl": 0, "x": 18, "y": 13 },
    { "data": 1000015, "lvl": 0, "x": 33, "y": 18 }, { "data": 1000009, "lvl": 11, "x": 12, "y": 23 },
    { "data": 1000008, "lvl": 11, "x": 9, "y": 21 }, { "data": 1000010, "lvl": 10, "x": 30, "y": 10 },
    { "data": 1000010, "lvl": 10, "x": 31, "y": 10 }, { "data": 1000010, "lvl": 10, "x": 32, "y": 10 },
    { "data": 1000010, "lvl": 10, "x": 33, "y": 10 }, { "data": 1000010, "lvl": 10, "x": 33, "y": 11 },
    { "data": 1000010, "lvl": 10, "x": 33, "y": 12 }, { "data": 1000010, "lvl": 10, "x": 33, "y": 13 },
    { "data": 1000010, "lvl": 10, "x": 33, "y": 14 }, { "data": 1000010, "lvl": 10, "x": 33, "y": 15 },
    { "data": 1000010, "lvl": 10, "x": 33, "y": 16 }, { "data": 1000010, "lvl": 10, "x": 30, "y": 17 },
    { "data": 1000010, "lvl": 10, "x": 31, "y": 17 }, { "data": 1000010, "lvl": 10, "x": 32, "y": 17 },
    { "data": 1000010, "lvl": 10, "x": 33, "y": 17 }, { "data": 1000010, "lvl": 10, "x": 34, "y": 17 },
    { "data": 1000010, "lvl": 10, "x": 35, "y": 17 }, { "data": 1000010, "lvl": 10, "x": 35, "y": 18 },
    { "data": 1000010, "lvl": 10, "x": 35, "y": 19 }, { "data": 1000010, "lvl": 10, "x": 35, "y": 20 },
    { "data": 1000010, "lvl": 10, "x": 35, "y": 21 }, { "data": 1000010, "lvl": 10, "x": 35, "y": 22 },
    { "data": 1000010, "lvl": 10, "x": 35, "y": 23 }, { "data": 1000010, "lvl": 10, "x": 35, "y": 24 },
    { "data": 1000010, "lvl": 10, "x": 35, "y": 25 }, { "data": 1000010, "lvl": 10, "x": 35, "y": 26 },
    { "data": 1000000, "lvl": 7, "x": 5, "y": 12, "units": [[4000001, 5], [4000009, 3]], "storage_type": 0 },
    { "data": 1000006, "lvl": 9, "x": 7, "y": 30, "unit_prod": { "unit_type": 0 } },
    { "data": 1000013, "lvl": 7, "x": 30, "y": 11 }, { "data": 1000012, "lvl": 7, "x": 12, "y": 18 },
    { "data": 1000019, "lvl": 6, "x": 37, "y": 12 }, {
      "data": 1000021,
      "lvl": 3,
      "x": 16,
      "y": 20,
      "attack_mode": false,
      "attack_mode_war": false,
      "ammo": 1500
    }, { "data": 1000008, "lvl": 11, "x": 20, "y": 9 }, { "data": 1000009, "lvl": 11, "x": 11, "y": 14 },
    { "data": 1000009, "lvl": 11, "x": 27, "y": 11 }, { "data": 1000011, "lvl": 7, "x": 14, "y": 11 },
    { "data": 1000003, "lvl": 10, "x": 34, "y": 11 }, { "data": 1000005, "lvl": 10, "x": 23, "y": 9 },
    { "data": 1000012, "lvl": 7, "x": 23, "y": 12 }, { "data": 1000010, "lvl": 10, "x": 34, "y": 26 },
    { "data": 1000010, "lvl": 10, "x": 33, "y": 26 }, { "data": 1000010, "lvl": 10, "x": 32, "y": 26 },
    { "data": 1000010, "lvl": 10, "x": 31, "y": 26 }, { "data": 1000010, "lvl": 10, "x": 30, "y": 26 },
    { "data": 1000010, "lvl": 10, "x": 29, "y": 26 }, { "data": 1000010, "lvl": 10, "x": 28, "y": 26 },
    { "data": 1000010, "lvl": 10, "x": 28, "y": 25 }, { "data": 1000010, "lvl": 10, "x": 29, "y": 17 },
    { "data": 1000010, "lvl": 10, "x": 29, "y": 16 }, { "data": 1000010, "lvl": 10, "x": 29, "y": 15 },
    { "data": 1000010, "lvl": 10, "x": 29, "y": 14 }, { "data": 1000010, "lvl": 10, "x": 28, "y": 14 },
    { "data": 1000010, "lvl": 10, "x": 27, "y": 14 }, { "data": 1000010, "lvl": 10, "x": 26, "y": 14 },
    { "data": 1000010, "lvl": 10, "x": 26, "y": 15 }, { "data": 1000010, "lvl": 10, "x": 25, "y": 15 },
    { "data": 1000010, "lvl": 10, "x": 24, "y": 16 }, { "data": 1000010, "lvl": 10, "x": 24, "y": 15 },
    { "data": 1000010, "lvl": 10, "x": 23, "y": 15 }, { "data": 1000010, "lvl": 10, "x": 22, "y": 15 },
    { "data": 1000010, "lvl": 10, "x": 21, "y": 16 }, { "data": 1000010, "lvl": 10, "x": 21, "y": 15 },
    { "data": 1000010, "lvl": 10, "x": 20, "y": 15 }, { "data": 1000010, "lvl": 10, "x": 19, "y": 15 },
    { "data": 1000010, "lvl": 10, "x": 18, "y": 15 }, { "data": 1000010, "lvl": 10, "x": 17, "y": 15 },
    { "data": 1000010, "lvl": 10, "x": 17, "y": 16 }, { "data": 1000010, "lvl": 10, "x": 17, "y": 17 },
    { "data": 1000010, "lvl": 10, "x": 17, "y": 18 }, { "data": 1000010, "lvl": 10, "x": 15, "y": 25 },
    { "data": 1000010, "lvl": 10, "x": 15, "y": 24 }, { "data": 1000010, "lvl": 10, "x": 15, "y": 23 },
    { "data": 1000010, "lvl": 10, "x": 15, "y": 22 }, { "data": 1000010, "lvl": 10, "x": 15, "y": 21 },
    { "data": 1000010, "lvl": 10, "x": 15, "y": 20 }, { "data": 1000010, "lvl": 10, "x": 15, "y": 19 },
    { "data": 1000010, "lvl": 10, "x": 16, "y": 19 }, { "data": 1000010, "lvl": 10, "x": 17, "y": 19 },
    { "data": 1000010, "lvl": 10, "x": 18, "y": 19 }, { "data": 1000010, "lvl": 10, "x": 15, "y": 26 },
    { "data": 1000010, "lvl": 10, "x": 16, "y": 26 }, { "data": 1000010, "lvl": 10, "x": 17, "y": 26 },
    { "data": 1000010, "lvl": 10, "x": 18, "y": 26 }, { "data": 1000010, "lvl": 10, "x": 19, "y": 27 },
    { "data": 1000010, "lvl": 10, "x": 18, "y": 28 }, { "data": 1000010, "lvl": 10, "x": 19, "y": 28 },
    { "data": 1000010, "lvl": 10, "x": 20, "y": 28 }, { "data": 1000010, "lvl": 10, "x": 21, "y": 28 },
    { "data": 1000010, "lvl": 10, "x": 22, "y": 27 }, { "data": 1000010, "lvl": 10, "x": 22, "y": 28 },
    { "data": 1000010, "lvl": 10, "x": 23, "y": 28 }, { "data": 1000010, "lvl": 10, "x": 24, "y": 28 },
    { "data": 1000010, "lvl": 10, "x": 25, "y": 28 }, { "data": 1000010, "lvl": 10, "x": 26, "y": 28 },
    { "data": 1000010, "lvl": 10, "x": 26, "y": 27 }, { "data": 1000010, "lvl": 10, "x": 26, "y": 26 },
    { "data": 1000010, "lvl": 10, "x": 26, "y": 25 }, { "data": 1000010, "lvl": 10, "x": 25, "y": 17 },
    { "data": 1000010, "lvl": 10, "x": 26, "y": 17 }, { "data": 1000010, "lvl": 10, "x": 27, "y": 17 },
    { "data": 1000010, "lvl": 10, "x": 28, "y": 17 }, { "data": 1000010, "lvl": 10, "x": 28, "y": 18 },
    { "data": 1000010, "lvl": 10, "x": 28, "y": 19 }, { "data": 1000010, "lvl": 10, "x": 28, "y": 20 },
    { "data": 1000010, "lvl": 10, "x": 28, "y": 21 }, { "data": 1000010, "lvl": 10, "x": 28, "y": 22 },
    { "data": 1000010, "lvl": 10, "x": 28, "y": 23 }, { "data": 1000010, "lvl": 10, "x": 28, "y": 24 },
    { "data": 1000010, "lvl": 10, "x": 27, "y": 24 }, { "data": 1000010, "lvl": 10, "x": 26, "y": 24 },
    { "data": 1000010, "lvl": 10, "x": 25, "y": 24 }, { "data": 1000010, "lvl": 10, "x": 22, "y": 25 },
    { "data": 1000010, "lvl": 10, "x": 22, "y": 26 }, { "data": 1000010, "lvl": 10, "x": 21, "y": 26 },
    { "data": 1000019, "lvl": 6, "x": 39, "y": 27 }, { "data": 1000019, "lvl": 6, "x": 39, "y": 22 },
    { "data": 1000019, "lvl": 6, "x": 39, "y": 17 }, { "data": 1000024, "lvl": 5, "x": 20, "y": 12 },
    { "data": 1000021, "lvl": 3, "x": 23, "y": 25, "attack_mode": false, "attack_mode_war": false, "ammo": 1500 },
    { "data": 1000023, "lvl": 5, "x": 36, "y": 17, "res_time": 0 }, { "data": 1000022, "lvl": 0, "x": 16, "y": 23 },
    { "data": 1000023, "lvl": 5, "x": 23, "y": 5, "res_time": 0 }, { "data": 1000025, "lvl": 0, "x": 25, "y": 21 },
    { "data": 1000005, "lvl": 10, "x": 32, "y": 23 }, { "data": 1000003, "lvl": 10, "x": 14, "y": 7 },
    { "data": 1000026, "lvl": 4, "x": 20, "y": 5, "unit_prod": { "unit_type": 0 } },
    { "data": 1000026, "lvl": 4, "x": 17, "y": 5, "unit_prod": { "unit_type": 0 } },
    { "data": 1000010, "lvl": 10, "x": 20, "y": 26 }, { "data": 1000010, "lvl": 10, "x": 19, "y": 26 },
    { "data": 1000010, "lvl": 10, "x": 19, "y": 25 }, { "data": 1000010, "lvl": 10, "x": 19, "y": 24 },
    { "data": 1000010, "lvl": 10, "x": 19, "y": 23 }, { "data": 1000010, "lvl": 10, "x": 19, "y": 22 },
    { "data": 1000010, "lvl": 10, "x": 19, "y": 21 }, { "data": 1000010, "lvl": 10, "x": 19, "y": 20 },
    { "data": 1000010, "lvl": 10, "x": 19, "y": 19 }, { "data": 1000010, "lvl": 10, "x": 20, "y": 19 },
    { "data": 1000010, "lvl": 10, "x": 21, "y": 18 }, { "data": 1000010, "lvl": 10, "x": 21, "y": 19 },
    { "data": 1000010, "lvl": 10, "x": 21, "y": 17 }, { "data": 1000010, "lvl": 10, "x": 22, "y": 17 },
    { "data": 1000010, "lvl": 10, "x": 23, "y": 17 }, { "data": 1000010, "lvl": 10, "x": 24, "y": 17 },
    { "data": 1000010, "lvl": 10, "x": 24, "y": 18 }, { "data": 1000010, "lvl": 10, "x": 24, "y": 19 },
    { "data": 1000010, "lvl": 10, "x": 24, "y": 20 }, { "data": 1000010, "lvl": 10, "x": 24, "y": 21 },
    { "data": 1000010, "lvl": 10, "x": 24, "y": 22 }, { "data": 1000010, "lvl": 10, "x": 24, "y": 23 },
    { "data": 1000010, "lvl": 10, "x": 24, "y": 24 }, { "data": 1000010, "lvl": 10, "x": 23, "y": 24 },
    { "data": 1000010, "lvl": 10, "x": 22, "y": 24 }, { "data": 1000011, "lvl": 7, "x": 30, "y": 14 },
    { "data": 1000012, "lvl": 7, "x": 29, "y": 23 }, { "data": 1000008, "lvl": 11, "x": 32, "y": 20 },
    { "data": 1000009, "lvl": 11, "x": 29, "y": 18 }, {
      "data": 1000027,
      "lvl": 2,
      "x": 22,
      "y": 18,
      "attack_mode": false,
      "attack_mode_war": false,
      "ammo": 750
    }, { "data": 1000023, "lvl": 5, "x": 8, "y": 6, "res_time": 0 },
    { "data": 1000021, "lvl": 3, "x": 25, "y": 18, "attack_mode": false, "attack_mode_war": false, "ammo": 1500 },
    { "data": 1000027, "lvl": 2, "x": 20, "y": 24, "attack_mode": true, "attack_mode_war": true, "ammo": 750 },
    { "data": 1000002, "lvl": 10, "x": 11, "y": 7, "res_time": 143141 },
    { "data": 1000004, "lvl": 10, "x": 32, "y": 5, "res_time": 23724 }
  ],
  "obstacles": [
  { "data": 8000028, "x": 42, "y": 22, "loot_multiply_ver": 1 },
  { "data": 8000028, "x": 41, "y": 42, "loot_multiply_ver": 1 },
  { "data": 8000028, "x": 13, "y": 42, "loot_multiply_ver": 1 },
  { "data": 8000030, "x": 2, "y": 2, "loot_multiply_ver": 2 },
  { "data": 8000010, "x": 6, "y": 42, "loot_multiply_ver": 2 },
  { "data": 8000004, "x": 25, "y": 42, "loot_multiply_ver": 2 },
  { "data": 8000000, "x": 1, "y": 6, "loot_multiply_ver": 2 },
  { "data": 8000000, "x": 17, "y": 42, "loot_multiply_ver": 2 },
  { "data": 8000006, "x": 22, "y": 0, "loot_multiply_ver": 2 },
  { "data": 8000007, "x": 27, "y": 0, "loot_multiply_ver": 2 },
  { "data": 8000008, "x": 3, "y": 41, "loot_multiply_ver": 2 },
  { "data": 8000006, "x": 30, "y": 42, "loot_multiply_ver": 2 },
  { "data": 8000005, "x": 39, "y": 1, "loot_multiply_ver": 2 },
  { "data": 8000010, "x": 6, "y": 1, "loot_multiply_ver": 2 },
  { "data": 8000004, "x": 35, "y": 3, "loot_multiply_ver": 2 },
  { "data": 8000000, "x": 0, "y": 36, "loot_multiply_ver": 2 },
  { "data": 8000004, "x": 0, "y": 26, "loot_multiply_ver": 2 },
  { "data": 8000006, "x": 0, "y": 29, "loot_multiply_ver": 2 },
  { "data": 8000007, "x": 34, "y": 0, "loot_multiply_ver": 2 },
  { "data": 8000008, "x": 9, "y": 42, "loot_multiply_ver": 2 },
  { "data": 8000010, "x": 1, "y": 13, "loot_multiply_ver": 2 },
  { "data": 8000000, "x": 30, "y": 0, "loot_multiply_ver": 2 },
  { "data": 8000010, "x": 42, "y": 31, "loot_multiply_ver": 2 },
  { "data": 8000006, "x": 40, "y": 39, "loot_multiply_ver": 2 },
  { "data": 8000006, "x": 0, "y": 21, "loot_multiply_ver": 2 },
  { "data": 8000008, "x": 42, "y": 16, "loot_multiply_ver": 2 },
  { "data": 8000008, "x": 42, "y": 7, "loot_multiply_ver": 2 },
  { "data": 8000007, "x": 0, "y": 18, "loot_multiply_ver": 2 },
  { "data": 8000004, "x": 19, "y": 2, "loot_multiply_ver": 2 },
  { "data": 8000004, "x": 10, "y": 0, "loot_multiply_ver": 2 },
  { "data": 8000010, "x": 14, "y": 0, "loot_multiply_ver": 2 },
  { "data": 8000000, "x": 0, "y": 32, "loot_multiply_ver": 2 },
  { "data": 8000004, "x": 4, "y": 29, "loot_multiply_ver": 2 },
  { "data": 8000006, "x": 39, "y": 9, "loot_multiply_ver": 2 }
  ],
  "traps": [
  { "data": 12000005, "lvl": 3, "x": 16, "y": 17 }, { "data": 12000006, "lvl": 2, "x": 26, "y": 16 },
  { "data": 12000006, "lvl": 2, "x": 17, "y": 27 }, { "data": 12000006, "lvl": 2, "x": 16, "y": 18 },
  { "data": 12000005, "lvl": 3, "x": 25, "y": 16 }, { "data": 12000005, "lvl": 3, "x": 23, "y": 16 },
  { "data": 12000005, "lvl": 3, "x": 18, "y": 27 }, { "data": 12000005, "lvl": 3, "x": 20, "y": 27 },
  { "data": 12000006, "lvl": 2, "x": 21, "y": 27 }, { "data": 12000006, "lvl": 2, "x": 22, "y": 16 },
  { "data": 12000001, "lvl": 0, "x": 24, "y": 32 }, { "data": 12000002, "lvl": 3, "x": 39, "y": 19 },
  { "data": 12000002, "lvl": 3, "x": 18, "y": 9 }, { "data": 12000002, "lvl": 3, "x": 18, "y": 11 },
  { "data": 12000000, "lvl": 4, "x": 29, "y": 21 }, { "data": 12000000, "lvl": 4, "x": 21, "y": 29 },
  { "data": 12000002, "lvl": 3, "x": 39, "y": 25 }, { "data": 12000001, "lvl": 0, "x": 40, "y": 21 },
  { "data": 12000002, "lvl": 3, "x": 37, "y": 15 }, { "data": 12000001, "lvl": 0, "x": 39, "y": 21 },
  { "data": 12000001, "lvl": 0, "x": 29, "y": 37 }, { "data": 12000001, "lvl": 0, "x": 28, "y": 41 },
  { "data": 12000001, "lvl": 0, "x": 27, "y": 37 }, { "data": 12000000, "lvl": 4, "x": 25, "y": 32 },
  { "data": 12000000, "lvl": 4, "x": 35, "y": 28 }, { "data": 12000000, "lvl": 4, "x": 22, "y": 29 },
  { "data": 12000000, "lvl": 4, "x": 29, "y": 22 }
  ],
  "decos": [
  { "data": 18000014, "x": 2, "y": 23 }, { "data": 18000000, "x": 7, "y": 36 }, { "data": 18000004, "x": 25, "y": 40 },
  { "data": 18000001, "x": 9, "y": 39 }, { "data": 18000001, "x": 7, "y": 39 }, { "data": 18000001, "x": 5, "y": 36 },
  { "data": 18000001, "x": 5, "y": 39 }, { "data": 18000003, "x": 38, "y": 39 }, { "data": 18000005, "x": 36, "y": 39 },
  { "data": 18000005, "x": 33, "y": 40 }, { "data": 18000005, "x": 31, "y": 40 },
  { "data": 18000005, "x": 23, "y": 40 }, { "data": 18000006, "x": 3, "y": 37 }, { "data": 18000006, "x": 34, "y": 38 },
  { "data": 18000007, "x": 38, "y": 37 }, { "data": 18000008, "x": 38, "y": 35 },
  { "data": 18000009, "x": 40, "y": 33 }, { "data": 18000022, "x": 2, "y": 31 }, { "data": 18000023, "x": 3, "y": 35 },
  { "data": 18000024, "x": 9, "y": 3 }, { "data": 18000025, "x": 7, "y": 3 }, { "data": 18000026, "x": 5, "y": 4 },
  { "data": 18000027, "x": 3, "y": 15 }, { "data": 18000028, "x": 5, "y": 6 }, { "data": 18000029, "x": 3, "y": 13 },
  { "data": 18000033, "x": 3, "y": 33 }, { "data": 18000010, "x": 40, "y": 31 }, { "data": 18000030, "x": 3, "y": 5 },
  { "data": 18000031, "x": 3, "y": 7 }, { "data": 18000021, "x": 13, "y": 4 }, { "data": 18000036, "x": 15, "y": 4 },
  { "data": 18000032, "x": 3, "y": 11 }, { "data": 18000035, "x": 3, "y": 39 }, { "data": 18000034, "x": 3, "y": 9 },
  { "data": 18000020, "x": 2, "y": 17 }, { "data": 18000019, "x": 2, "y": 19 }, { "data": 18000018, "x": 2, "y": 27 },
  { "data": 18000011, "x": 40, "y": 35 }, { "data": 18000012, "x": 11, "y": 4 }, { "data": 18000017, "x": 2, "y": 29 },
  { "data": 18000013, "x": 40, "y": 29 }, { "data": 18000016, "x": 2, "y": 25 }, { "data": 18000015, "x": 2, "y": 21 },
  { "data": 18000006, "x": 37, "y": 4 }, { "data": 18000006, "x": 39, "y": 6 }
  ],
  "respawnVars": {
    "secondsFromLastRespawn": 12923,
    "respawnSeed": 1531599039,
    "obstacleClearCounter": 6,
    "time_to_gembox_drop": 502161,
    "time_in_gembox_period": 21600
  },
  "cooldowns": [{ "cooldown": 3532497, "target": 20000000 }, { "cooldown": 11871517, "target": 20000001 }],
  "newShopBuildings": [4, 0, 7, 4, 7, 4, 4, 1, 6, 7, 250, 4, 4, 3, 1, 5, 0, 0, 0, 4, 1, 3, 1, 3, 1, 1, 2, 2],
  "newShopTraps": [6, 6, 5, 0, 0, 5, 5, 0],
  "newShopDecos": [
    1, 4, 0, 1, 1, 4, 4, 1, 1, 1, 1, 1, 1, 1, 1, 1, 1, 1, 1, 1, 1, 1, 1, 1, 1, 1, 1, 1, 1, 1, 1, 1, 1, 1, 1, 1, 1
  ],
  "last_league_rank": 16,
  "last_league_shuffle": 1,
  "last_news_seen": 50,
  "edit_mode_shown": true,
  "troop_req_msg": " 1 pekka 2 wizards 2 barbs pls",
  "war_req_msg": "1 witch 1 valk 3 wizards rest barbs",
  "war_tutorials_seen": 0,
  "war_base": false
}