{
  "buildings": [
    { "data": 1000001, "lvl": 9, "x": 20, "y": 20 }, {
      "data": 1000004,
      "lvl": 10,
      "x": 26,
      "y": 38,
      "res_time": 175677
    },
    { "data": 1000000, "lvl": 7, "x": 2, "y": 33, "units": [[4000004, 26], [4000006, 2]], "storage_type": 0 },
    { "data": 1000015, "lvl": 0, "x": 31, "y": 39 }, { "data": 1000014, "lvl": 5, "x": 17, "y": 17 },
    { "data": 1000008, "lvl": 11, "x": 33, "y": 20 }, { "data": 1000015, "lvl": 0, "x": 39, "y": 31 },
    { "data": 1000002, "lvl": 10, "x": 16, "y": 38, "res_time": 175677 },
    { "data": 1000003, "lvl": 10, "x": 30, "y": 15 }, { "data": 1000005, "lvl": 10, "x": 30, "y": 25 },
    { "data": 1000006, "lvl": 9, "x": 2, "y": 24, "unit_prod": { "unit_type": 0 } },
    { "data": 1000004, "lvl": 10, "x": 38, "y": 21, "res_time": 161287 },
    { "data": 1000002, "lvl": 10, "x": 21, "y": 38, "res_time": 175677 },
    { "data": 1000006, "lvl": 9, "x": 2, "y": 19, "unit_prod": { "unit_type": 0 } },
    { "data": 1000008, "lvl": 11, "x": 33, "y": 29 }, {
      "data": 1000002,
      "lvl": 10,
      "x": 29,
      "y": 2,
      "res_time": 175675
    },
    { "data": 1000004, "lvl": 10, "x": 34, "y": 39, "res_time": 161269 },
    { "data": 1000010, "lvl": 10, "x": 29, "y": 26 }, { "data": 1000010, "lvl": 10, "x": 29, "y": 27 },
    { "data": 1000010, "lvl": 10, "x": 29, "y": 28 }, { "data": 1000010, "lvl": 10, "x": 29, "y": 29 },
    { "data": 1000010, "lvl": 10, "x": 28, "y": 29 }, { "data": 1000010, "lvl": 10, "x": 27, "y": 29 },
    { "data": 1000010, "lvl": 10, "x": 26, "y": 29 }, { "data": 1000010, "lvl": 10, "x": 28, "y": 24 },
    { "data": 1000010, "lvl": 10, "x": 28, "y": 25 }, {
      "data": 1000000,
      "lvl": 7,
      "x": 9,
      "y": 36,
      "units": [[4000006, 15]],
      "storage_type": 0
    }, { "data": 1000009, "lvl": 11, "x": 30, "y": 18 }, { "data": 1000005, "lvl": 10, "x": 25, "y": 30 },
    { "data": 1000003, "lvl": 10, "x": 15, "y": 30 }, { "data": 1000010, "lvl": 10, "x": 29, "y": 25 },
    { "data": 1000010, "lvl": 10, "x": 29, "y": 24 }, { "data": 1000010, "lvl": 10, "x": 29, "y": 23 },
    { "data": 1000010, "lvl": 10, "x": 29, "y": 22 }, { "data": 1000010, "lvl": 10, "x": 29, "y": 21 },
    { "data": 1000010, "lvl": 10, "x": 29, "y": 20 }, { "data": 1000010, "lvl": 10, "x": 27, "y": 24 },
    { "data": 1000010, "lvl": 10, "x": 27, "y": 25 }, { "data": 1000010, "lvl": 10, "x": 26, "y": 25 },
    { "data": 1000010, "lvl": 10, "x": 25, "y": 25 }, { "data": 1000010, "lvl": 10, "x": 25, "y": 26 },
    { "data": 1000010, "lvl": 10, "x": 24, "y": 28 }, { "data": 1000010, "lvl": 10, "x": 27, "y": 23 },
    { "data": 1000010, "lvl": 10, "x": 27, "y": 22 }, { "data": 1000010, "lvl": 10, "x": 27, "y": 21 },
    { "data": 1000010, "lvl": 10, "x": 27, "y": 20 }, { "data": 1000010, "lvl": 10, "x": 27, "y": 19 },
    { "data": 1000010, "lvl": 10, "x": 28, "y": 19 }, { "data": 1000010, "lvl": 10, "x": 29, "y": 19 },
    { "data": 1000010, "lvl": 10, "x": 25, "y": 28 }, { "data": 1000010, "lvl": 10, "x": 25, "y": 29 },
    { "data": 1000010, "lvl": 10, "x": 24, "y": 29 }, { "data": 1000010, "lvl": 10, "x": 23, "y": 29 },
    { "data": 1000010, "lvl": 10, "x": 22, "y": 29 }, { "data": 1000010, "lvl": 10, "x": 21, "y": 29 },
    { "data": 1000010, "lvl": 10, "x": 20, "y": 29 }, { "data": 1000010, "lvl": 10, "x": 25, "y": 27 },
    { "data": 1000010, "lvl": 10, "x": 24, "y": 27 }, { "data": 1000010, "lvl": 10, "x": 23, "y": 27 },
    { "data": 1000010, "lvl": 10, "x": 22, "y": 27 }, { "data": 1000010, "lvl": 10, "x": 21, "y": 27 },
    { "data": 1000010, "lvl": 10, "x": 20, "y": 27 }, { "data": 1000010, "lvl": 10, "x": 19, "y": 27 },
    { "data": 1000010, "lvl": 10, "x": 19, "y": 28 }, { "data": 1000010, "lvl": 10, "x": 19, "y": 29 },
    { "data": 1000010, "lvl": 10, "x": 25, "y": 17 }, { "data": 1000010, "lvl": 10, "x": 25, "y": 18 },
    { "data": 1000010, "lvl": 10, "x": 26, "y": 18 }, { "data": 1000010, "lvl": 10, "x": 27, "y": 18 },
    { "data": 1000010, "lvl": 10, "x": 28, "y": 18 }, { "data": 1000010, "lvl": 10, "x": 29, "y": 18 },
    { "data": 1000007, "lvl": 7, "x": 3, "y": 3 }, { "data": 1000013, "lvl": 7, "x": 9, "y": 33 },
    { "data": 1000010, "lvl": 10, "x": 29, "y": 17 }, { "data": 1000010, "lvl": 10, "x": 29, "y": 16 },
    { "data": 1000010, "lvl": 10, "x": 29, "y": 15 }, { "data": 1000010, "lvl": 10, "x": 29, "y": 36 },
    { "data": 1000010, "lvl": 10, "x": 30, "y": 36 }, { "data": 1000010, "lvl": 10, "x": 31, "y": 36 },
    { "data": 1000010, "lvl": 10, "x": 32, "y": 36 }, { "data": 1000010, "lvl": 10, "x": 33, "y": 36 },
    { "data": 1000010, "lvl": 10, "x": 34, "y": 36 }, { "data": 1000010, "lvl": 10, "x": 35, "y": 36 },
    { "data": 1000010, "lvl": 10, "x": 36, "y": 36 }, { "data": 1000010, "lvl": 10, "x": 36, "y": 35 },
    { "data": 1000010, "lvl": 10, "x": 36, "y": 34 }, { "data": 1000010, "lvl": 10, "x": 36, "y": 33 },
    { "data": 1000010, "lvl": 10, "x": 36, "y": 32 }, { "data": 1000010, "lvl": 10, "x": 36, "y": 31 },
    { "data": 1000010, "lvl": 10, "x": 36, "y": 30 }, { "data": 1000010, "lvl": 10, "x": 36, "y": 29 },
    { "data": 1000010, "lvl": 10, "x": 36, "y": 28 }, { "data": 1000010, "lvl": 10, "x": 36, "y": 27 },
    { "data": 1000010, "lvl": 10, "x": 36, "y": 26 }, { "data": 1000010, "lvl": 10, "x": 36, "y": 25 },
    { "data": 1000010, "lvl": 10, "x": 36, "y": 24 }, { "data": 1000010, "lvl": 10, "x": 36, "y": 23 },
    { "data": 1000010, "lvl": 10, "x": 36, "y": 22 }, { "data": 1000009, "lvl": 11, "x": 33, "y": 33 },
    { "data": 1000006, "lvl": 9, "x": 24, "y": 2, "unit_prod": { "unit_type": 0 } },
    { "data": 1000002, "lvl": 10, "x": 38, "y": 16, "res_time": 175676 },
    { "data": 1000004, "lvl": 10, "x": 39, "y": 34, "res_time": 161269 },
    { "data": 1000012, "lvl": 7, "x": 30, "y": 22 },
    { "data": 1000015, "lvl": 0, "x": 39, "y": 39 }, { "data": 1000015, "lvl": 0, "x": 24, "y": 21 },
    { "data": 1000015, "lvl": 0, "x": 21, "y": 24 },
    { "data": 1000004, "lvl": 10, "x": 8, "y": 21, "res_time": 147041 },
    { "data": 1000002, "lvl": 10, "x": 38, "y": 26, "res_time": 175678 },
    { "data": 1000008, "lvl": 11, "x": 28, "y": 33 }, { "data": 1000009, "lvl": 11, "x": 18, "y": 30 },
    { "data": 1000000, "lvl": 7, "x": 33, "y": 2, "units": [[4000013, 2]], "storage_type": 0 },
    { "data": 1000010, "lvl": 10, "x": 36, "y": 21 }, { "data": 1000010, "lvl": 10, "x": 36, "y": 20 },
    { "data": 1000010, "lvl": 10, "x": 36, "y": 19 }, { "data": 1000010, "lvl": 10, "x": 36, "y": 18 },
    { "data": 1000010, "lvl": 10, "x": 36, "y": 17 }, { "data": 1000010, "lvl": 10, "x": 36, "y": 16 },
    { "data": 1000010, "lvl": 10, "x": 36, "y": 15 }, { "data": 1000010, "lvl": 10, "x": 36, "y": 14 },
    { "data": 1000010, "lvl": 10, "x": 35, "y": 14 }, { "data": 1000010, "lvl": 10, "x": 34, "y": 14 },
    { "data": 1000010, "lvl": 10, "x": 33, "y": 14 }, { "data": 1000010, "lvl": 10, "x": 32, "y": 14 },
    { "data": 1000010, "lvl": 10, "x": 28, "y": 36 }, { "data": 1000010, "lvl": 10, "x": 27, "y": 36 },
    { "data": 1000010, "lvl": 10, "x": 26, "y": 36 }, { "data": 1000010, "lvl": 10, "x": 25, "y": 36 },
    { "data": 1000010, "lvl": 10, "x": 24, "y": 36 }, { "data": 1000010, "lvl": 10, "x": 23, "y": 36 },
    { "data": 1000010, "lvl": 10, "x": 22, "y": 36 }, { "data": 1000010, "lvl": 10, "x": 21, "y": 36 },
    { "data": 1000010, "lvl": 10, "x": 20, "y": 36 }, { "data": 1000010, "lvl": 10, "x": 19, "y": 36 },
    { "data": 1000010, "lvl": 10, "x": 18, "y": 36 }, { "data": 1000010, "lvl": 10, "x": 17, "y": 36 },
    { "data": 1000010, "lvl": 10, "x": 16, "y": 36 }, { "data": 1000011, "lvl": 7, "x": 8, "y": 25 },
    {
      "data": 1000020,
      "lvl": 4,
      "x": 13,
      "y": 8,
      "units": [[26000000, 1], [26000002, 2], [26000005, 2]],
      "storage_type": 1,
      "unit_prod": { "unit_type": 1 }
    }, { "data": 1000002, "lvl": 10, "x": 2, "y": 29, "res_time": 175676 },
    { "data": 1000004, "lvl": 10, "x": 21, "y": 8, "res_time": 89402 }, { "data": 1000013, "lvl": 7, "x": 33, "y": 9 },
    { "data": 1000011, "lvl": 7, "x": 17, "y": 20 }, { "data": 1000010, "lvl": 10, "x": 15, "y": 36 },
    { "data": 1000010, "lvl": 10, "x": 14, "y": 36 }, { "data": 1000010, "lvl": 10, "x": 14, "y": 35 },
    { "data": 1000010, "lvl": 10, "x": 14, "y": 34 }, { "data": 1000010, "lvl": 10, "x": 14, "y": 33 },
    { "data": 1000010, "lvl": 10, "x": 14, "y": 32 }, { "data": 1000010, "lvl": 10, "x": 15, "y": 29 },
    { "data": 1000010, "lvl": 10, "x": 16, "y": 29 }, { "data": 1000010, "lvl": 10, "x": 17, "y": 29 },
    { "data": 1000010, "lvl": 10, "x": 18, "y": 29 }, { "data": 1000010, "lvl": 10, "x": 18, "y": 28 },
    { "data": 1000010, "lvl": 10, "x": 18, "y": 27 }, { "data": 1000010, "lvl": 10, "x": 18, "y": 26 },
    { "data": 1000010, "lvl": 10, "x": 18, "y": 25 }, { "data": 1000010, "lvl": 10, "x": 17, "y": 25 },
    { "data": 1000010, "lvl": 10, "x": 13, "y": 31 }, { "data": 1000010, "lvl": 10, "x": 12, "y": 31 },
    { "data": 1000010, "lvl": 10, "x": 11, "y": 31 }, { "data": 1000010, "lvl": 10, "x": 10, "y": 31 },
    { "data": 1000010, "lvl": 10, "x": 9, "y": 31 }, { "data": 1000010, "lvl": 10, "x": 8, "y": 31 },
    { "data": 1000010, "lvl": 10, "x": 7, "y": 31 }, { "data": 1000010, "lvl": 10, "x": 7, "y": 30 },
    { "data": 1000010, "lvl": 10, "x": 7, "y": 29 }, { "data": 1000010, "lvl": 10, "x": 14, "y": 31 },
    {
      "data": 1000000,
      "lvl": 7,
      "x": 36,
      "y": 9,
      "units": [[4000000, 18], [4000013, 1], [4000015, 1]],
      "storage_type": 0
    }, { "data": 1000008, "lvl": 11, "x": 20, "y": 33 }, { "data": 1000009, "lvl": 11, "x": 11, "y": 25 },
    { "data": 1000013, "lvl": 7, "x": 8, "y": 8 }, { "data": 1000012, "lvl": 7, "x": 22, "y": 30 },
    { "data": 1000019, "lvl": 6, "x": 31, "y": 28 }, {
      "data": 1000006,
      "lvl": 9,
      "x": 19,
      "y": 2,
      "unit_prod": { "unit_type": 0 }
    }, { "data": 1000010, "lvl": 10, "x": 14, "y": 30 }, { "data": 1000010, "lvl": 10, "x": 14, "y": 29 },
    { "data": 1000010, "lvl": 10, "x": 14, "y": 28 }, { "data": 1000010, "lvl": 10, "x": 14, "y": 27 },
    { "data": 1000010, "lvl": 10, "x": 14, "y": 26 }, { "data": 1000010, "lvl": 10, "x": 14, "y": 25 },
    { "data": 1000010, "lvl": 10, "x": 15, "y": 25 }, { "data": 1000010, "lvl": 10, "x": 16, "y": 25 },
    { "data": 1000010, "lvl": 10, "x": 15, "y": 24 }, { "data": 1000010, "lvl": 10, "x": 16, "y": 24 },
    { "data": 1000010, "lvl": 10, "x": 8, "y": 24 }, { "data": 1000010, "lvl": 10, "x": 9, "y": 24 },
    { "data": 1000010, "lvl": 10, "x": 10, "y": 24 }, { "data": 1000010, "lvl": 10, "x": 11, "y": 24 },
    { "data": 1000010, "lvl": 10, "x": 12, "y": 24 }, { "data": 1000010, "lvl": 10, "x": 13, "y": 24 },
    { "data": 1000010, "lvl": 10, "x": 14, "y": 24 }, { "data": 1000010, "lvl": 10, "x": 14, "y": 23 },
    { "data": 1000010, "lvl": 10, "x": 14, "y": 22 }, { "data": 1000010, "lvl": 10, "x": 14, "y": 21 },
    { "data": 1000010, "lvl": 10, "x": 14, "y": 20 }, { "data": 1000010, "lvl": 10, "x": 14, "y": 19 },
    { "data": 1000010, "lvl": 10, "x": 14, "y": 18 }, { "data": 1000010, "lvl": 10, "x": 16, "y": 23 },
    { "data": 1000010, "lvl": 10, "x": 16, "y": 22 }, { "data": 1000003, "lvl": 10, "x": 11, "y": 18 },
    { "data": 1000005, "lvl": 10, "x": 11, "y": 28 }, { "data": 1000009, "lvl": 11, "x": 8, "y": 18 },
    { "data": 1000011, "lvl": 7, "x": 20, "y": 17 }, { "data": 1000010, "lvl": 10, "x": 16, "y": 21 },
    { "data": 1000010, "lvl": 10, "x": 16, "y": 20 }, { "data": 1000010, "lvl": 10, "x": 16, "y": 19 },
    { "data": 1000010, "lvl": 10, "x": 16, "y": 18 }, { "data": 1000010, "lvl": 10, "x": 31, "y": 13 },
    { "data": 1000010, "lvl": 10, "x": 31, "y": 12 }, { "data": 1000010, "lvl": 10, "x": 31, "y": 11 },
    { "data": 1000010, "lvl": 10, "x": 31, "y": 10 }, { "data": 1000010, "lvl": 10, "x": 31, "y": 9 },
    { "data": 1000010, "lvl": 10, "x": 31, "y": 8 }, { "data": 1000010, "lvl": 10, "x": 31, "y": 7 },
    { "data": 1000010, "lvl": 10, "x": 30, "y": 7 }, { "data": 1000010, "lvl": 10, "x": 31, "y": 14 },
    { "data": 1000010, "lvl": 10, "x": 30, "y": 14 }, { "data": 1000010, "lvl": 10, "x": 29, "y": 14 },
    { "data": 1000010, "lvl": 10, "x": 28, "y": 14 }, { "data": 1000010, "lvl": 10, "x": 27, "y": 14 },
    { "data": 1000010, "lvl": 10, "x": 26, "y": 14 }, { "data": 1000010, "lvl": 10, "x": 25, "y": 14 },
    { "data": 1000010, "lvl": 10, "x": 25, "y": 15 }, { "data": 1000010, "lvl": 10, "x": 25, "y": 16 },
    { "data": 1000010, "lvl": 10, "x": 24, "y": 15 }, { "data": 1000010, "lvl": 10, "x": 24, "y": 16 },
    { "data": 1000010, "lvl": 10, "x": 23, "y": 16 }, { "data": 1000010, "lvl": 10, "x": 22, "y": 16 },
    { "data": 1000010, "lvl": 10, "x": 21, "y": 16 }, { "data": 1000010, "lvl": 10, "x": 20, "y": 16 },
    { "data": 1000010, "lvl": 10, "x": 19, "y": 16 }, { "data": 1000010, "lvl": 10, "x": 18, "y": 16 },
    { "data": 1000010, "lvl": 10, "x": 17, "y": 15 }, { "data": 1000010, "lvl": 10, "x": 17, "y": 16 },
    { "data": 1000010, "lvl": 10, "x": 16, "y": 16 }, { "data": 1000010, "lvl": 10, "x": 16, "y": 17 },
    { "data": 1000010, "lvl": 10, "x": 15, "y": 17 }, { "data": 1000010, "lvl": 10, "x": 13, "y": 17 },
    { "data": 1000010, "lvl": 10, "x": 14, "y": 17 }, { "data": 1000010, "lvl": 10, "x": 14, "y": 16 },
    { "data": 1000010, "lvl": 10, "x": 14, "y": 15 }, { "data": 1000010, "lvl": 10, "x": 14, "y": 14 },
    { "data": 1000010, "lvl": 10, "x": 15, "y": 14 }, { "data": 1000010, "lvl": 10, "x": 16, "y": 14 },
    { "data": 1000010, "lvl": 10, "x": 17, "y": 13 }, { "data": 1000010, "lvl": 10, "x": 17, "y": 14 },
    { "data": 1000010, "lvl": 10, "x": 18, "y": 14 }, { "data": 1000010, "lvl": 10, "x": 19, "y": 14 },
    { "data": 1000010, "lvl": 10, "x": 20, "y": 14 }, { "data": 1000010, "lvl": 10, "x": 21, "y": 14 },
    { "data": 1000010, "lvl": 10, "x": 22, "y": 14 }, { "data": 1000010, "lvl": 10, "x": 23, "y": 14 },
    { "data": 1000010, "lvl": 10, "x": 24, "y": 14 }, { "data": 1000019, "lvl": 6, "x": 28, "y": 31 },
    { "data": 1000019, "lvl": 6, "x": 17, "y": 23 }, { "data": 1000008, "lvl": 11, "x": 8, "y": 28 },
    { "data": 1000012, "lvl": 7, "x": 11, "y": 21 }, { "data": 1000019, "lvl": 6, "x": 23, "y": 17 },
    { "data": 1000021, "lvl": 3, "x": 26, "y": 26, "attack_mode": false, "attack_mode_war": false, "ammo": 1500 },
    { "data": 1000009, "lvl": 11, "x": 28, "y": 11 }, { "data": 1000010, "lvl": 10, "x": 24, "y": 13 },
    { "data": 1000010, "lvl": 10, "x": 24, "y": 12 }, { "data": 1000010, "lvl": 10, "x": 24, "y": 11 },
    { "data": 1000010, "lvl": 10, "x": 24, "y": 10 }, { "data": 1000010, "lvl": 10, "x": 24, "y": 9 },
    { "data": 1000010, "lvl": 10, "x": 24, "y": 8 }, { "data": 1000010, "lvl": 10, "x": 7, "y": 28 },
    { "data": 1000010, "lvl": 10, "x": 7, "y": 27 }, { "data": 1000010, "lvl": 10, "x": 7, "y": 26 },
    { "data": 1000010, "lvl": 10, "x": 7, "y": 25 }, { "data": 1000010, "lvl": 10, "x": 7, "y": 24 },
    { "data": 1000010, "lvl": 10, "x": 7, "y": 23 }, { "data": 1000010, "lvl": 10, "x": 7, "y": 22 },
    { "data": 1000010, "lvl": 10, "x": 7, "y": 21 }, { "data": 1000010, "lvl": 10, "x": 7, "y": 20 },
    { "data": 1000010, "lvl": 10, "x": 7, "y": 19 }, { "data": 1000010, "lvl": 10, "x": 7, "y": 18 },
    { "data": 1000010, "lvl": 10, "x": 7, "y": 17 }, { "data": 1000010, "lvl": 10, "x": 8, "y": 17 },
    { "data": 1000010, "lvl": 10, "x": 9, "y": 17 }, { "data": 1000010, "lvl": 10, "x": 10, "y": 17 },
    { "data": 1000010, "lvl": 10, "x": 11, "y": 17 }, { "data": 1000010, "lvl": 10, "x": 12, "y": 17 },
    { "data": 1000010, "lvl": 10, "x": 12, "y": 16 }, { "data": 1000010, "lvl": 10, "x": 12, "y": 15 },
    { "data": 1000003, "lvl": 10, "x": 18, "y": 11 }, { "data": 1000005, "lvl": 10, "x": 25, "y": 11 },
    { "data": 1000023, "lvl": 5, "x": 33, "y": 15, "res_time": 53276 }, { "data": 1000024, "lvl": 5, "x": 30, "y": 30 },
    { "data": 1000023, "lvl": 5, "x": 15, "y": 33, "res_time": 53277 },
    { "data": 1000021, "lvl": 3, "x": 26, "y": 15, "attack_mode": false, "attack_mode_war": false, "ammo": 1500 },
    { "data": 1000022, "lvl": 0, "x": 23, "y": 33 }, { "data": 1000025, "lvl": 0, "x": 33, "y": 23 },
    { "data": 1000026, "lvl": 4, "x": 3, "y": 14, "unit_prod": { "unit_type": 0 } },
    { "data": 1000010, "lvl": 10, "x": 12, "y": 14 }, { "data": 1000010, "lvl": 10, "x": 12, "y": 13 },
    { "data": 1000010, "lvl": 10, "x": 29, "y": 7 }, { "data": 1000010, "lvl": 10, "x": 28, "y": 7 },
    { "data": 1000010, "lvl": 10, "x": 27, "y": 7 }, { "data": 1000010, "lvl": 10, "x": 26, "y": 7 },
    { "data": 1000010, "lvl": 10, "x": 25, "y": 7 }, { "data": 1000010, "lvl": 10, "x": 24, "y": 7 },
    { "data": 1000010, "lvl": 10, "x": 23, "y": 7 }, { "data": 1000010, "lvl": 10, "x": 22, "y": 7 },
    { "data": 1000010, "lvl": 10, "x": 21, "y": 7 }, { "data": 1000010, "lvl": 10, "x": 20, "y": 7 },
    { "data": 1000010, "lvl": 10, "x": 19, "y": 7 }, { "data": 1000010, "lvl": 10, "x": 18, "y": 7 },
    { "data": 1000010, "lvl": 10, "x": 17, "y": 7 }, { "data": 1000010, "lvl": 10, "x": 17, "y": 8 },
    { "data": 1000010, "lvl": 10, "x": 17, "y": 9 }, {
      "data": 1000026,
      "lvl": 4,
      "x": 14,
      "y": 3,
      "unit_prod": { "unit_type": 0 }
    }, { "data": 1000010, "lvl": 10, "x": 17, "y": 10 }, { "data": 1000010, "lvl": 10, "x": 17, "y": 11 },
    { "data": 1000010, "lvl": 10, "x": 17, "y": 12 }, { "data": 1000010, "lvl": 10, "x": 16, "y": 12 },
    { "data": 1000010, "lvl": 10, "x": 15, "y": 12 }, { "data": 1000010, "lvl": 10, "x": 14, "y": 12 },
    { "data": 1000010, "lvl": 10, "x": 13, "y": 12 }, { "data": 1000010, "lvl": 10, "x": 12, "y": 12 },
    { "data": 1000011, "lvl": 7, "x": 25, "y": 8 }, { "data": 1000012, "lvl": 7, "x": 21, "y": 11 },
    { "data": 1000023, "lvl": 5, "x": 8, "y": 13, "res_time": 38068 }, { "data": 1000008, "lvl": 11, "x": 28, "y": 8 },
    { "data": 1000009, "lvl": 11, "x": 18, "y": 8 }, {
      "data": 1000027,
      "lvl": 2,
      "x": 19,
      "y": 24,
      "attack_mode": true,
      "attack_mode_war": true,
      "ammo": 750
    }, { "data": 1000021, "lvl": 3, "x": 15, "y": 26, "attack_mode": false, "attack_mode_war": false, "ammo": 1500 },
    { "data": 1000027, "lvl": 2, "x": 24, "y": 19, "attack_mode": true, "attack_mode_war": true, "ammo": 750 },
    { "data": 1000004, "lvl": 10, "x": 9, "y": 3, "res_time": 133035 },
    { "data": 1000002, "lvl": 10, "x": 3, "y": 9, "res_time": 167983 }
  ],
  "obstacles": [
  { "data": 8000000, "x": 33, "y": 0, "loot_multiply_ver": 1 },
  { "data": 8000000, "x": 0, "y": 33, "loot_multiply_ver": 1 },
  { "data": 8000000, "x": 0, "y": 39, "loot_multiply_ver": 1 },
  { "data": 8000000, "x": 42, "y": 13, "loot_multiply_ver": 1 },
  { "data": 8000000, "x": 0, "y": 15, "loot_multiply_ver": 1 },
  { "data": 8000000, "x": 42, "y": 37, "loot_multiply_ver": 1 },
  { "data": 8000004, "x": 38, "y": 0, "loot_multiply_ver": 1 },
  { "data": 8000004, "x": 0, "y": 27, "loot_multiply_ver": 1 },
  { "data": 8000000, "x": 42, "y": 19, "loot_multiply_ver": 1 },
  { "data": 8000000, "x": 0, "y": 30, "loot_multiply_ver": 1 },
  { "data": 8000004, "x": 16, "y": 0, "loot_multiply_ver": 1 },
  { "data": 8000004, "x": 0, "y": 22, "loot_multiply_ver": 1 },
  { "data": 8000004, "x": 14, "y": 42, "loot_multiply_ver": 1 },
  { "data": 8000004, "x": 42, "y": 34, "loot_multiply_ver": 1 },
  { "data": 8000004, "x": 41, "y": 3, "loot_multiply_ver": 1 },
  { "data": 8000008, "x": 1, "y": 12, "loot_multiply_ver": 1 },
  { "data": 8000004, "x": 0, "y": 36, "loot_multiply_ver": 1 },
  { "data": 8000000, "x": 42, "y": 23, "loot_multiply_ver": 1 },
  { "data": 8000004, "x": 31, "y": 42, "loot_multiply_ver": 1 },
  { "data": 8000000, "x": 0, "y": 19, "loot_multiply_ver": 1 },
  { "data": 8000000, "x": 42, "y": 31, "loot_multiply_ver": 1 },
  { "data": 8000008, "x": 5, "y": 42, "loot_multiply_ver": 1 },
  { "data": 8000008, "x": 42, "y": 0, "loot_multiply_ver": 1 },
  { "data": 8000004, "x": 18, "y": 42, "loot_multiply_ver": 1 },
  { "data": 8000000, "x": 24, "y": 0, "loot_multiply_ver": 1 },
  { "data": 8000000, "x": 0, "y": 6, "loot_multiply_ver": 1 },
  { "data": 8000004, "x": 35, "y": 42, "loot_multiply_ver": 1 },
  { "data": 8000008, "x": 42, "y": 41, "loot_multiply_ver": 1 },
  { "data": 8000004, "x": 42, "y": 28, "loot_multiply_ver": 2 },
  { "data": 8000000, "x": 42, "y": 16, "loot_multiply_ver": 2 },
  { "data": 8000000, "x": 10, "y": 0, "loot_multiply_ver": 2 },
  { "data": 8000000, "x": 30, "y": 0, "loot_multiply_ver": 2 },
  { "data": 8000004, "x": 41, "y": 10, "loot_multiply_ver": 2 },
  { "data": 8000007, "x": 10, "y": 42, "loot_multiply_ver": 2 },
  { "data": 8000004, "x": 0, "y": 42, "loot_multiply_ver": 2 },
  { "data": 8000000, "x": 25, "y": 42, "loot_multiply_ver": 2 },
  { "data": 8000030, "x": 22, "y": 3, "loot_multiply_ver": 1 },
  { "data": 8000004, "x": 7, "y": 0, "loot_multiply_ver": 2 },
  { "data": 8000004, "x": 22, "y": 42, "loot_multiply_ver": 2 },
  { "data": 8000000, "x": 38, "y": 42, "loot_multiply_ver": 2 }
  ],
  "traps": [
  { "data": 12000001, "lvl": 0, "x": 30, "y": 29 }, { "data": 12000006, "lvl": 2, "x": 15, "y": 23 },
  { "data": 12000001, "lvl": 0, "x": 29, "y": 30 }, { "data": 12000001, "lvl": 0, "x": 6, "y": 24 },
  { "data": 12000001, "lvl": 0, "x": 6, "y": 32 }, { "data": 12000001, "lvl": 0, "x": 24, "y": 6 },
  { "data": 12000002, "lvl": 3, "x": 37, "y": 37 }, { "data": 12000006, "lvl": 2, "x": 18, "y": 15 },
  { "data": 12000005, "lvl": 3, "x": 15, "y": 15 }, { "data": 12000001, "lvl": 0, "x": 32, "y": 6 },
  { "data": 12000005, "lvl": 3, "x": 15, "y": 18 }, { "data": 12000006, "lvl": 2, "x": 28, "y": 23 },
  { "data": 12000002, "lvl": 3, "x": 26, "y": 33 }, { "data": 12000002, "lvl": 3, "x": 18, "y": 33 },
  { "data": 12000000, "lvl": 4, "x": 38, "y": 14 }, { "data": 12000000, "lvl": 4, "x": 37, "y": 14 },
  { "data": 12000000, "lvl": 4, "x": 37, "y": 8 }, { "data": 12000000, "lvl": 4, "x": 16, "y": 6 },
  { "data": 12000000, "lvl": 4, "x": 11, "y": 11 }, { "data": 12000000, "lvl": 4, "x": 6, "y": 16 },
  { "data": 12000005, "lvl": 3, "x": 23, "y": 15 }, { "data": 12000005, "lvl": 3, "x": 28, "y": 20 },
  { "data": 12000005, "lvl": 3, "x": 20, "y": 28 }, { "data": 12000006, "lvl": 2, "x": 23, "y": 28 },
  { "data": 12000006, "lvl": 2, "x": 24, "y": 24 }, { "data": 12000002, "lvl": 3, "x": 33, "y": 18 },
  { "data": 12000002, "lvl": 3, "x": 33, "y": 26 }
  ],
  "decos": [
  { "data": 18000001, "x": 6, "y": 39 }, { "data": 18000001, "x": 39, "y": 2 }, { "data": 18000001, "x": 39, "y": 4 },
  { "data": 18000005, "x": 39, "y": 29 }, { "data": 18000005, "x": 39, "y": 37 }, { "data": 18000005, "x": 4, "y": 39 },
  { "data": 18000006, "x": 29, "y": 39 }, { "data": 18000006, "x": 14, "y": 39 },
  { "data": 18000006, "x": 19, "y": 39 }, { "data": 18000006, "x": 2, "y": 39 }, { "data": 18000007, "x": 37, "y": 39 },
  { "data": 18000012, "x": 39, "y": 24 }, { "data": 18000033, "x": 12, "y": 34 },
  { "data": 18000010, "x": 24, "y": 39 }, { "data": 18000000, "x": 34, "y": 12 },
  { "data": 18000004, "x": 39, "y": 14 }, { "data": 18000001, "x": 39, "y": 6 }, { "data": 18000021, "x": 39, "y": 19 }
  ],
  "respawnVars": {
    "secondsFromLastRespawn": 22487,
    "respawnSeed": 659535405,
    "obstacleClearCounter": 17,
    "time_to_gembox_drop": 853704,
    "time_in_gembox_period": 10800
  },
  "cooldowns": [{ "cooldown": 3753041, "target": 20000001 }, { "cooldown": 2536242, "target": 20000000 }],
  "newShopBuildings": [4, 0, 7, 4, 7, 4, 4, 1, 6, 7, 250, 4, 4, 3, 1, 5, 0, 0, 0, 4, 1, 3, 1, 3, 1, 1, 2, 2],
  "newShopTraps": [6, 6, 5, 0, 0, 5, 5, 0],
  "newShopDecos": [
    1, 4, 0, 1, 1, 4, 4, 1, 1, 1, 1, 1, 1, 1, 1, 1, 1, 1, 1, 1, 1, 1, 1, 1, 1, 1, 1, 1, 1, 1, 1, 1, 1, 1, 1, 1, 1
  ],
  "last_league_rank": 16,
  "last_league_shuffle": 1,
  "last_news_seen": 50,
  "edit_mode_shown": true,
  "troop_req_msg": "2witch 2wiz 3barb",
  "war_req_msg": "3 valks n 2 balloon pls ",
  "war_tutorials_seen": 0,
  "war_base": false
}