{
  "buildings": [
    { "data": 1000001, "lvl": 9, "x": 20, "y": 20, "l1x": 20, "l1y": 20 },
    { "data": 1000004, "lvl": 10, "x": 2, "y": 18, "res_time": 158113, "l1x": 2, "l1y": 18 },
    {
      "data": 1000000,
      "lvl": 7,
      "x": 8,
      "y": 36,
      "units": [[4000004, 26], [4000015, 1]],
      "storage_type": 0,
      "l1x": 8,
      "l1y": 36
    }, { "data": 1000015, "lvl": 0, "x": 34, "y": 34, "l1x": 34, "l1y": 34 },
    { "data": 1000014, "lvl": 5, "x": 24, "y": 30, "l1x": 24, "l1y": 30 },
    { "data": 1000008, "lvl": 11, "x": 26, "y": 33, "l1x": 26, "l1y": 33 },
    { "data": 1000015, "lvl": 0, "x": 39, "y": 13, "l1x": 39, "l1y": 13 },
    { "data": 1000002, "lvl": 10, "x": 2, "y": 14, "res_time": 158113, "l1x": 2, "l1y": 14 },
    { "data": 1000003, "lvl": 10, "x": 30, "y": 24, "l1x": 30, "l1y": 24 },
    { "data": 1000005, "lvl": 10, "x": 22, "y": 33, "l1x": 22, "l1y": 33 },
    { "data": 1000006, "lvl": 9, "x": 29, "y": 39, "unit_prod": { "unit_type": 0 }, "l1x": 29, "l1y": 39 },
    { "data": 1000009, "lvl": 11, "x": 32, "y": 30, "l1x": 31, "l1y": 30 },
    { "data": 1000008, "lvl": 11, "x": 19, "y": 33, "l1x": 19, "l1y": 33 },
    { "data": 1000010, "lvl": 9, "x": 35, "y": 33, "l1x": 35, "l1y": 33 },
    { "data": 1000010, "lvl": 9, "x": 34, "y": 33, "l1x": 34, "l1y": 33 },
    { "data": 1000010, "lvl": 9, "x": 33, "y": 33, "l1x": 33, "l1y": 33 },
    { "data": 1000010, "lvl": 10, "x": 21, "y": 16, "l1x": 21, "l1y": 16 },
    { "data": 1000010, "lvl": 10, "x": 11, "y": 16, "l1x": 16, "l1y": 22 },
    { "data": 1000010, "lvl": 9, "x": 33, "y": 34, "l1x": 33, "l1y": 34 },
    { "data": 1000010, "lvl": 10, "x": 14, "y": 16, "l1x": 19, "l1y": 19 },
    { "data": 1000010, "lvl": 9, "x": 33, "y": 35, "l1x": 33, "l1y": 35 },
    { "data": 1000010, "lvl": 10, "x": 16, "y": 21, "l1x": 16, "l1y": 21 },
    { "data": 1000010, "lvl": 10, "x": 36, "y": 36, "l1x": 36, "l1y": 36 },
    { "data": 1000010, "lvl": 10, "x": 35, "y": 36, "l1x": 35, "l1y": 36 },
    { "data": 1000010, "lvl": 10, "x": 34, "y": 36, "l1x": 34, "l1y": 36 },
    { "data": 1000010, "lvl": 10, "x": 33, "y": 36, "l1x": 33, "l1y": 36 },
    { "data": 1000010, "lvl": 10, "x": 32, "y": 36, "l1x": 32, "l1y": 36 },
    { "data": 1000004, "lvl": 10, "x": 19, "y": 39, "res_time": 168885, "l1x": 19, "l1y": 39 },
    { "data": 1000002, "lvl": 10, "x": 2, "y": 23, "res_time": 158112, "l1x": 2, "l1y": 23 },
    { "data": 1000006, "lvl": 9, "x": 39, "y": 29, "unit_prod": { "unit_type": 0 }, "l1x": 39, "l1y": 29 },
    { "data": 1000010, "lvl": 9, "x": 31, "y": 36, "l1x": 31, "l1y": 36 },
    { "data": 1000010, "lvl": 9, "x": 30, "y": 36, "l1x": 30, "l1y": 36 },
    { "data": 1000010, "lvl": 10, "x": 15, "y": 22, "l1x": 15, "l1y": 22 },
    { "data": 1000010, "lvl": 9, "x": 29, "y": 36, "l1x": 29, "l1y": 36 },
    { "data": 1000010, "lvl": 9, "x": 28, "y": 36, "l1x": 28, "l1y": 36 },
    { "data": 1000010, "lvl": 9, "x": 27, "y": 36, "l1x": 27, "l1y": 36 },
    { "data": 1000010, "lvl": 9, "x": 26, "y": 36, "l1x": 26, "l1y": 36 },
    { "data": 1000010, "lvl": 9, "x": 25, "y": 36, "l1x": 25, "l1y": 36 },
    { "data": 1000010, "lvl": 9, "x": 24, "y": 36, "l1x": 24, "l1y": 36 },
    { "data": 1000010, "lvl": 10, "x": 15, "y": 16, "l1x": 14, "l1y": 23 },
    { "data": 1000010, "lvl": 10, "x": 16, "y": 15, "l1x": 22, "l1y": 16 },
    { "data": 1000002, "lvl": 10, "x": 3, "y": 28, "res_time": 158112, "l1x": 3, "l1y": 28 },
    { "data": 1000004, "lvl": 10, "x": 24, "y": 39, "res_time": 168885, "l1x": 24, "l1y": 39 },
    {
      "data": 1000000,
      "lvl": 7,
      "x": 3,
      "y": 32,
      "units": [[4000006, 11], [4000000, 1]],
      "storage_type": 0,
      "l1x": 3,
      "l1y": 33
    }, { "data": 1000010, "lvl": 9, "x": 23, "y": 36, "l1x": 23, "l1y": 36 },
    { "data": 1000010, "lvl": 9, "x": 22, "y": 36, "l1x": 22, "l1y": 36 },
    { "data": 1000010, "lvl": 9, "x": 21, "y": 36, "l1x": 21, "l1y": 36 },
    { "data": 1000010, "lvl": 9, "x": 20, "y": 36, "l1x": 20, "l1y": 36 },
    { "data": 1000010, "lvl": 9, "x": 19, "y": 36, "l1x": 19, "l1y": 36 },
    { "data": 1000010, "lvl": 9, "x": 18, "y": 36, "l1x": 18, "l1y": 36 },
    { "data": 1000010, "lvl": 9, "x": 17, "y": 36, "l1x": 17, "l1y": 36 },
    { "data": 1000010, "lvl": 10, "x": 16, "y": 14, "l1x": 22, "l1y": 15 },
    { "data": 1000010, "lvl": 10, "x": 16, "y": 11, "l1x": 22, "l1y": 14 },
    { "data": 1000010, "lvl": 9, "x": 16, "y": 36, "l1x": 16, "l1y": 36 },
    { "data": 1000010, "lvl": 10, "x": 16, "y": 7, "l1x": 16, "l1y": 7 },
    { "data": 1000010, "lvl": 9, "x": 15, "y": 36, "l1x": 15, "l1y": 36 },
    { "data": 1000010, "lvl": 9, "x": 11, "y": 10, "l1x": 11, "l1y": 10 },
    { "data": 1000010, "lvl": 9, "x": 14, "y": 36, "l1x": 14, "l1y": 36 },
    { "data": 1000010, "lvl": 10, "x": 36, "y": 35, "l1x": 36, "l1y": 35 },
    { "data": 1000010, "lvl": 10, "x": 36, "y": 34, "l1x": 36, "l1y": 34 },
    { "data": 1000005, "lvl": 10, "x": 33, "y": 22, "l1x": 33, "l1y": 22 },
    { "data": 1000010, "lvl": 10, "x": 36, "y": 33, "l1x": 36, "l1y": 33 },
    { "data": 1000010, "lvl": 10, "x": 36, "y": 32, "l1x": 36, "l1y": 32 },
    { "data": 1000010, "lvl": 9, "x": 36, "y": 31, "l1x": 36, "l1y": 31 },
    { "data": 1000010, "lvl": 9, "x": 12, "y": 10, "l1x": 12, "l1y": 10 },
    { "data": 1000010, "lvl": 9, "x": 13, "y": 10, "l1x": 13, "l1y": 10 },
    { "data": 1000010, "lvl": 9, "x": 14, "y": 10, "l1x": 14, "l1y": 10 },
    { "data": 1000010, "lvl": 9, "x": 15, "y": 10, "l1x": 15, "l1y": 10 },
    { "data": 1000010, "lvl": 9, "x": 10, "y": 11, "l1x": 10, "l1y": 11 },
    { "data": 1000010, "lvl": 9, "x": 36, "y": 30, "l1x": 36, "l1y": 30 },
    { "data": 1000003, "lvl": 10, "x": 8, "y": 24, "l1x": 8, "l1y": 24 },
    { "data": 1000013, "lvl": 7, "x": 32, "y": 9, "l1x": 32, "l1y": 9 },
    { "data": 1000015, "lvl": 0, "x": 30, "y": 27, "l1x": 28, "l1y": 31 },
    { "data": 1000015, "lvl": 0, "x": 15, "y": 39, "l1x": 15, "l1y": 39 },
    { "data": 1000009, "lvl": 11, "x": 15, "y": 30, "l1x": 15, "l1y": 30 },
    { "data": 1000007, "lvl": 7, "x": 3, "y": 3, "l1x": 3, "l1y": 3 },
    { "data": 1000010, "lvl": 9, "x": 36, "y": 29, "l1x": 36, "l1y": 29 },
    { "data": 1000012, "lvl": 7, "x": 19, "y": 30, "l1x": 20, "l1y": 30 },
    { "data": 1000002, "lvl": 10, "x": 27, "y": 2, "res_time": 158115, "l1x": 27, "l1y": 2 },
    { "data": 1000004, "lvl": 10, "x": 39, "y": 19, "res_time": 168902, "l1x": 39, "l1y": 19 },
    { "data": 1000006, "lvl": 9, "x": 6, "y": 12, "unit_prod": { "unit_type": 0 }, "l1x": 6, "l1y": 12 },
    { "data": 1000002, "lvl": 10, "x": 22, "y": 2, "res_time": 158114, "l1x": 22, "l1y": 2 },
    { "data": 1000004, "lvl": 10, "x": 39, "y": 24, "res_time": 168892, "l1x": 39, "l1y": 24 },
    {
      "data": 1000000,
      "lvl": 7,
      "x": 36,
      "y": 8,
      "units": [[4000000, 7], [4000006, 1], [4000013, 2]],
      "storage_type": 0,
      "l1x": 36,
      "l1y": 8
    }, { "data": 1000008, "lvl": 11, "x": 33, "y": 27, "l1x": 32, "l1y": 27 },
    { "data": 1000009, "lvl": 11, "x": 30, "y": 15, "l1x": 30, "l1y": 15 },
    { "data": 1000011, "lvl": 7, "x": 11, "y": 24, "l1x": 11, "l1y": 24 },
    { "data": 1000010, "lvl": 9, "x": 10, "y": 12, "l1x": 10, "l1y": 12 },
    { "data": 1000010, "lvl": 9, "x": 10, "y": 13, "l1x": 10, "l1y": 13 },
    { "data": 1000010, "lvl": 9, "x": 36, "y": 28, "l1x": 36, "l1y": 28 },
    { "data": 1000010, "lvl": 9, "x": 10, "y": 14, "l1x": 10, "l1y": 14 },
    { "data": 1000010, "lvl": 9, "x": 10, "y": 15, "l1x": 10, "l1y": 15 },
    { "data": 1000010, "lvl": 9, "x": 36, "y": 27, "l1x": 36, "l1y": 27 },
    { "data": 1000010, "lvl": 9, "x": 36, "y": 26, "l1x": 36, "l1y": 26 },
    { "data": 1000010, "lvl": 9, "x": 36, "y": 25, "l1x": 36, "l1y": 25 },
    { "data": 1000010, "lvl": 9, "x": 36, "y": 24, "l1x": 36, "l1y": 24 },
    { "data": 1000010, "lvl": 9, "x": 36, "y": 23, "l1x": 36, "l1y": 23 },
    { "data": 1000010, "lvl": 9, "x": 36, "y": 22, "l1x": 36, "l1y": 22 },
    { "data": 1000010, "lvl": 9, "x": 36, "y": 21, "l1x": 36, "l1y": 21 },
    { "data": 1000010, "lvl": 9, "x": 36, "y": 20, "l1x": 36, "l1y": 20 },
    { "data": 1000010, "lvl": 9, "x": 15, "y": 12, "l1x": 15, "l1y": 12 },
    { "data": 1000010, "lvl": 9, "x": 14, "y": 12, "l1x": 14, "l1y": 12 },
    { "data": 1000010, "lvl": 9, "x": 36, "y": 19, "l1x": 36, "l1y": 19 },
    { "data": 1000010, "lvl": 9, "x": 13, "y": 12, "l1x": 13, "l1y": 12 },
    { "data": 1000010, "lvl": 9, "x": 36, "y": 18, "l1x": 36, "l1y": 18 },
    { "data": 1000010, "lvl": 9, "x": 36, "y": 17, "l1x": 36, "l1y": 17 },
    { "data": 1000010, "lvl": 9, "x": 36, "y": 16, "l1x": 36, "l1y": 16 },
    { "data": 1000010, "lvl": 9, "x": 14, "y": 35, "l1x": 14, "l1y": 35 },
    { "data": 1000010, "lvl": 9, "x": 12, "y": 12, "l1x": 12, "l1y": 12 },
    { "data": 1000010, "lvl": 9, "x": 14, "y": 34, "l1x": 14, "l1y": 34 },
    { "data": 1000010, "lvl": 9, "x": 14, "y": 33, "l1x": 14, "l1y": 33 },
    { "data": 1000010, "lvl": 9, "x": 14, "y": 32, "l1x": 14, "l1y": 32 },
    { "data": 1000010, "lvl": 9, "x": 14, "y": 31, "l1x": 14, "l1y": 31 },
    { "data": 1000010, "lvl": 10, "x": 7, "y": 23, "l1x": 7, "l1y": 23 },
    { "data": 1000010, "lvl": 9, "x": 13, "y": 30, "l1x": 13, "l1y": 30 },
    { "data": 1000010, "lvl": 9, "x": 12, "y": 30, "l1x": 12, "l1y": 30 },
    { "data": 1000010, "lvl": 9, "x": 12, "y": 13, "l1x": 12, "l1y": 13 },
    { "data": 1000010, "lvl": 9, "x": 11, "y": 30, "l1x": 11, "l1y": 30 },
    { "data": 1000010, "lvl": 9, "x": 10, "y": 30, "l1x": 10, "l1y": 30 },
    { "data": 1000010, "lvl": 9, "x": 12, "y": 14, "l1x": 12, "l1y": 14 },
    { "data": 1000010, "lvl": 9, "x": 9, "y": 30, "l1x": 9, "l1y": 30 },
    { "data": 1000010, "lvl": 10, "x": 8, "y": 30, "l1x": 8, "l1y": 30 },
    { "data": 1000010, "lvl": 10, "x": 12, "y": 16, "l1x": 10, "l1y": 16 },
    { "data": 1000010, "lvl": 9, "x": 12, "y": 15, "l1x": 12, "l1y": 15 },
    { "data": 1000010, "lvl": 10, "x": 8, "y": 16, "l1x": 8, "l1y": 16 },
    { "data": 1000010, "lvl": 10, "x": 9, "y": 16, "l1x": 9, "l1y": 16 },
    { "data": 1000010, "lvl": 10, "x": 7, "y": 24, "l1x": 7, "l1y": 24 },
    { "data": 1000010, "lvl": 10, "x": 16, "y": 22, "l1x": 11, "l1y": 16 },
    { "data": 1000010, "lvl": 10, "x": 7, "y": 25, "l1x": 7, "l1y": 25 },
    { "data": 1000010, "lvl": 10, "x": 10, "y": 16, "l1x": 12, "l1y": 16 },
    { "data": 1000010, "lvl": 10, "x": 14, "y": 23, "l1x": 14, "l1y": 16 },
    { "data": 1000010, "lvl": 10, "x": 13, "y": 16, "l1x": 13, "l1y": 16 },
    { "data": 1000010, "lvl": 10, "x": 7, "y": 26, "l1x": 7, "l1y": 26 },
    { "data": 1000010, "lvl": 10, "x": 16, "y": 8, "l1x": 16, "l1y": 8 },
    { "data": 1000010, "lvl": 10, "x": 16, "y": 9, "l1x": 16, "l1y": 9 },
    { "data": 1000010, "lvl": 10, "x": 7, "y": 30, "l1x": 7, "l1y": 30 },
    {
      "data": 1000020,
      "lvl": 4,
      "x": 39,
      "y": 39,
      "units": [[26000000, 1], [26000002, 2], [26000005, 2]],
      "storage_type": 1,
      "unit_prod": { "unit_type": 1 },
      "l1x": 39,
      "l1y": 39
    }, { "data": 1000011, "lvl": 7, "x": 24, "y": 11, "l1x": 24, "l1y": 11 },
    { "data": 1000013, "lvl": 7, "x": 9, "y": 32, "l1x": 9, "l1y": 32 },
    { "data": 1000010, "lvl": 10, "x": 17, "y": 14, "l1x": 16, "l1y": 14 },
    { "data": 1000010, "lvl": 10, "x": 16, "y": 12, "l1x": 16, "l1y": 10 },
    { "data": 1000010, "lvl": 10, "x": 22, "y": 15, "l1x": 16, "l1y": 11 },
    { "data": 1000010, "lvl": 10, "x": 7, "y": 29, "l1x": 7, "l1y": 29 },
    { "data": 1000010, "lvl": 10, "x": 16, "y": 10, "l1x": 16, "l1y": 12 },
    { "data": 1000010, "lvl": 10, "x": 10, "y": 10, "l1x": 10, "l1y": 10 },
    { "data": 1000010, "lvl": 10, "x": 16, "y": 16, "l1x": 16, "l1y": 16 },
    { "data": 1000010, "lvl": 9, "x": 36, "y": 15, "l1x": 36, "l1y": 15 },
    { "data": 1000010, "lvl": 10, "x": 22, "y": 16, "l1x": 16, "l1y": 13 },
    { "data": 1000010, "lvl": 9, "x": 36, "y": 14, "l1x": 36, "l1y": 14 },
    { "data": 1000010, "lvl": 9, "x": 35, "y": 14, "l1x": 35, "l1y": 14 },
    { "data": 1000010, "lvl": 10, "x": 7, "y": 28, "l1x": 7, "l1y": 28 },
    { "data": 1000010, "lvl": 9, "x": 34, "y": 14, "l1x": 34, "l1y": 14 },
    { "data": 1000010, "lvl": 10, "x": 19, "y": 19, "l1x": 15, "l1y": 16 },
    { "data": 1000010, "lvl": 10, "x": 23, "y": 14, "l1x": 16, "l1y": 15 },
    { "data": 1000010, "lvl": 9, "x": 15, "y": 29, "l1x": 15, "l1y": 29 },
    { "data": 1000010, "lvl": 9, "x": 33, "y": 14, "l1x": 33, "l1y": 14 },
    { "data": 1000010, "lvl": 9, "x": 32, "y": 14, "l1x": 32, "l1y": 14 },
    { "data": 1000010, "lvl": 9, "x": 31, "y": 14, "l1x": 31, "l1y": 14 },
    { "data": 1000010, "lvl": 9, "x": 30, "y": 13, "l1x": 30, "l1y": 13 },
    { "data": 1000010, "lvl": 9, "x": 30, "y": 12, "l1x": 30, "l1y": 12 },
    { "data": 1000010, "lvl": 9, "x": 16, "y": 29, "l1x": 16, "l1y": 29 },
    { "data": 1000010, "lvl": 9, "x": 30, "y": 11, "l1x": 30, "l1y": 11 },
    { "data": 1000010, "lvl": 9, "x": 30, "y": 10, "l1x": 30, "l1y": 10 },
    { "data": 1000010, "lvl": 10, "x": 30, "y": 9, "l1x": 30, "l1y": 9 },
    { "data": 1000002, "lvl": 10, "x": 3, "y": 9, "res_time": 161991, "l1x": 3, "l1y": 9 },
    { "data": 1000004, "lvl": 10, "x": 17, "y": 2, "res_time": 158114, "l1x": 17, "l1y": 2 },
    {
      "data": 1000000,
      "lvl": 7,
      "x": 32,
      "y": 3,
      "units": [[4000013, 1], [4000006, 5], [4000000, 10]],
      "storage_type": 0,
      "l1x": 32,
      "l1y": 3
    }, { "data": 1000008, "lvl": 11, "x": 33, "y": 19, "l1x": 33, "l1y": 19 },
    { "data": 1000008, "lvl": 11, "x": 8, "y": 27, "l1x": 8, "l1y": 27 },
    { "data": 1000009, "lvl": 11, "x": 11, "y": 27, "l1x": 11, "l1y": 27 },
    { "data": 1000013, "lvl": 7, "x": 7, "y": 7, "l1x": 7, "l1y": 7 },
    { "data": 1000006, "lvl": 9, "x": 12, "y": 5, "unit_prod": { "unit_type": 0 }, "l1x": 12, "l1y": 5 },
    { "data": 1000010, "lvl": 10, "x": 30, "y": 8, "l1x": 30, "l1y": 8 },
    { "data": 1000010, "lvl": 10, "x": 27, "y": 26, "l1x": 27, "l1y": 26 },
    { "data": 1000010, "lvl": 10, "x": 27, "y": 27, "l1x": 27, "l1y": 27 },
    { "data": 1000010, "lvl": 9, "x": 17, "y": 29, "l1x": 17, "l1y": 29 },
    { "data": 1000010, "lvl": 10, "x": 26, "y": 27, "l1x": 26, "l1y": 27 },
    { "data": 1000010, "lvl": 10, "x": 25, "y": 28, "l1x": 25, "l1y": 28 },
    { "data": 1000010, "lvl": 10, "x": 25, "y": 29, "l1x": 25, "l1y": 29 },
    { "data": 1000010, "lvl": 10, "x": 30, "y": 14, "l1x": 30, "l1y": 14 },
    { "data": 1000010, "lvl": 9, "x": 14, "y": 29, "l1x": 14, "l1y": 29 },
    { "data": 1000010, "lvl": 10, "x": 24, "y": 24, "l1x": 24, "l1y": 24 },
    { "data": 1000010, "lvl": 10, "x": 25, "y": 7, "l1x": 25, "l1y": 7 },
    { "data": 1000010, "lvl": 9, "x": 14, "y": 28, "l1x": 14, "l1y": 28 },
    { "data": 1000010, "lvl": 9, "x": 14, "y": 27, "l1x": 14, "l1y": 27 },
    { "data": 1000010, "lvl": 9, "x": 14, "y": 26, "l1x": 14, "l1y": 26 },
    { "data": 1000010, "lvl": 9, "x": 14, "y": 25, "l1x": 14, "l1y": 25 },
    { "data": 1000010, "lvl": 9, "x": 14, "y": 24, "l1x": 14, "l1y": 24 },
    { "data": 1000010, "lvl": 10, "x": 7, "y": 18, "l1x": 7, "l1y": 18 },
    { "data": 1000010, "lvl": 10, "x": 28, "y": 25, "l1x": 28, "l1y": 25 },
    { "data": 1000010, "lvl": 10, "x": 23, "y": 7, "l1x": 23, "l1y": 7 },
    { "data": 1000010, "lvl": 9, "x": 23, "y": 8, "l1x": 23, "l1y": 8 },
    { "data": 1000010, "lvl": 9, "x": 23, "y": 9, "l1x": 23, "l1y": 9 },
    { "data": 1000010, "lvl": 9, "x": 23, "y": 10, "l1x": 23, "l1y": 10 },
    { "data": 1000010, "lvl": 9, "x": 23, "y": 11, "l1x": 23, "l1y": 11 },
    { "data": 1000010, "lvl": 9, "x": 23, "y": 12, "l1x": 23, "l1y": 12 },
    { "data": 1000010, "lvl": 10, "x": 16, "y": 13, "l1x": 23, "l1y": 14 },
    { "data": 1000024, "lvl": 5, "x": 28, "y": 29, "l1x": 28, "l1y": 28 },
    { "data": 1000003, "lvl": 10, "x": 24, "y": 8, "l1x": 24, "l1y": 8 },
    { "data": 1000005, "lvl": 10, "x": 8, "y": 20, "l1x": 8, "l1y": 20 },
    { "data": 1000009, "lvl": 11, "x": 27, "y": 11, "l1x": 27, "l1y": 11 },
    { "data": 1000011, "lvl": 7, "x": 26, "y": 17, "l1x": 17, "l1y": 26 },
    { "data": 1000010, "lvl": 10, "x": 7, "y": 19, "l1x": 7, "l1y": 19 },
    { "data": 1000010, "lvl": 10, "x": 14, "y": 30, "l1x": 14, "l1y": 30 },
    { "data": 1000010, "lvl": 9, "x": 8, "y": 23, "l1x": 8, "l1y": 23 },
    { "data": 1000010, "lvl": 9, "x": 9, "y": 23, "l1x": 9, "l1y": 23 },
    { "data": 1000010, "lvl": 9, "x": 10, "y": 23, "l1x": 10, "l1y": 23 },
    { "data": 1000010, "lvl": 10, "x": 7, "y": 17, "l1x": 7, "l1y": 17 },
    { "data": 1000010, "lvl": 9, "x": 14, "y": 21, "l1x": 14, "l1y": 21 },
    { "data": 1000010, "lvl": 9, "x": 14, "y": 20, "l1x": 14, "l1y": 20 },
    { "data": 1000010, "lvl": 9, "x": 14, "y": 19, "l1x": 14, "l1y": 19 },
    { "data": 1000010, "lvl": 10, "x": 14, "y": 18, "l1x": 14, "l1y": 18 },
    { "data": 1000010, "lvl": 10, "x": 16, "y": 20, "l1x": 16, "l1y": 20 },
    { "data": 1000010, "lvl": 9, "x": 29, "y": 15, "l1x": 29, "l1y": 15 },
    { "data": 1000010, "lvl": 10, "x": 7, "y": 22, "l1x": 7, "l1y": 22 },
    { "data": 1000010, "lvl": 10, "x": 18, "y": 7, "l1x": 18, "l1y": 7 },
    { "data": 1000010, "lvl": 9, "x": 29, "y": 16, "l1x": 29, "l1y": 16 },
    { "data": 1000010, "lvl": 9, "x": 29, "y": 14, "l1x": 29, "l1y": 14 },
    { "data": 1000010, "lvl": 10, "x": 17, "y": 7, "l1x": 17, "l1y": 7 },
    { "data": 1000010, "lvl": 10, "x": 20, "y": 16, "l1x": 20, "l1y": 16 },
    { "data": 1000010, "lvl": 10, "x": 7, "y": 21, "l1x": 7, "l1y": 21 },
    { "data": 1000010, "lvl": 10, "x": 14, "y": 22, "l1x": 14, "l1y": 22 },
    { "data": 1000010, "lvl": 9, "x": 13, "y": 23, "l1x": 13, "l1y": 23 },
    { "data": 1000010, "lvl": 10, "x": 16, "y": 18, "l1x": 16, "l1y": 18 },
    { "data": 1000010, "lvl": 10, "x": 16, "y": 17, "l1x": 16, "l1y": 17 },
    { "data": 1000010, "lvl": 10, "x": 7, "y": 27, "l1x": 7, "l1y": 27 },
    { "data": 1000010, "lvl": 10, "x": 17, "y": 16, "l1x": 17, "l1y": 16 },
    { "data": 1000010, "lvl": 10, "x": 18, "y": 16, "l1x": 18, "l1y": 16 },
    { "data": 1000010, "lvl": 10, "x": 19, "y": 16, "l1x": 19, "l1y": 16 },
    { "data": 1000010, "lvl": 10, "x": 19, "y": 17, "l1x": 19, "l1y": 17 },
    { "data": 1000010, "lvl": 10, "x": 19, "y": 18, "l1x": 19, "l1y": 18 },
    { "data": 1000010, "lvl": 10, "x": 24, "y": 25, "l1x": 24, "l1y": 25 },
    { "data": 1000010, "lvl": 10, "x": 24, "y": 26, "l1x": 24, "l1y": 26 },
    { "data": 1000010, "lvl": 10, "x": 24, "y": 27, "l1x": 24, "l1y": 27 },
    { "data": 1000010, "lvl": 10, "x": 29, "y": 25, "l1x": 29, "l1y": 25 },
    { "data": 1000010, "lvl": 9, "x": 23, "y": 13, "l1x": 23, "l1y": 13 },
    { "data": 1000010, "lvl": 10, "x": 7, "y": 20, "l1x": 7, "l1y": 20 },
    { "data": 1000010, "lvl": 9, "x": 11, "y": 23, "l1x": 11, "l1y": 23 },
    { "data": 1000010, "lvl": 9, "x": 28, "y": 14, "l1x": 28, "l1y": 14 },
    { "data": 1000010, "lvl": 9, "x": 27, "y": 14, "l1x": 27, "l1y": 14 },
    { "data": 1000010, "lvl": 9, "x": 26, "y": 14, "l1x": 26, "l1y": 14 },
    { "data": 1000012, "lvl": 7, "x": 30, "y": 19, "l1x": 30, "l1y": 20 },
    { "data": 1000010, "lvl": 9, "x": 25, "y": 14, "l1x": 25, "l1y": 14 },
    { "data": 1000010, "lvl": 9, "x": 24, "y": 14, "l1x": 24, "l1y": 14 },
    { "data": 1000010, "lvl": 10, "x": 20, "y": 7, "l1x": 20, "l1y": 7 },
    { "data": 1000010, "lvl": 10, "x": 19, "y": 7, "l1x": 19, "l1y": 7 },
    { "data": 1000010, "lvl": 9, "x": 12, "y": 23, "l1x": 12, "l1y": 23 },
    { "data": 1000010, "lvl": 10, "x": 27, "y": 24, "l1x": 27, "l1y": 24 },
    { "data": 1000010, "lvl": 10, "x": 26, "y": 24, "l1x": 26, "l1y": 24 },
    { "data": 1000010, "lvl": 9, "x": 21, "y": 14, "l1x": 21, "l1y": 14 },
    { "data": 1000010, "lvl": 9, "x": 20, "y": 14, "l1x": 20, "l1y": 14 },
    { "data": 1000010, "lvl": 9, "x": 19, "y": 14, "l1x": 19, "l1y": 14 },
    { "data": 1000010, "lvl": 10, "x": 25, "y": 24, "l1x": 25, "l1y": 24 },
    { "data": 1000003, "lvl": 10, "x": 11, "y": 17, "l1x": 11, "l1y": 17 },
    { "data": 1000005, "lvl": 10, "x": 20, "y": 8, "l1x": 20, "l1y": 8 },
    { "data": 1000009, "lvl": 11, "x": 8, "y": 17, "l1x": 8, "l1y": 17 },
    { "data": 1000012, "lvl": 7, "x": 11, "y": 20, "l1x": 11, "l1y": 20 },
    {
      "data": 1000021,
      "lvl": 3,
      "x": 16,
      "y": 23,
      "attack_mode": false,
      "attack_mode_war": false,
      "ammo": 1500,
      "l1x": 16,
      "l1y": 23
    }, {
      "data": 1000021,
      "lvl": 3,
      "x": 13,
      "y": 13,
      "attack_mode": true,
      "attack_mode_war": false,
      "ammo": 1500,
      "l1x": 23,
      "l1y": 16
    }, { "data": 1000010, "lvl": 10, "x": 23, "y": 24, "l1x": 23, "l1y": 24 },
    { "data": 1000010, "lvl": 10, "x": 22, "y": 24, "l1x": 22, "l1y": 24 },
    { "data": 1000010, "lvl": 10, "x": 21, "y": 24, "l1x": 21, "l1y": 24 },
    { "data": 1000010, "lvl": 10, "x": 18, "y": 14, "l1x": 18, "l1y": 14 },
    { "data": 1000010, "lvl": 10, "x": 14, "y": 17, "l1x": 14, "l1y": 17 },
    { "data": 1000010, "lvl": 10, "x": 22, "y": 14, "l1x": 17, "l1y": 14 },
    { "data": 1000019, "lvl": 6, "x": 37, "y": 35, "l1x": 37, "l1y": 35 },
    { "data": 1000022, "lvl": 0, "x": 21, "y": 25, "l1x": 21, "l1y": 25 },
    { "data": 1000010, "lvl": 9, "x": 18, "y": 29, "l1x": 18, "l1y": 29 },
    { "data": 1000010, "lvl": 9, "x": 19, "y": 29, "l1x": 19, "l1y": 29 },
    { "data": 1000010, "lvl": 9, "x": 20, "y": 29, "l1x": 20, "l1y": 29 },
    { "data": 1000010, "lvl": 10, "x": 20, "y": 24, "l1x": 20, "l1y": 24 },
    { "data": 1000010, "lvl": 10, "x": 19, "y": 24, "l1x": 19, "l1y": 24 },
    { "data": 1000010, "lvl": 10, "x": 19, "y": 23, "l1x": 19, "l1y": 23 },
    { "data": 1000010, "lvl": 10, "x": 19, "y": 22, "l1x": 19, "l1y": 22 },
    { "data": 1000010, "lvl": 9, "x": 29, "y": 24, "l1x": 19, "l1y": 21 },
    { "data": 1000010, "lvl": 9, "x": 21, "y": 29, "l1x": 21, "l1y": 29 },
    { "data": 1000010, "lvl": 9, "x": 22, "y": 29, "l1x": 22, "l1y": 29 },
    { "data": 1000010, "lvl": 10, "x": 19, "y": 20, "l1x": 19, "l1y": 20 },
    { "data": 1000010, "lvl": 9, "x": 23, "y": 29, "l1x": 23, "l1y": 29 },
    { "data": 1000010, "lvl": 10, "x": 16, "y": 19, "l1x": 16, "l1y": 19 },
    { "data": 1000010, "lvl": 10, "x": 19, "y": 21, "l1x": 24, "l1y": 29 },
    { "data": 1000010, "lvl": 10, "x": 17, "y": 19, "l1x": 17, "l1y": 19 },
    { "data": 1000010, "lvl": 10, "x": 26, "y": 7, "l1x": 26, "l1y": 7 },
    { "data": 1000010, "lvl": 10, "x": 18, "y": 19, "l1x": 18, "l1y": 19 },
    { "data": 1000010, "lvl": 10, "x": 7, "y": 16, "l1x": 7, "l1y": 16 },
    { "data": 1000010, "lvl": 10, "x": 27, "y": 7, "l1x": 27, "l1y": 7 },
    { "data": 1000019, "lvl": 6, "x": 35, "y": 37, "l1x": 35, "l1y": 37 },
    { "data": 1000019, "lvl": 6, "x": 20, "y": 5, "l1x": 20, "l1y": 5 },
    { "data": 1000019, "lvl": 6, "x": 5, "y": 20, "l1x": 5, "l1y": 20 },
    { "data": 1000015, "lvl": 0, "x": 39, "y": 16, "l1x": 39, "l1y": 16 },
    { "data": 1000026, "lvl": 4, "x": 39, "y": 34, "unit_prod": { "unit_type": 0 }, "l1x": 39, "l1y": 34 },
    { "data": 1000025, "lvl": 0, "x": 25, "y": 21, "l1x": 25, "l1y": 21 },
    { "data": 1000023, "lvl": 5, "x": 30, "y": 33, "res_time": 52069, "l1x": 30, "l1y": 33 },
    { "data": 1000010, "lvl": 10, "x": 20, "y": 19, "l1x": 20, "l1y": 19 },
    { "data": 1000010, "lvl": 9, "x": 24, "y": 29, "l1x": 21, "l1y": 19 },
    { "data": 1000010, "lvl": 10, "x": 22, "y": 19, "l1x": 22, "l1y": 19 },
    { "data": 1000010, "lvl": 9, "x": 29, "y": 17, "l1x": 29, "l1y": 17 },
    { "data": 1000010, "lvl": 9, "x": 29, "y": 18, "l1x": 29, "l1y": 18 },
    { "data": 1000010, "lvl": 9, "x": 29, "y": 19, "l1x": 29, "l1y": 19 },
    { "data": 1000010, "lvl": 10, "x": 23, "y": 19, "l1x": 23, "l1y": 19 },
    { "data": 1000010, "lvl": 10, "x": 24, "y": 19, "l1x": 24, "l1y": 19 },
    { "data": 1000010, "lvl": 10, "x": 24, "y": 20, "l1x": 24, "l1y": 20 },
    { "data": 1000010, "lvl": 9, "x": 29, "y": 20, "l1x": 29, "l1y": 20 },
    { "data": 1000010, "lvl": 10, "x": 24, "y": 21, "l1x": 24, "l1y": 21 },
    { "data": 1000010, "lvl": 10, "x": 24, "y": 22, "l1x": 24, "l1y": 22 },
    { "data": 1000010, "lvl": 10, "x": 24, "y": 23, "l1x": 24, "l1y": 23 },
    { "data": 1000010, "lvl": 10, "x": 24, "y": 7, "l1x": 24, "l1y": 7 },
    { "data": 1000010, "lvl": 9, "x": 29, "y": 21, "l1x": 29, "l1y": 21 },
    { "data": 1000010, "lvl": 9, "x": 29, "y": 22, "l1x": 29, "l1y": 22 },
    { "data": 1000010, "lvl": 9, "x": 29, "y": 23, "l1x": 29, "l1y": 23 },
    { "data": 1000010, "lvl": 10, "x": 21, "y": 19, "l1x": 29, "l1y": 24 },
    { "data": 1000010, "lvl": 10, "x": 21, "y": 7, "l1x": 21, "l1y": 7 },
    { "data": 1000010, "lvl": 10, "x": 22, "y": 7, "l1x": 22, "l1y": 7 },
    { "data": 1000010, "lvl": 10, "x": 27, "y": 25, "l1x": 27, "l1y": 25 },
    { "data": 1000010, "lvl": 10, "x": 30, "y": 7, "l1x": 30, "l1y": 7 },
    { "data": 1000010, "lvl": 10, "x": 29, "y": 7, "l1x": 29, "l1y": 7 },
    { "data": 1000010, "lvl": 10, "x": 28, "y": 7, "l1x": 28, "l1y": 7 },
    { "data": 1000010, "lvl": 10, "x": 25, "y": 27, "l1x": 25, "l1y": 27 },
    { "data": 1000011, "lvl": 7, "x": 17, "y": 26, "l1x": 26, "l1y": 17 },
    { "data": 1000012, "lvl": 7, "x": 20, "y": 11, "l1x": 20, "l1y": 11 },
    { "data": 1000008, "lvl": 11, "x": 27, "y": 8, "l1x": 27, "l1y": 8 },
    { "data": 1000009, "lvl": 11, "x": 17, "y": 8, "l1x": 17, "l1y": 8 },
    {
      "data": 1000027,
      "lvl": 2,
      "x": 17,
      "y": 17,
      "attack_mode": false,
      "attack_mode_war": false,
      "ammo": 750,
      "l1x": 17,
      "l1y": 17
    }, {
      "data": 1000027,
      "lvl": 2,
      "x": 25,
      "y": 25,
      "attack_mode": true,
      "attack_mode_war": true,
      "ammo": 750,
      "l1x": 25,
      "l1y": 25
    }, {
      "data": 1000021,
      "lvl": 3,
      "x": 23,
      "y": 16,
      "attack_mode": false,
      "attack_mode_war": true,
      "ammo": 1500,
      "l1x": 13,
      "l1y": 13
    }, { "data": 1000002, "lvl": 10, "x": 9, "y": 2, "res_time": 158113, "l1x": 9, "l1y": 3 },
    { "data": 1000004, "lvl": 10, "x": 17, "y": 11, "res_time": 158114, "l1x": 17, "l1y": 11 },
    { "data": 1000023, "lvl": 5, "x": 15, "y": 33, "res_time": 52076, "l1x": 15, "l1y": 33 },
    { "data": 1000023, "lvl": 5, "x": 33, "y": 15, "res_time": 52078, "l1x": 33, "l1y": 15 },
    { "data": 1000026, "lvl": 4, "x": 34, "y": 39, "unit_prod": { "unit_type": 0 }, "l1x": 34, "l1y": 39 }
  ],
  "obstacles": [
  { "data": 8000028, "x": 30, "y": 1, "l1x": -1, "l1y": -1, "loot_multiply_ver": 1 },
  { "data": 8000013, "x": 0, "y": 0, "l1x": -1, "l1y": -1, "loot_multiply_ver": 2 },
  { "data": 8000030, "x": 0, "y": 29, "l1x": -1, "l1y": -1, "loot_multiply_ver": 2 }
  ],
  "traps": [
  { "data": 12000006, "lvl": 2, "x": 25, "y": 35, "l1x": 22, "l1y": 18 },
  { "data": 12000006, "lvl": 2, "x": 23, "y": 28, "l1x": 18, "l1y": 22 },
  { "data": 12000006, "lvl": 2, "x": 15, "y": 28, "l1x": 15, "l1y": 28 },
  { "data": 12000005, "lvl": 3, "x": 28, "y": 24, "l1x": 28, "l1y": 24 },
  { "data": 12000002, "lvl": 3, "x": 21, "y": 17, "l1x": 23, "l1y": 5 },
  { "data": 12000006, "lvl": 2, "x": 11, "y": 12, "l1x": 11, "l1y": 12 },
  { "data": 12000006, "lvl": 2, "x": 35, "y": 18, "l1x": 27, "l1y": 15 },
  { "data": 12000005, "lvl": 3, "x": 25, "y": 15, "l1x": 25, "l1y": 15 },
  { "data": 12000005, "lvl": 3, "x": 15, "y": 26, "l1x": 15, "l1y": 26 },
  { "data": 12000005, "lvl": 3, "x": 19, "y": 15, "l1x": 19, "l1y": 15 },
  { "data": 12000005, "lvl": 3, "x": 15, "y": 19, "l1x": 15, "l1y": 19 },
  { "data": 12000002, "lvl": 3, "x": 17, "y": 21, "l1x": 30, "l1y": 18 },
  { "data": 12000001, "lvl": 0, "x": 28, "y": 28, "l1x": 30, "l1y": 32 },
  { "data": 12000001, "lvl": 0, "x": 11, "y": 11, "l1x": 11, "l1y": 11 },
  { "data": 12000001, "lvl": 0, "x": 20, "y": 15, "l1x": 20, "l1y": 15 },
  { "data": 12000000, "lvl": 4, "x": 27, "y": 20, "l1x": 17, "l1y": 20 },
  { "data": 12000000, "lvl": 4, "x": 15, "y": 23, "l1x": 21, "l1y": 17 },
  { "data": 12000000, "lvl": 4, "x": 15, "y": 27, "l1x": 20, "l1y": 17 },
  { "data": 12000002, "lvl": 3, "x": 33, "y": 25, "l1x": 28, "l1y": 26 },
  { "data": 12000002, "lvl": 3, "x": 28, "y": 26, "l1x": 37, "l1y": 22 },
  { "data": 12000002, "lvl": 3, "x": 26, "y": 28, "l1x": 26, "l1y": 28 },
  { "data": 12000000, "lvl": 4, "x": 20, "y": 28, "l1x": 17, "l1y": 21 },
  { "data": 12000000, "lvl": 4, "x": 23, "y": 15, "l1x": 19, "l1y": 25 },
  { "data": 12000000, "lvl": 4, "x": 28, "y": 20, "l1x": 25, "l1y": 20 },
  { "data": 12000001, "lvl": 0, "x": 18, "y": 30, "l1x": 18, "l1y": 30 },
  { "data": 12000001, "lvl": 0, "x": 15, "y": 24, "l1x": 15, "l1y": 24 },
  { "data": 12000001, "lvl": 0, "x": 15, "y": 17, "l1x": 15, "l1y": 17 }
  ],
  "decos": [],
  "respawnVars": {
    "secondsFromLastRespawn": 12674,
    "respawnSeed": 1021967760,
    "obstacleClearCounter": 5,
    "time_to_gembox_drop": 207822,
    "time_in_gembox_period": 522000
  },
  "cooldowns": [{ "cooldown": 340428, "target": 20000000 }, { "cooldown": 8432954, "target": 20000001 }],
  "newShopBuildings": [4, 0, 7, 4, 7, 4, 4, 1, 6, 7, 250, 4, 4, 3, 1, 5, 0, 0, 0, 4, 1, 3, 1, 3, 1, 1, 2, 2],
  "newShopTraps": [6, 6, 5, 0, 0, 5, 5, 0],
  "newShopDecos": [
    1, 4, 0, 1, 1, 4, 4, 1, 1, 1, 1, 1, 1, 1, 1, 1, 1, 1, 1, 1, 1, 1, 1, 1, 1, 1, 1, 1, 1, 1, 1, 1, 1, 1, 1, 1, 1
  ],
  "last_league_rank": 16,
  "last_league_shuffle": 1,
  "last_news_seen": 50,
  "edit_mode_shown": true,
  "troop_req_msg": "2 Witchs 2 wiz 3 barbs",
  "war_req_msg": "1 Witch 2 Valk 1 Wiz and barbs",
  "war_tutorials_seen": 0,
  "war_base": true
}