{
  "buildings": [
    { "data": 1000001, "lvl": 9, "x": 22, "y": 22, "l1x": 22, "l1y": 22 },
    { "data": 1000004, "lvl": 10, "x": 19, "y": 4, "res_time": 179875, "l1x": 19, "l1y": 4 },
    {
      "data": 1000000,
      "lvl": 7,
      "x": 8,
      "y": 32,
      "units": [[4000000, 7], [4000001, 20], [4000005, 1]],
      "storage_type": 0,
      "l1x": 8,
      "l1y": 32
    }, { "data": 1000015, "lvl": 0, "x": 8, "y": 26, "l1x": 8, "l1y": 26 },
    { "data": 1000014, "lvl": 5, "x": 18, "y": 18, "l1x": 18, "l1y": 18 },
    { "data": 1000008, "lvl": 11, "x": 10, "y": 22, "l1x": 10, "l1y": 22 },
    { "data": 1000015, "lvl": 0, "x": 34, "y": 19, "l1x": 33, "l1y": 15 },
    { "data": 1000002, "lvl": 10, "x": 4, "y": 30, "res_time": 175039, "l1x": 4, "l1y": 30 },
    { "data": 1000003, "lvl": 10, "x": 14, "y": 18, "l1x": 14, "l1y": 18 },
    { "data": 1000005, "lvl": 10, "x": 29, "y": 14, "l1x": 29, "l1y": 14 },
    { "data": 1000006, "lvl": 9, "x": 4, "y": 25, "unit_prod": { "unit_type": 0 }, "l1x": 4, "l1y": 25 },
    { "data": 1000002, "lvl": 10, "x": 10, "y": 4, "res_time": 179874, "l1x": 10, "l1y": 4 },
    { "data": 1000008, "lvl": 11, "x": 21, "y": 10, "l1x": 21, "l1y": 10 },
    { "data": 1000006, "lvl": 9, "x": 4, "y": 20, "unit_prod": { "unit_type": 0 }, "l1x": 4, "l1y": 20 },
    { "data": 1000004, "lvl": 10, "x": 10, "y": 25, "res_time": 179872, "l1x": 10, "l1y": 25 },
    { "data": 1000002, "lvl": 10, "x": 28, "y": 39, "res_time": 175045, "l1x": 28, "l1y": 39 },
    { "data": 1000003, "lvl": 10, "x": 34, "y": 25, "l1x": 31, "l1y": 28 },
    { "data": 1000004, "lvl": 10, "x": 10, "y": 13, "res_time": 179874, "l1x": 10, "l1y": 13 },
    { "data": 1000005, "lvl": 10, "x": 14, "y": 29, "l1x": 14, "l1y": 29 },
    { "data": 1000000, "lvl": 7, "x": 31, "y": 8, "units": [[4000010, 8]], "storage_type": 0, "l1x": 31, "l1y": 8 },
    { "data": 1000010, "lvl": 8, "x": 30, "y": 8, "l1x": 30, "l1y": 8 },
    { "data": 1000010, "lvl": 8, "x": 29, "y": 18, "l1x": 29, "l1y": 18 },
    { "data": 1000010, "lvl": 8, "x": 29, "y": 19, "l1x": 29, "l1y": 19 },
    { "data": 1000009, "lvl": 11, "x": 10, "y": 16, "l1x": 10, "l1y": 16 },
    { "data": 1000010, "lvl": 8, "x": 29, "y": 20, "l1x": 29, "l1y": 20 },
    { "data": 1000010, "lvl": 8, "x": 8, "y": 31, "l1x": 8, "l1y": 31 },
    { "data": 1000010, "lvl": 8, "x": 9, "y": 31, "l1x": 9, "l1y": 31 },
    { "data": 1000010, "lvl": 8, "x": 7, "y": 31, "l1x": 7, "l1y": 31 },
    { "data": 1000010, "lvl": 8, "x": 10, "y": 31, "l1x": 10, "l1y": 31 },
    { "data": 1000010, "lvl": 8, "x": 30, "y": 7, "l1x": 30, "l1y": 7 },
    { "data": 1000010, "lvl": 8, "x": 29, "y": 7, "l1x": 29, "l1y": 7 },
    { "data": 1000010, "lvl": 8, "x": 28, "y": 7, "l1x": 28, "l1y": 7 },
    { "data": 1000010, "lvl": 8, "x": 11, "y": 31, "l1x": 11, "l1y": 31 },
    { "data": 1000010, "lvl": 8, "x": 12, "y": 31, "l1x": 12, "l1y": 31 },
    { "data": 1000010, "lvl": 8, "x": 30, "y": 9, "l1x": 30, "l1y": 9 },
    { "data": 1000010, "lvl": 8, "x": 30, "y": 10, "l1x": 30, "l1y": 10 },
    { "data": 1000010, "lvl": 8, "x": 27, "y": 7, "l1x": 27, "l1y": 7 },
    { "data": 1000010, "lvl": 8, "x": 26, "y": 7, "l1x": 26, "l1y": 7 },
    { "data": 1000010, "lvl": 8, "x": 30, "y": 11, "l1x": 30, "l1y": 11 },
    { "data": 1000010, "lvl": 8, "x": 25, "y": 7, "l1x": 25, "l1y": 7 },
    { "data": 1000010, "lvl": 8, "x": 24, "y": 7, "l1x": 24, "l1y": 7 },
    { "data": 1000010, "lvl": 8, "x": 30, "y": 12, "l1x": 30, "l1y": 12 },
    { "data": 1000010, "lvl": 8, "x": 16, "y": 32, "l1x": 16, "l1y": 32 },
    { "data": 1000010, "lvl": 9, "x": 26, "y": 30, "l1x": 26, "l1y": 30 },
    { "data": 1000010, "lvl": 8, "x": 23, "y": 7, "l1x": 23, "l1y": 7 },
    { "data": 1000010, "lvl": 8, "x": 22, "y": 7, "l1x": 22, "l1y": 7 },
    { "data": 1000010, "lvl": 8, "x": 21, "y": 7, "l1x": 21, "l1y": 7 },
    { "data": 1000010, "lvl": 8, "x": 20, "y": 7, "l1x": 20, "l1y": 7 },
    { "data": 1000010, "lvl": 8, "x": 15, "y": 32, "l1x": 15, "l1y": 32 },
    { "data": 1000010, "lvl": 8, "x": 19, "y": 7, "l1x": 19, "l1y": 7 },
    { "data": 1000010, "lvl": 8, "x": 14, "y": 32, "l1x": 14, "l1y": 32 },
    { "data": 1000010, "lvl": 8, "x": 13, "y": 32, "l1x": 13, "l1y": 32 },
    { "data": 1000010, "lvl": 8, "x": 13, "y": 31, "l1x": 13, "l1y": 31 },
    { "data": 1000010, "lvl": 8, "x": 13, "y": 30, "l1x": 13, "l1y": 30 },
    { "data": 1000010, "lvl": 8, "x": 13, "y": 29, "l1x": 13, "l1y": 29 },
    { "data": 1000010, "lvl": 8, "x": 13, "y": 28, "l1x": 13, "l1y": 28 },
    { "data": 1000010, "lvl": 8, "x": 13, "y": 27, "l1x": 13, "l1y": 27 },
    { "data": 1000010, "lvl": 8, "x": 13, "y": 26, "l1x": 13, "l1y": 26 },
    { "data": 1000010, "lvl": 8, "x": 13, "y": 25, "l1x": 13, "l1y": 25 },
    { "data": 1000010, "lvl": 8, "x": 13, "y": 24, "l1x": 13, "l1y": 24 },
    { "data": 1000010, "lvl": 8, "x": 18, "y": 7, "l1x": 18, "l1y": 7 },
    { "data": 1000010, "lvl": 8, "x": 17, "y": 7, "l1x": 17, "l1y": 7 },
    { "data": 1000010, "lvl": 8, "x": 16, "y": 7, "l1x": 16, "l1y": 7 },
    { "data": 1000010, "lvl": 9, "x": 30, "y": 26, "l1x": 30, "l1y": 26 },
    { "data": 1000010, "lvl": 8, "x": 15, "y": 7, "l1x": 15, "l1y": 7 },
    { "data": 1000010, "lvl": 8, "x": 13, "y": 23, "l1x": 13, "l1y": 23 },
    { "data": 1000010, "lvl": 8, "x": 13, "y": 22, "l1x": 13, "l1y": 22 },
    { "data": 1000010, "lvl": 8, "x": 13, "y": 21, "l1x": 13, "l1y": 21 },
    { "data": 1000010, "lvl": 8, "x": 14, "y": 7, "l1x": 14, "l1y": 7 },
    { "data": 1000010, "lvl": 8, "x": 13, "y": 20, "l1x": 13, "l1y": 20 },
    { "data": 1000010, "lvl": 8, "x": 13, "y": 7, "l1x": 13, "l1y": 7 },
    { "data": 1000013, "lvl": 7, "x": 18, "y": 26, "l1x": 18, "l1y": 26 },
    { "data": 1000010, "lvl": 8, "x": 13, "y": 19, "l1x": 13, "l1y": 19 },
    { "data": 1000010, "lvl": 8, "x": 13, "y": 18, "l1x": 13, "l1y": 18 },
    { "data": 1000010, "lvl": 8, "x": 12, "y": 7, "l1x": 12, "l1y": 7 },
    { "data": 1000010, "lvl": 8, "x": 13, "y": 17, "l1x": 13, "l1y": 17 },
    { "data": 1000010, "lvl": 8, "x": 11, "y": 7, "l1x": 11, "l1y": 7 },
    { "data": 1000010, "lvl": 8, "x": 13, "y": 16, "l1x": 13, "l1y": 16 },
    { "data": 1000010, "lvl": 8, "x": 10, "y": 7, "l1x": 10, "l1y": 7 },
    { "data": 1000010, "lvl": 8, "x": 9, "y": 7, "l1x": 9, "l1y": 7 },
    { "data": 1000010, "lvl": 8, "x": 8, "y": 7, "l1x": 8, "l1y": 7 },
    { "data": 1000010, "lvl": 8, "x": 13, "y": 15, "l1x": 13, "l1y": 15 },
    { "data": 1000010, "lvl": 8, "x": 13, "y": 14, "l1x": 13, "l1y": 14 },
    { "data": 1000010, "lvl": 9, "x": 27, "y": 30, "l1x": 27, "l1y": 30 },
    { "data": 1000010, "lvl": 10, "x": 13, "y": 13, "l1x": 13, "l1y": 13 },
    { "data": 1000010, "lvl": 8, "x": 14, "y": 13, "l1x": 14, "l1y": 13 },
    { "data": 1000010, "lvl": 8, "x": 15, "y": 13, "l1x": 15, "l1y": 13 },
    { "data": 1000010, "lvl": 8, "x": 16, "y": 13, "l1x": 16, "l1y": 13 },
    { "data": 1000010, "lvl": 8, "x": 7, "y": 7, "l1x": 7, "l1y": 7 },
    { "data": 1000015, "lvl": 0, "x": 13, "y": 8, "l1x": 13, "l1y": 8 },
    { "data": 1000009, "lvl": 11, "x": 15, "y": 10, "l1x": 15, "l1y": 10 },
    { "data": 1000004, "lvl": 10, "x": 10, "y": 10, "res_time": 179874, "l1x": 39, "l1y": 28 },
    { "data": 1000002, "lvl": 10, "x": 13, "y": 35, "res_time": 175040, "l1x": 13, "l1y": 35 },
    { "data": 1000006, "lvl": 9, "x": 4, "y": 15, "unit_prod": { "unit_type": 0 }, "l1x": 4, "l1y": 15 },
    {
      "data": 1000007,
      "lvl": 7,
      "x": 38,
      "y": 38,
      "unit_upg": { "unit_type": 0, "t": 904295, "id": 4000012 },
      "l1x": 38,
      "l1y": 38
    }, { "data": 1000008, "lvl": 11, "x": 22, "y": 34, "l1x": 22, "l1y": 34 },
    { "data": 1000009, "lvl": 11, "x": 9, "y": 28, "l1x": 9, "l1y": 28 },
    { "data": 1000010, "lvl": 8, "x": 17, "y": 13, "l1x": 17, "l1y": 13 },
    { "data": 1000010, "lvl": 8, "x": 18, "y": 13, "l1x": 18, "l1y": 13 },
    { "data": 1000010, "lvl": 8, "x": 7, "y": 8, "l1x": 7, "l1y": 8 },
    { "data": 1000010, "lvl": 8, "x": 19, "y": 13, "l1x": 19, "l1y": 13 },
    { "data": 1000010, "lvl": 8, "x": 20, "y": 13, "l1x": 20, "l1y": 13 },
    { "data": 1000010, "lvl": 8, "x": 7, "y": 9, "l1x": 7, "l1y": 9 },
    { "data": 1000010, "lvl": 8, "x": 21, "y": 13, "l1x": 21, "l1y": 13 },
    { "data": 1000010, "lvl": 8, "x": 7, "y": 10, "l1x": 7, "l1y": 10 },
    { "data": 1000010, "lvl": 8, "x": 7, "y": 11, "l1x": 7, "l1y": 11 },
    { "data": 1000010, "lvl": 8, "x": 22, "y": 13, "l1x": 22, "l1y": 13 },
    { "data": 1000010, "lvl": 8, "x": 7, "y": 12, "l1x": 7, "l1y": 12 },
    { "data": 1000010, "lvl": 8, "x": 7, "y": 13, "l1x": 7, "l1y": 13 },
    { "data": 1000010, "lvl": 8, "x": 7, "y": 14, "l1x": 7, "l1y": 14 },
    { "data": 1000010, "lvl": 8, "x": 23, "y": 13, "l1x": 23, "l1y": 13 },
    { "data": 1000010, "lvl": 8, "x": 7, "y": 15, "l1x": 7, "l1y": 15 },
    { "data": 1000010, "lvl": 8, "x": 24, "y": 13, "l1x": 24, "l1y": 13 },
    { "data": 1000010, "lvl": 8, "x": 25, "y": 13, "l1x": 25, "l1y": 13 },
    { "data": 1000010, "lvl": 8, "x": 26, "y": 13, "l1x": 26, "l1y": 13 },
    { "data": 1000010, "lvl": 8, "x": 27, "y": 13, "l1x": 27, "l1y": 13 },
    { "data": 1000010, "lvl": 8, "x": 28, "y": 13, "l1x": 28, "l1y": 13 },
    { "data": 1000010, "lvl": 8, "x": 29, "y": 13, "l1x": 29, "l1y": 13 },
    { "data": 1000010, "lvl": 8, "x": 30, "y": 13, "l1x": 30, "l1y": 13 },
    { "data": 1000010, "lvl": 8, "x": 31, "y": 13, "l1x": 31, "l1y": 13 },
    { "data": 1000010, "lvl": 8, "x": 32, "y": 13, "l1x": 32, "l1y": 13 },
    { "data": 1000010, "lvl": 8, "x": 32, "y": 14, "l1x": 32, "l1y": 14 },
    { "data": 1000010, "lvl": 8, "x": 32, "y": 15, "l1x": 32, "l1y": 15 },
    { "data": 1000010, "lvl": 8, "x": 7, "y": 16, "l1x": 7, "l1y": 16 },
    { "data": 1000010, "lvl": 8, "x": 32, "y": 16, "l1x": 32, "l1y": 16 },
    { "data": 1000010, "lvl": 8, "x": 7, "y": 17, "l1x": 7, "l1y": 17 },
    { "data": 1000010, "lvl": 8, "x": 7, "y": 18, "l1x": 7, "l1y": 18 },
    {
      "data": 1000000,
      "lvl": 7,
      "x": 36,
      "y": 16,
      "units": [[4000010, 6], [4000015, 4]],
      "storage_type": 0,
      "l1x": 36,
      "l1y": 16
    }, { "data": 1000010, "lvl": 8, "x": 7, "y": 19, "l1x": 7, "l1y": 19 },
    { "data": 1000010, "lvl": 8, "x": 20, "y": 29, "l1x": 20, "l1y": 29 },
    { "data": 1000004, "lvl": 10, "x": 24, "y": 10, "res_time": 179876, "l1x": 24, "l1y": 10 },
    { "data": 1000002, "lvl": 10, "x": 35, "y": 13, "res_time": 175047, "l1x": 35, "l1y": 13 },
    { "data": 1000010, "lvl": 8, "x": 7, "y": 20, "l1x": 7, "l1y": 20 },
    { "data": 1000012, "lvl": 7, "x": 21, "y": 14, "l1x": 21, "l1y": 14 },
    { "data": 1000011, "lvl": 7, "x": 10, "y": 19, "l1x": 10, "l1y": 19 },
    { "data": 1000010, "lvl": 8, "x": 19, "y": 29, "l1x": 19, "l1y": 29 },
    { "data": 1000010, "lvl": 8, "x": 25, "y": 21, "l1x": 25, "l1y": 21 },
    { "data": 1000010, "lvl": 8, "x": 20, "y": 25, "l1x": 20, "l1y": 25 },
    { "data": 1000010, "lvl": 8, "x": 7, "y": 21, "l1x": 7, "l1y": 21 },
    { "data": 1000010, "lvl": 8, "x": 7, "y": 22, "l1x": 7, "l1y": 22 },
    { "data": 1000010, "lvl": 8, "x": 19, "y": 25, "l1x": 19, "l1y": 25 },
    { "data": 1000010, "lvl": 8, "x": 7, "y": 23, "l1x": 7, "l1y": 23 },
    { "data": 1000010, "lvl": 8, "x": 7, "y": 24, "l1x": 7, "l1y": 24 },
    { "data": 1000010, "lvl": 8, "x": 7, "y": 25, "l1x": 7, "l1y": 25 },
    { "data": 1000010, "lvl": 8, "x": 18, "y": 25, "l1x": 18, "l1y": 25 },
    { "data": 1000010, "lvl": 8, "x": 25, "y": 20, "l1x": 25, "l1y": 20 },
    { "data": 1000010, "lvl": 8, "x": 7, "y": 26, "l1x": 7, "l1y": 26 },
    { "data": 1000010, "lvl": 8, "x": 25, "y": 19, "l1x": 25, "l1y": 19 },
    { "data": 1000010, "lvl": 8, "x": 25, "y": 18, "l1x": 25, "l1y": 18 },
    { "data": 1000010, "lvl": 8, "x": 17, "y": 22, "l1x": 17, "l1y": 22 },
    { "data": 1000010, "lvl": 8, "x": 17, "y": 23, "l1x": 17, "l1y": 23 },
    { "data": 1000010, "lvl": 8, "x": 17, "y": 24, "l1x": 17, "l1y": 24 },
    { "data": 1000010, "lvl": 8, "x": 7, "y": 27, "l1x": 7, "l1y": 27 },
    { "data": 1000010, "lvl": 8, "x": 17, "y": 25, "l1x": 17, "l1y": 25 },
    { "data": 1000010, "lvl": 8, "x": 17, "y": 26, "l1x": 17, "l1y": 26 },
    { "data": 1000010, "lvl": 8, "x": 17, "y": 27, "l1x": 17, "l1y": 27 },
    { "data": 1000010, "lvl": 8, "x": 17, "y": 28, "l1x": 17, "l1y": 28 },
    { "data": 1000010, "lvl": 9, "x": 17, "y": 29, "l1x": 17, "l1y": 29 },
    { "data": 1000010, "lvl": 8, "x": 7, "y": 28, "l1x": 7, "l1y": 28 },
    { "data": 1000010, "lvl": 8, "x": 17, "y": 30, "l1x": 17, "l1y": 30 },
    { "data": 1000004, "lvl": 10, "x": 23, "y": 39, "res_time": 175045, "l1x": 23, "l1y": 39 },
    { "data": 1000002, "lvl": 10, "x": 28, "y": 4, "res_time": 179876, "l1x": 28, "l1y": 4 },
    { "data": 1000013, "lvl": 7, "x": 26, "y": 18, "l1x": 26, "l1y": 18 },
    { "data": 1000011, "lvl": 7, "x": 18, "y": 10, "l1x": 18, "l1y": 10 },
    {
      "data": 1000020,
      "lvl": 4,
      "x": 39,
      "y": 23,
      "units": [[26000000, 3], [26000002, 1]],
      "storage_type": 1,
      "unit_prod": { "unit_type": 1 },
      "l1x": 39,
      "l1y": 23
    }, { "data": 1000013, "lvl": 7, "x": 31, "y": 31, "l1x": 31, "l1y": 31 },
    { "data": 1000008, "lvl": 11, "x": 28, "y": 34, "l1x": 28, "l1y": 34 },
    { "data": 1000006, "lvl": 9, "x": 4, "y": 10, "unit_prod": { "unit_type": 0 }, "l1x": 4, "l1y": 10 },
    { "data": 1000000, "lvl": 7, "x": 16, "y": 36, "units": [[4000015, 2]], "storage_type": 0, "l1x": 16, "l1y": 36 },
    { "data": 1000010, "lvl": 8, "x": 17, "y": 31, "l1x": 17, "l1y": 31 },
    { "data": 1000010, "lvl": 8, "x": 17, "y": 32, "l1x": 17, "l1y": 32 },
    { "data": 1000010, "lvl": 8, "x": 17, "y": 33, "l1x": 17, "l1y": 33 },
    { "data": 1000010, "lvl": 9, "x": 28, "y": 30, "l1x": 28, "l1y": 30 },
    { "data": 1000010, "lvl": 8, "x": 18, "y": 33, "l1x": 18, "l1y": 33 },
    { "data": 1000010, "lvl": 8, "x": 19, "y": 33, "l1x": 19, "l1y": 33 },
    { "data": 1000010, "lvl": 8, "x": 20, "y": 33, "l1x": 20, "l1y": 33 },
    { "data": 1000010, "lvl": 8, "x": 33, "y": 20, "l1x": 33, "l1y": 20 },
    { "data": 1000010, "lvl": 8, "x": 33, "y": 19, "l1x": 33, "l1y": 19 },
    { "data": 1000010, "lvl": 8, "x": 33, "y": 18, "l1x": 33, "l1y": 18 },
    { "data": 1000010, "lvl": 8, "x": 33, "y": 17, "l1x": 33, "l1y": 17 },
    { "data": 1000010, "lvl": 8, "x": 32, "y": 17, "l1x": 32, "l1y": 17 },
    { "data": 1000010, "lvl": 8, "x": 31, "y": 17, "l1x": 31, "l1y": 17 },
    { "data": 1000010, "lvl": 9, "x": 29, "y": 30, "l1x": 29, "l1y": 30 },
    { "data": 1000010, "lvl": 8, "x": 30, "y": 17, "l1x": 30, "l1y": 17 },
    { "data": 1000010, "lvl": 8, "x": 29, "y": 17, "l1x": 29, "l1y": 17 },
    { "data": 1000010, "lvl": 8, "x": 28, "y": 17, "l1x": 28, "l1y": 17 },
    { "data": 1000010, "lvl": 8, "x": 18, "y": 29, "l1x": 18, "l1y": 29 },
    { "data": 1000010, "lvl": 8, "x": 26, "y": 17, "l1x": 26, "l1y": 17 },
    { "data": 1000010, "lvl": 8, "x": 25, "y": 17, "l1x": 25, "l1y": 17 },
    { "data": 1000010, "lvl": 8, "x": 24, "y": 17, "l1x": 24, "l1y": 17 },
    { "data": 1000010, "lvl": 8, "x": 23, "y": 17, "l1x": 23, "l1y": 17 },
    { "data": 1000010, "lvl": 8, "x": 22, "y": 17, "l1x": 22, "l1y": 17 },
    { "data": 1000010, "lvl": 8, "x": 20, "y": 17, "l1x": 20, "l1y": 17 },
    { "data": 1000010, "lvl": 8, "x": 19, "y": 17, "l1x": 19, "l1y": 17 },
    { "data": 1000009, "lvl": 11, "x": 27, "y": 9, "l1x": 27, "l1y": 9 },
    { "data": 1000012, "lvl": 7, "x": 30, "y": 18, "l1x": 30, "l1y": 18 },
    { "data": 1000019, "lvl": 6, "x": 34, "y": 16, "l1x": 33, "l1y": 13 },
    { "data": 1000015, "lvl": 0, "x": 24, "y": 8, "l1x": 24, "l1y": 8 },
    { "data": 1000010, "lvl": 8, "x": 18, "y": 17, "l1x": 18, "l1y": 17 },
    { "data": 1000010, "lvl": 8, "x": 17, "y": 17, "l1x": 17, "l1y": 17 },
    { "data": 1000010, "lvl": 8, "x": 17, "y": 18, "l1x": 17, "l1y": 18 },
    { "data": 1000010, "lvl": 8, "x": 17, "y": 19, "l1x": 17, "l1y": 19 },
    { "data": 1000010, "lvl": 9, "x": 30, "y": 27, "l1x": 30, "l1y": 27 },
    { "data": 1000010, "lvl": 8, "x": 17, "y": 20, "l1x": 17, "l1y": 20 },
    { "data": 1000010, "lvl": 9, "x": 17, "y": 21, "l1x": 17, "l1y": 21 },
    { "data": 1000010, "lvl": 8, "x": 18, "y": 21, "l1x": 18, "l1y": 21 },
    { "data": 1000010, "lvl": 8, "x": 19, "y": 21, "l1x": 19, "l1y": 21 },
    { "data": 1000010, "lvl": 8, "x": 20, "y": 21, "l1x": 20, "l1y": 21 },
    { "data": 1000010, "lvl": 9, "x": 21, "y": 17, "l1x": 21, "l1y": 17 },
    { "data": 1000010, "lvl": 8, "x": 21, "y": 18, "l1x": 21, "l1y": 18 },
    { "data": 1000010, "lvl": 10, "x": 30, "y": 30, "l1x": 30, "l1y": 30 },
    { "data": 1000010, "lvl": 8, "x": 21, "y": 19, "l1x": 21, "l1y": 19 },
    { "data": 1000010, "lvl": 8, "x": 21, "y": 20, "l1x": 21, "l1y": 20 },
    { "data": 1000010, "lvl": 8, "x": 26, "y": 22, "l1x": 26, "l1y": 22 },
    { "data": 1000010, "lvl": 8, "x": 26, "y": 23, "l1x": 26, "l1y": 23 },
    { "data": 1000010, "lvl": 8, "x": 26, "y": 24, "l1x": 26, "l1y": 24 },
    { "data": 1000010, "lvl": 8, "x": 26, "y": 25, "l1x": 26, "l1y": 25 },
    { "data": 1000010, "lvl": 8, "x": 26, "y": 26, "l1x": 26, "l1y": 26 },
    { "data": 1000010, "lvl": 8, "x": 25, "y": 26, "l1x": 25, "l1y": 26 },
    { "data": 1000010, "lvl": 8, "x": 24, "y": 26, "l1x": 24, "l1y": 26 },
    { "data": 1000010, "lvl": 8, "x": 23, "y": 26, "l1x": 23, "l1y": 26 },
    { "data": 1000010, "lvl": 8, "x": 22, "y": 26, "l1x": 22, "l1y": 26 },
    { "data": 1000010, "lvl": 8, "x": 21, "y": 29, "l1x": 21, "l1y": 29 },
    { "data": 1000010, "lvl": 8, "x": 7, "y": 29, "l1x": 7, "l1y": 29 },
    { "data": 1000010, "lvl": 9, "x": 30, "y": 28, "l1x": 30, "l1y": 28 },
    { "data": 1000010, "lvl": 8, "x": 21, "y": 28, "l1x": 21, "l1y": 28 },
    { "data": 1000010, "lvl": 8, "x": 21, "y": 27, "l1x": 21, "l1y": 27 },
    { "data": 1000010, "lvl": 8, "x": 21, "y": 26, "l1x": 21, "l1y": 26 },
    { "data": 1000010, "lvl": 8, "x": 21, "y": 25, "l1x": 21, "l1y": 25 },
    { "data": 1000010, "lvl": 8, "x": 21, "y": 24, "l1x": 21, "l1y": 24 },
    { "data": 1000010, "lvl": 8, "x": 7, "y": 30, "l1x": 7, "l1y": 30 },
    { "data": 1000010, "lvl": 8, "x": 21, "y": 23, "l1x": 21, "l1y": 23 },
    { "data": 1000010, "lvl": 8, "x": 21, "y": 22, "l1x": 21, "l1y": 22 },
    { "data": 1000010, "lvl": 8, "x": 37, "y": 22, "l1x": 37, "l1y": 22 },
    { "data": 1000010, "lvl": 8, "x": 21, "y": 21, "l1x": 21, "l1y": 21 },
    { "data": 1000010, "lvl": 8, "x": 22, "y": 21, "l1x": 22, "l1y": 21 },
    { "data": 1000010, "lvl": 8, "x": 23, "y": 21, "l1x": 23, "l1y": 21 },
    { "data": 1000010, "lvl": 8, "x": 37, "y": 23, "l1x": 37, "l1y": 23 },
    { "data": 1000010, "lvl": 8, "x": 24, "y": 21, "l1x": 24, "l1y": 21 },
    { "data": 1000010, "lvl": 8, "x": 27, "y": 17, "l1x": 27, "l1y": 17 },
    { "data": 1000010, "lvl": 8, "x": 26, "y": 21, "l1x": 26, "l1y": 21 },
    { "data": 1000010, "lvl": 8, "x": 37, "y": 24, "l1x": 37, "l1y": 24 },
    { "data": 1000010, "lvl": 8, "x": 27, "y": 21, "l1x": 27, "l1y": 21 },
    { "data": 1000010, "lvl": 8, "x": 37, "y": 25, "l1x": 37, "l1y": 25 },
    { "data": 1000010, "lvl": 8, "x": 28, "y": 21, "l1x": 28, "l1y": 21 },
    { "data": 1000010, "lvl": 8, "x": 37, "y": 26, "l1x": 37, "l1y": 26 },
    { "data": 1000010, "lvl": 8, "x": 30, "y": 25, "l1x": 30, "l1y": 25 },
    { "data": 1000010, "lvl": 8, "x": 37, "y": 27, "l1x": 37, "l1y": 27 },
    { "data": 1000009, "lvl": 11, "x": 31, "y": 24, "l1x": 31, "l1y": 24 },
    { "data": 1000011, "lvl": 7, "x": 27, "y": 24, "l1x": 27, "l1y": 24 },
    { "data": 1000019, "lvl": 6, "x": 16, "y": 34, "l1x": 13, "l1y": 33 },
    { "data": 1000019, "lvl": 6, "x": 33, "y": 13, "l1x": 17, "l1y": 5 },
    { "data": 1000003, "lvl": 10, "x": 18, "y": 14, "l1x": 18, "l1y": 14 },
    { "data": 1000005, "lvl": 10, "x": 31, "y": 34, "l1x": 25, "l1y": 34 },
    { "data": 1000010, "lvl": 8, "x": 30, "y": 24, "l1x": 30, "l1y": 24 },
    { "data": 1000010, "lvl": 8, "x": 30, "y": 23, "l1x": 30, "l1y": 23 },
    { "data": 1000010, "lvl": 8, "x": 37, "y": 28, "l1x": 37, "l1y": 28 },
    { "data": 1000010, "lvl": 8, "x": 30, "y": 22, "l1x": 30, "l1y": 22 },
    { "data": 1000010, "lvl": 8, "x": 37, "y": 29, "l1x": 37, "l1y": 29 },
    { "data": 1000010, "lvl": 9, "x": 30, "y": 21, "l1x": 30, "l1y": 21 },
    { "data": 1000010, "lvl": 8, "x": 37, "y": 30, "l1x": 37, "l1y": 30 },
    { "data": 1000010, "lvl": 8, "x": 31, "y": 21, "l1x": 31, "l1y": 21 },
    { "data": 1000010, "lvl": 8, "x": 37, "y": 31, "l1x": 37, "l1y": 31 },
    { "data": 1000010, "lvl": 8, "x": 32, "y": 21, "l1x": 32, "l1y": 21 },
    { "data": 1000010, "lvl": 8, "x": 37, "y": 32, "l1x": 37, "l1y": 32 },
    { "data": 1000010, "lvl": 8, "x": 33, "y": 21, "l1x": 33, "l1y": 21 },
    { "data": 1000010, "lvl": 9, "x": 30, "y": 29, "l1x": 30, "l1y": 29 },
    { "data": 1000010, "lvl": 8, "x": 34, "y": 21, "l1x": 34, "l1y": 21 },
    { "data": 1000010, "lvl": 8, "x": 35, "y": 21, "l1x": 35, "l1y": 21 },
    { "data": 1000010, "lvl": 8, "x": 36, "y": 21, "l1x": 36, "l1y": 21 },
    { "data": 1000010, "lvl": 8, "x": 29, "y": 21, "l1x": 29, "l1y": 21 },
    { "data": 1000010, "lvl": 8, "x": 37, "y": 33, "l1x": 37, "l1y": 33 },
    { "data": 1000010, "lvl": 8, "x": 37, "y": 21, "l1x": 37, "l1y": 21 },
    { "data": 1000010, "lvl": 8, "x": 21, "y": 37, "l1x": 21, "l1y": 37 },
    { "data": 1000010, "lvl": 8, "x": 37, "y": 34, "l1x": 37, "l1y": 34 },
    { "data": 1000010, "lvl": 8, "x": 21, "y": 36, "l1x": 21, "l1y": 36 },
    { "data": 1000010, "lvl": 8, "x": 21, "y": 35, "l1x": 21, "l1y": 35 },
    { "data": 1000010, "lvl": 8, "x": 37, "y": 35, "l1x": 37, "l1y": 35 },
    { "data": 1000010, "lvl": 8, "x": 21, "y": 34, "l1x": 21, "l1y": 34 },
    { "data": 1000008, "lvl": 11, "x": 34, "y": 28, "l1x": 34, "l1y": 28 },
    { "data": 1000009, "lvl": 11, "x": 24, "y": 31, "l1x": 24, "l1y": 31 },
    { "data": 1000012, "lvl": 7, "x": 14, "y": 21, "l1x": 14, "l1y": 21 },
    {
      "data": 1000021,
      "lvl": 3,
      "x": 24,
      "y": 14,
      "attack_mode": false,
      "attack_mode_war": false,
      "ammo": 1500,
      "l1x": 24,
      "l1y": 14
    }, { "data": 1000019, "lvl": 6, "x": 13, "y": 33, "l1x": 5, "l1y": 18 },
    { "data": 1000015, "lvl": 0, "x": 8, "y": 13, "l1x": 8, "l1y": 13 },
    { "data": 1000023, "lvl": 5, "x": 28, "y": 31, "res_time": 57465, "l1x": 31, "l1y": 34 },
    { "data": 1000023, "lvl": 5, "x": 31, "y": 28, "res_time": 57465, "l1x": 34, "l1y": 31 },
    { "data": 1000024, "lvl": 5, "x": 14, "y": 14, "l1x": 14, "l1y": 14 },
    { "data": 1000005, "lvl": 10, "x": 25, "y": 34, "l1x": 34, "l1y": 25 },
    { "data": 1000025, "lvl": 0, "x": 22, "y": 18, "l1x": 22, "l1y": 18 },
    { "data": 1000003, "lvl": 10, "x": 34, "y": 31, "l1x": 28, "l1y": 31 },
    {
      "data": 1000021,
      "lvl": 3,
      "x": 14,
      "y": 24,
      "attack_mode": false,
      "attack_mode_war": false,
      "ammo": 1500,
      "l1x": 14,
      "l1y": 24
    }, { "data": 1000022, "lvl": 0, "x": 18, "y": 22, "l1x": 18, "l1y": 22 },
    {
      "data": 1000026,
      "lvl": 4,
      "x": 14,
      "y": 4,
      "unit_prod": { "unit_type": 0, "t": 31, "slots": [{ "id": 4000010, "cnt": 19 }] },
      "l1x": 14,
      "l1y": 4
    }, {
      "data": 1000026,
      "lvl": 4,
      "x": 24,
      "y": 4,
      "unit_prod": { "unit_type": 0, "t": 1149, "slots": [{ "id": 4000015, "cnt": 6 }] },
      "l1x": 24,
      "l1y": 4
    }, { "data": 1000010, "lvl": 8, "x": 37, "y": 36, "l1x": 37, "l1y": 36 },
    { "data": 1000010, "lvl": 8, "x": 21, "y": 33, "l1x": 21, "l1y": 33 },
    { "data": 1000010, "lvl": 8, "x": 37, "y": 37, "l1x": 37, "l1y": 37 },
    { "data": 1000010, "lvl": 8, "x": 36, "y": 37, "l1x": 36, "l1y": 37 },
    { "data": 1000010, "lvl": 8, "x": 21, "y": 32, "l1x": 21, "l1y": 32 },
    { "data": 1000010, "lvl": 8, "x": 21, "y": 31, "l1x": 21, "l1y": 31 },
    { "data": 1000010, "lvl": 10, "x": 21, "y": 30, "l1x": 21, "l1y": 30 },
    { "data": 1000010, "lvl": 8, "x": 35, "y": 37, "l1x": 35, "l1y": 37 },
    { "data": 1000010, "lvl": 8, "x": 34, "y": 37, "l1x": 34, "l1y": 37 },
    { "data": 1000010, "lvl": 8, "x": 33, "y": 37, "l1x": 33, "l1y": 37 },
    { "data": 1000010, "lvl": 8, "x": 32, "y": 37, "l1x": 32, "l1y": 37 },
    { "data": 1000010, "lvl": 8, "x": 31, "y": 37, "l1x": 31, "l1y": 37 },
    { "data": 1000010, "lvl": 8, "x": 30, "y": 37, "l1x": 30, "l1y": 37 },
    { "data": 1000010, "lvl": 8, "x": 29, "y": 37, "l1x": 29, "l1y": 37 },
    { "data": 1000010, "lvl": 8, "x": 28, "y": 37, "l1x": 28, "l1y": 37 },
    { "data": 1000010, "lvl": 8, "x": 22, "y": 30, "l1x": 22, "l1y": 30 },
    { "data": 1000010, "lvl": 8, "x": 27, "y": 37, "l1x": 27, "l1y": 37 },
    { "data": 1000010, "lvl": 8, "x": 26, "y": 37, "l1x": 26, "l1y": 37 },
    { "data": 1000010, "lvl": 8, "x": 23, "y": 30, "l1x": 23, "l1y": 30 },
    { "data": 1000010, "lvl": 8, "x": 25, "y": 37, "l1x": 25, "l1y": 37 },
    { "data": 1000010, "lvl": 8, "x": 24, "y": 30, "l1x": 24, "l1y": 30 },
    { "data": 1000010, "lvl": 8, "x": 25, "y": 30, "l1x": 25, "l1y": 30 },
    { "data": 1000010, "lvl": 8, "x": 24, "y": 37, "l1x": 24, "l1y": 37 },
    { "data": 1000010, "lvl": 8, "x": 23, "y": 37, "l1x": 23, "l1y": 37 },
    { "data": 1000010, "lvl": 8, "x": 22, "y": 37, "l1x": 22, "l1y": 37 },
    { "data": 1000011, "lvl": 7, "x": 24, "y": 27, "l1x": 24, "l1y": 27 },
    { "data": 1000012, "lvl": 7, "x": 18, "y": 30, "l1x": 18, "l1y": 30 },
    { "data": 1000023, "lvl": 4, "x": 39, "y": 28, "res_time": 45443, "l1x": 10, "l1y": 10 },
    {
      "data": 1000027,
      "lvl": 2,
      "x": 22,
      "y": 27,
      "attack_mode": true,
      "attack_mode_war": true,
      "ammo": 750,
      "l1x": 22,
      "l1y": 27
    }, { "data": 1000009, "lvl": 11, "x": 34, "y": 34, "l1x": 34, "l1y": 34 },
    { "data": 1000008, "lvl": 11, "x": 34, "y": 22, "l1x": 34, "l1y": 22 },
    { "data": 1000002, "lvl": 10, "x": 33, "y": 39, "res_time": 175044, "l1x": 33, "l1y": 39 },
    { "data": 1000004, "lvl": 10, "x": 39, "y": 33, "res_time": 175042, "l1x": 39, "l1y": 33 },
    {
      "data": 1000027,
      "lvl": 2,
      "x": 27,
      "y": 22,
      "attack_mode": false,
      "attack_mode_war": false,
      "ammo": 750,
      "l1x": 27,
      "l1y": 22
    }, {
      "data": 1000021,
      "lvl": 3,
      "x": 27,
      "y": 27,
      "attack_mode": false,
      "attack_mode_war": true,
      "ammo": 1500,
      "l1x": 27,
      "l1y": 27
    }
  ],
  "obstacles": [
  { "data": 8000000, "x": 0, "y": 35, "l1x": -1, "l1y": -1, "loot_multiply_ver": 1 },
  { "data": 8000000, "x": 9, "y": 42, "l1x": -1, "l1y": -1, "loot_multiply_ver": 1 },
  { "data": 8000000, "x": 20, "y": 42, "l1x": -1, "l1y": -1, "loot_multiply_ver": 1 },
  { "data": 8000000, "x": 0, "y": 17, "l1x": -1, "l1y": -1, "loot_multiply_ver": 1 },
  { "data": 8000000, "x": 17, "y": 0, "l1x": -1, "l1y": -1, "loot_multiply_ver": 1 },
  { "data": 8000000, "x": 42, "y": 1, "l1x": -1, "l1y": -1, "loot_multiply_ver": 1 },
  { "data": 8000000, "x": 21, "y": 0, "l1x": -1, "l1y": -1, "loot_multiply_ver": 1 },
  { "data": 8000000, "x": 42, "y": 12, "l1x": -1, "l1y": -1, "loot_multiply_ver": 1 },
  { "data": 8000000, "x": 42, "y": 23, "l1x": -1, "l1y": -1, "loot_multiply_ver": 1 },
  { "data": 8000000, "x": 12, "y": 0, "l1x": -1, "l1y": -1, "loot_multiply_ver": 1 },
  { "data": 8000000, "x": 0, "y": 22, "l1x": -1, "l1y": -1, "loot_multiply_ver": 1 },
  { "data": 8000000, "x": 42, "y": 32, "l1x": -1, "l1y": -1, "loot_multiply_ver": 1 },
  { "data": 8000000, "x": 33, "y": 42, "l1x": -1, "l1y": -1, "loot_multiply_ver": 1 },
  { "data": 8000000, "x": 42, "y": 16, "l1x": -1, "l1y": -1, "loot_multiply_ver": 1 },
  { "data": 8000000, "x": 2, "y": 42, "l1x": -1, "l1y": -1, "loot_multiply_ver": 1 },
  { "data": 8000000, "x": 41, "y": 42, "l1x": -1, "l1y": -1, "loot_multiply_ver": 1 },
  { "data": 8000000, "x": 0, "y": 13, "l1x": -1, "l1y": -1, "loot_multiply_ver": 1 },
  { "data": 8000000, "x": 0, "y": 32, "l1x": -1, "l1y": -1, "loot_multiply_ver": 1 },
  { "data": 8000000, "x": 0, "y": 27, "l1x": -1, "l1y": -1, "loot_multiply_ver": 1 },
  { "data": 8000000, "x": 30, "y": 0, "l1x": -1, "l1y": -1, "loot_multiply_ver": 1 },
  { "data": 8000000, "x": 42, "y": 5, "l1x": -1, "l1y": -1, "loot_multiply_ver": 1 },
  { "data": 8000000, "x": 0, "y": 38, "l1x": -1, "l1y": -1, "loot_multiply_ver": 1 },
  { "data": 8000000, "x": 42, "y": 9, "l1x": -1, "l1y": -1, "loot_multiply_ver": 1 },
  { "data": 8000000, "x": 42, "y": 37, "l1x": -1, "l1y": -1, "loot_multiply_ver": 1 },
  { "data": 8000000, "x": 5, "y": 42, "l1x": -1, "l1y": -1, "loot_multiply_ver": 1 },
  { "data": 8000000, "x": 29, "y": 42, "l1x": -1, "l1y": -1, "loot_multiply_ver": 1 },
  { "data": 8000000, "x": 42, "y": 28, "l1x": -1, "l1y": -1, "loot_multiply_ver": 1 },
  { "data": 8000000, "x": 42, "y": 19, "l1x": -1, "l1y": -1, "loot_multiply_ver": 1 },
  { "data": 8000000, "x": 0, "y": 2, "l1x": -1, "l1y": -1, "loot_multiply_ver": 1 },
  { "data": 8000000, "x": 9, "y": 0, "l1x": -1, "l1y": -1, "loot_multiply_ver": 1 },
  { "data": 8000000, "x": 12, "y": 42, "l1x": -1, "l1y": -1, "loot_multiply_ver": 1 },
  { "data": 8000000, "x": 0, "y": 5, "l1x": -1, "l1y": -1, "loot_multiply_ver": 2 },
  { "data": 8000000, "x": 15, "y": 42, "l1x": -1, "l1y": -1, "loot_multiply_ver": 2 },
  { "data": 8000000, "x": 5, "y": 0, "l1x": -1, "l1y": -1, "loot_multiply_ver": 2 },
  { "data": 8000000, "x": 25, "y": 0, "l1x": -1, "l1y": -1, "loot_multiply_ver": 2 }
  ],
  "traps": [
  { "data": 12000005, "lvl": 3, "x": 9, "y": 20, "l1x": 9, "l1y": 20 },
  { "data": 12000006, "lvl": 1, "x": 21, "y": 9, "l1x": 21, "l1y": 9 },
  { "data": 12000006, "lvl": 1, "x": 9, "y": 21, "l1x": 9, "l1y": 21 },
  { "data": 12000006, "lvl": 1, "x": 11, "y": 9, "l1x": 11, "l1y": 9 },
  { "data": 12000006, "lvl": 1, "x": 14, "y": 17, "l1x": 14, "l1y": 17 },
  { "data": 12000006, "lvl": 1, "x": 17, "y": 14, "l1x": 17, "l1y": 14 },
  { "data": 12000005, "lvl": 3, "x": 20, "y": 9, "l1x": 20, "l1y": 9 },
  { "data": 12000005, "lvl": 3, "x": 17, "y": 15, "l1x": 31, "l1y": 27 },
  { "data": 12000005, "lvl": 3, "x": 15, "y": 17, "l1x": 16, "l1y": 17 },
  { "data": 12000002, "lvl": 3, "x": 15, "y": 27, "l1x": 15, "l1y": 27 },
  { "data": 12000002, "lvl": 3, "x": 27, "y": 15, "l1x": 27, "l1y": 15 },
  { "data": 12000002, "lvl": 3, "x": 13, "y": 11, "l1x": 13, "l1y": 11 },
  { "data": 12000002, "lvl": 3, "x": 22, "y": 31, "l1x": 22, "l1y": 32 },
  { "data": 12000001, "lvl": 0, "x": 29, "y": 22, "l1x": 29, "l1y": 22 },
  { "data": 12000001, "lvl": 0, "x": 27, "y": 14, "l1x": 27, "l1y": 14 },
  { "data": 12000001, "lvl": 0, "x": 14, "y": 27, "l1x": 14, "l1y": 27 },
  { "data": 12000000, "lvl": 4, "x": 10, "y": 9, "l1x": 10, "l1y": 9 },
  { "data": 12000000, "lvl": 4, "x": 9, "y": 10, "l1x": 9, "l1y": 10 },
  { "data": 12000000, "lvl": 4, "x": 9, "y": 15, "l1x": 9, "l1y": 15 },
  { "data": 12000002, "lvl": 3, "x": 31, "y": 22, "l1x": 32, "l1y": 22 },
  { "data": 12000005, "lvl": 3, "x": 12, "y": 9, "l1x": 12, "l1y": 9 },
  { "data": 12000001, "lvl": 0, "x": 29, "y": 23, "l1x": 29, "l1y": 23 },
  { "data": 12000001, "lvl": 0, "x": 22, "y": 29, "l1x": 22, "l1y": 29 },
  { "data": 12000001, "lvl": 0, "x": 23, "y": 29, "l1x": 23, "l1y": 29 },
  { "data": 12000000, "lvl": 4, "x": 9, "y": 17, "l1x": 9, "l1y": 22 },
  { "data": 12000000, "lvl": 4, "x": 9, "y": 19, "l1x": 9, "l1y": 19 },
  { "data": 12000000, "lvl": 4, "x": 19, "y": 9, "l1x": 19, "l1y": 9 }
  ],
  "decos": [
  { "data": 18000015, "x": 40, "y": 36, "l1x": 40, "l1y": 36 },
  { "data": 18000001, "x": 26, "y": 40, "l1x": 26, "l1y": 40 },
  { "data": 18000008, "x": 2, "y": 40, "l1x": 2, "l1y": 40 },
  { "data": 18000009, "x": 40, "y": 2, "l1x": 40, "l1y": 2 },
  { "data": 18000023, "x": 38, "y": 4, "l1x": 38, "l1y": 4 },
  { "data": 18000025, "x": 40, "y": 8, "l1x": 40, "l1y": 8 },
  { "data": 18000027, "x": 2, "y": 38, "l1x": 2, "l1y": 38 },
  { "data": 18000029, "x": 40, "y": 4, "l1x": 40, "l1y": 4 },
  { "data": 18000032, "x": 2, "y": 36, "l1x": 2, "l1y": 36 },
  { "data": 18000035, "x": 2, "y": 34, "l1x": 2, "l1y": 34 },
  { "data": 18000017, "x": 36, "y": 4, "l1x": 36, "l1y": 4 },
  { "data": 18000011, "x": 34, "y": 2, "l1x": 34, "l1y": 2 },
  { "data": 18000012, "x": 38, "y": 2, "l1x": 38, "l1y": 2 },
  { "data": 18000001, "x": 31, "y": 40, "l1x": 31, "l1y": 40 },
  { "data": 18000001, "x": 40, "y": 26, "l1x": 40, "l1y": 26 },
  { "data": 18000001, "x": 40, "y": 31, "l1x": 40, "l1y": 31 },
  { "data": 18000003, "x": 36, "y": 40, "l1x": 36, "l1y": 40 },
  { "data": 18000007, "x": 2, "y": 2, "l1x": 2, "l1y": 2 }, { "data": 18000018, "x": 40, "y": 6, "l1x": 40, "l1y": 6 },
  { "data": 18000026, "x": 36, "y": 2, "l1x": 36, "l1y": 2 },
  { "data": 18000022, "x": 38, "y": 6, "l1x": 38, "l1y": 6 },
  { "data": 18000030, "x": 4, "y": 40, "l1x": 4, "l1y": 40 },
  { "data": 18000031, "x": 6, "y": 40, "l1x": 6, "l1y": 40 },
  { "data": 18000034, "x": 4, "y": 38, "l1x": 4, "l1y": 38 },
  { "data": 18000028, "x": 4, "y": 36, "l1x": 4, "l1y": 36 },
  { "data": 18000024, "x": 6, "y": 38, "l1x": 6, "l1y": 38 },
  { "data": 18000021, "x": 8, "y": 40, "l1x": 8, "l1y": 40 },
  { "data": 18000016, "x": 2, "y": 32, "l1x": 2, "l1y": 32 },
  { "data": 18000036, "x": 6, "y": 36, "l1x": 6, "l1y": 36 },
  { "data": 18000020, "x": 4, "y": 34, "l1x": 4, "l1y": 34 },
  { "data": 18000019, "x": 10, "y": 40, "l1x": 10, "l1y": 40 },
  { "data": 18000013, "x": 36, "y": 6, "l1x": 36, "l1y": 6 }
  ],
  "respawnVars": {
    "secondsFromLastRespawn": 10005,
    "respawnSeed": 487898231,
    "obstacleClearCounter": 17,
    "time_to_gembox_drop": 85485,
    "time_in_gembox_period": 201600
  },
  "cooldowns": [{ "cooldown": 10352714, "target": 20000001 }, { "cooldown": 3872805, "target": 20000000 }],
  "newShopBuildings": [4, 0, 7, 4, 7, 4, 4, 1, 6, 7, 250, 4, 4, 3, 1, 5, 0, 0, 0, 4, 1, 3, 1, 3, 1, 1, 2, 2],
  "newShopTraps": [6, 6, 5, 0, 0, 5, 5, 0],
  "newShopDecos": [
    1, 4, 0, 1, 1, 4, 4, 1, 1, 1, 1, 1, 1, 1, 1, 1, 1, 1, 1, 1, 1, 1, 1, 1, 1, 1, 1, 1, 1, 1, 1, 1, 1, 1, 1, 1, 1
  ],
  "last_league_rank": 16,
  "last_league_shuffle": 1,
  "last_news_seen": 50,
  "edit_mode_shown": true,
  "troop_req_msg": "visua jousta noitaa defuun",
  "war_req_msg": "jousia tai visuja",
  "war_tutorials_seen": 0,
  "war_base": true
}