{
  "android_client": true,
  "buildings": [
  { "data": 1000001, "lvl": 9, "x": 18, "y": 18, "l1x": 20, "l1y": 20 },
  { "data": 1000004, "lvl": 10, "x": 15, "y": 2, "res_time": 158056, "l1x": 15, "l1y": 5 },
  {
    "data": 1000000,
    "lvl": 7,
    "x": 2,
    "y": 30,
    "units": [[4000006, 9], [4000001, 6], [4000000, 5]],
    "storage_type": 0,
    "l1x": 19,
    "l1y": 3
  }, { "data": 1000015, "lvl": 0, "x": 6, "y": 3, "l1x": 33, "l1y": 5 },
  { "data": 1000014, "lvl": 5, "x": 22, "y": 22, "share_replay_time": 1004, "l1x": 25, "l1y": 25 },
  { "data": 1000008, "lvl": 11, "x": 34, "y": 22, "l1x": 29, "l1y": 32 },
  { "data": 1000015, "lvl": 0, "x": 3, "y": 6, "l1x": 5, "l1y": 28 },
  { "data": 1000002, "lvl": 10, "x": 20, "y": 2, "res_time": 154931, "l1x": 29, "l1y": 5 },
  { "data": 1000003, "lvl": 10, "x": 18, "y": 15, "l1x": 29, "l1y": 26 },
  { "data": 1000005, "lvl": 10, "x": 7, "y": 16, "l1x": 26, "l1y": 29 },
  { "data": 1000006, "lvl": 9, "x": 39, "y": 24, "unit_prod": { "unit_type": 0 }, "l1x": 16, "l1y": 36 },
  { "data": 1000002, "lvl": 10, "x": 10, "y": 2, "res_time": 158055, "l1x": 10, "l1y": 5 },
  { "data": 1000004, "lvl": 10, "x": 2, "y": 15, "res_time": 158056, "l1x": 5, "l1y": 16 },
  { "data": 1000008, "lvl": 11, "x": 34, "y": 16, "l1x": 12, "l1y": 22 },
  { "data": 1000009, "lvl": 11, "x": 27, "y": 24, "l1x": 29, "l1y": 22 },
  { "data": 1000015, "lvl": 0, "x": 7, "y": 28, "l1x": 20, "l1y": 18 },
  { "data": 1000006, "lvl": 9, "x": 39, "y": 15, "unit_prod": { "unit_type": 0 }, "l1x": 35, "l1y": 36 },
  { "data": 1000005, "lvl": 10, "x": 11, "y": 25, "l1x": 9, "l1y": 29 },
  { "data": 1000004, "lvl": 10, "x": 29, "y": 37, "res_time": 137107, "l1x": 4, "l1y": 31 },
  { "data": 1000002, "lvl": 10, "x": 2, "y": 10, "res_time": 158054, "l1x": 5, "l1y": 11 },
  { "data": 1000003, "lvl": 10, "x": 15, "y": 18, "l1x": 15, "l1y": 29 },
  {
    "data": 1000000,
    "lvl": 7,
    "x": 7,
    "y": 34,
    "units": [[4000004, 19], [4000006, 6]],
    "storage_type": 0,
    "l1x": 4,
    "l1y": 19
  }, { "data": 1000002, "lvl": 10, "x": 2, "y": 20, "res_time": 158054, "l1x": 5, "l1y": 24 },
  { "data": 1000004, "lvl": 10, "x": 37, "y": 29, "res_time": 125893, "l1x": 36, "l1y": 12 },
  { "data": 1000006, "lvl": 9, "x": 24, "y": 39, "unit_prod": { "unit_type": 0 }, "l1x": 30, "l1y": 36 },
  { "data": 1000010, "lvl": 10, "x": 15, "y": 29, "l1x": 32, "l1y": 19 },
  { "data": 1000010, "lvl": 10, "x": 37, "y": 24, "l1x": 32, "l1y": 20 },
  { "data": 1000010, "lvl": 10, "x": 37, "y": 26, "l1x": 32, "l1y": 21 },
  { "data": 1000010, "lvl": 10, "x": 30, "y": 19, "l1x": 32, "l1y": 22 },
  { "data": 1000010, "lvl": 10, "x": 30, "y": 18, "l1x": 32, "l1y": 23 },
  { "data": 1000010, "lvl": 10, "x": 30, "y": 17, "l1x": 32, "l1y": 24 },
  { "data": 1000010, "lvl": 10, "x": 30, "y": 16, "l1x": 29, "l1y": 25 },
  { "data": 1000010, "lvl": 10, "x": 37, "y": 15, "l1x": 30, "l1y": 25 },
  { "data": 1000010, "lvl": 10, "x": 30, "y": 14, "l1x": 31, "l1y": 25 },
  { "data": 1000010, "lvl": 10, "x": 29, "y": 14, "l1x": 32, "l1y": 25 },
  { "data": 1000010, "lvl": 10, "x": 30, "y": 15, "l1x": 33, "l1y": 25 },
  { "data": 1000010, "lvl": 10, "x": 36, "y": 26, "l1x": 34, "l1y": 25 },
  { "data": 1000010, "lvl": 10, "x": 35, "y": 26, "l1x": 35, "l1y": 25 },
  { "data": 1000010, "lvl": 10, "x": 34, "y": 26, "l1x": 35, "l1y": 26 },
  { "data": 1000010, "lvl": 10, "x": 33, "y": 26, "l1x": 35, "l1y": 27 },
  { "data": 1000010, "lvl": 10, "x": 32, "y": 26, "l1x": 35, "l1y": 28 },
  { "data": 1000010, "lvl": 10, "x": 31, "y": 26, "l1x": 35, "l1y": 29 },
  { "data": 1000010, "lvl": 10, "x": 30, "y": 26, "l1x": 35, "l1y": 30 },
  { "data": 1000010, "lvl": 10, "x": 37, "y": 23, "l1x": 35, "l1y": 31 },
  { "data": 1000010, "lvl": 10, "x": 37, "y": 22, "l1x": 35, "l1y": 32 },
  { "data": 1000010, "lvl": 10, "x": 37, "y": 21, "l1x": 35, "l1y": 33 },
  { "data": 1000010, "lvl": 10, "x": 37, "y": 20, "l1x": 35, "l1y": 34 },
  { "data": 1000010, "lvl": 10, "x": 37, "y": 19, "l1x": 35, "l1y": 35 },
  { "data": 1000010, "lvl": 10, "x": 37, "y": 18, "l1x": 34, "l1y": 35 },
  { "data": 1000010, "lvl": 10, "x": 37, "y": 17, "l1x": 33, "l1y": 35 },
  { "data": 1000010, "lvl": 10, "x": 37, "y": 16, "l1x": 32, "l1y": 35 },
  { "data": 1000010, "lvl": 10, "x": 36, "y": 14, "l1x": 31, "l1y": 35 },
  { "data": 1000010, "lvl": 10, "x": 35, "y": 14, "l1x": 30, "l1y": 35 },
  { "data": 1000010, "lvl": 10, "x": 34, "y": 14, "l1x": 29, "l1y": 35 },
  { "data": 1000010, "lvl": 10, "x": 33, "y": 14, "l1x": 28, "l1y": 35 },
  { "data": 1000010, "lvl": 10, "x": 32, "y": 14, "l1x": 27, "l1y": 35 },
  { "data": 1000010, "lvl": 10, "x": 31, "y": 14, "l1x": 26, "l1y": 35 },
  { "data": 1000010, "lvl": 10, "x": 37, "y": 14, "l1x": 25, "l1y": 35 },
  { "data": 1000010, "lvl": 10, "x": 26, "y": 31, "l1x": 25, "l1y": 34 },
  { "data": 1000010, "lvl": 10, "x": 26, "y": 32, "l1x": 19, "l1y": 33 },
  { "data": 1000010, "lvl": 10, "x": 26, "y": 33, "l1x": 20, "l1y": 33 },
  { "data": 1000010, "lvl": 10, "x": 26, "y": 34, "l1x": 21, "l1y": 33 },
  { "data": 1000010, "lvl": 10, "x": 26, "y": 35, "l1x": 22, "l1y": 33 },
  { "data": 1000010, "lvl": 10, "x": 26, "y": 36, "l1x": 23, "l1y": 33 },
  { "data": 1000010, "lvl": 10, "x": 26, "y": 37, "l1x": 24, "l1y": 33 },
  { "data": 1000010, "lvl": 10, "x": 25, "y": 37, "l1x": 25, "l1y": 33 },
  { "data": 1000010, "lvl": 10, "x": 24, "y": 37, "l1x": 25, "l1y": 32 },
  { "data": 1000010, "lvl": 10, "x": 23, "y": 37, "l1x": 25, "l1y": 31 },
  { "data": 1000010, "lvl": 10, "x": 22, "y": 37, "l1x": 25, "l1y": 30 },
  { "data": 1000010, "lvl": 10, "x": 21, "y": 37, "l1x": 25, "l1y": 29 },
  { "data": 1000010, "lvl": 10, "x": 20, "y": 37, "l1x": 28, "l1y": 20 },
  { "data": 1000010, "lvl": 10, "x": 19, "y": 37, "l1x": 28, "l1y": 21 },
  { "data": 1000010, "lvl": 10, "x": 18, "y": 37, "l1x": 28, "l1y": 22 },
  { "data": 1000010, "lvl": 10, "x": 17, "y": 37, "l1x": 28, "l1y": 23 },
  { "data": 1000010, "lvl": 10, "x": 16, "y": 37, "l1x": 28, "l1y": 24 },
  { "data": 1000010, "lvl": 10, "x": 14, "y": 37, "l1x": 28, "l1y": 25 },
  { "data": 1000010, "lvl": 10, "x": 13, "y": 30, "l1x": 28, "l1y": 26 },
  { "data": 1000010, "lvl": 10, "x": 14, "y": 36, "l1x": 28, "l1y": 27 },
  { "data": 1000010, "lvl": 10, "x": 14, "y": 35, "l1x": 28, "l1y": 28 },
  { "data": 1000010, "lvl": 10, "x": 14, "y": 34, "l1x": 27, "l1y": 28 },
  { "data": 1000010, "lvl": 10, "x": 14, "y": 33, "l1x": 26, "l1y": 28 },
  { "data": 1000010, "lvl": 10, "x": 14, "y": 32, "l1x": 25, "l1y": 28 },
  { "data": 1000010, "lvl": 10, "x": 15, "y": 37, "l1x": 24, "l1y": 28 },
  { "data": 1000010, "lvl": 10, "x": 30, "y": 23, "l1x": 23, "l1y": 28 },
  { "data": 1000010, "lvl": 10, "x": 30, "y": 24, "l1x": 22, "l1y": 28 },
  { "data": 1000010, "lvl": 10, "x": 37, "y": 25, "l1x": 21, "l1y": 28 },
  { "data": 1000010, "lvl": 10, "x": 30, "y": 25, "l1x": 20, "l1y": 28 },
  { "data": 1000010, "lvl": 10, "x": 30, "y": 27, "l1x": 11, "l1y": 24 },
  { "data": 1000010, "lvl": 10, "x": 30, "y": 28, "l1x": 11, "l1y": 23 },
  { "data": 1000010, "lvl": 10, "x": 30, "y": 29, "l1x": 11, "l1y": 22 },
  { "data": 1000010, "lvl": 10, "x": 30, "y": 30, "l1x": 11, "l1y": 21 },
  { "data": 1000010, "lvl": 10, "x": 29, "y": 30, "l1x": 11, "l1y": 20 },
  { "data": 1000010, "lvl": 10, "x": 28, "y": 30, "l1x": 11, "l1y": 19 },
  { "data": 1000010, "lvl": 10, "x": 27, "y": 30, "l1x": 15, "l1y": 20 },
  { "data": 1000010, "lvl": 10, "x": 26, "y": 30, "l1x": 15, "l1y": 21 },
  { "data": 1000010, "lvl": 10, "x": 25, "y": 30, "l1x": 15, "l1y": 22 },
  { "data": 1000010, "lvl": 10, "x": 24, "y": 30, "l1x": 15, "l1y": 23 },
  { "data": 1000010, "lvl": 10, "x": 23, "y": 30, "l1x": 18, "l1y": 29 },
  { "data": 1000010, "lvl": 10, "x": 22, "y": 30, "l1x": 18, "l1y": 30 },
  { "data": 1000010, "lvl": 10, "x": 21, "y": 30, "l1x": 18, "l1y": 31 },
  { "data": 1000007, "lvl": 7, "x": 33, "y": 33, "l1x": 4, "l1y": 5 },
  { "data": 1000002, "lvl": 10, "x": 37, "y": 4, "res_time": 149427, "l1x": 36, "l1y": 17 },
  { "data": 1000004, "lvl": 10, "x": 39, "y": 19, "res_time": 137102, "l1x": 36, "l1y": 26 },
  { "data": 1000015, "lvl": 0, "x": 33, "y": 29, "l1x": 24, "l1y": 20 },
  {
    "data": 1000000,
    "lvl": 7,
    "x": 29,
    "y": 4,
    "units": [[4000015, 2], [4000013, 2]],
    "storage_type": 0,
    "l1x": 20,
    "l1y": 36
  }, { "data": 1000010, "lvl": 10, "x": 30, "y": 22, "l1x": 18, "l1y": 32 },
  { "data": 1000010, "lvl": 10, "x": 30, "y": 21, "l1x": 18, "l1y": 33 },
  { "data": 1000010, "lvl": 10, "x": 30, "y": 20, "l1x": 18, "l1y": 34 },
  { "data": 1000010, "lvl": 10, "x": 29, "y": 20, "l1x": 18, "l1y": 35 },
  { "data": 1000010, "lvl": 10, "x": 28, "y": 20, "l1x": 17, "l1y": 35 },
  { "data": 1000010, "lvl": 10, "x": 27, "y": 20, "l1x": 16, "l1y": 35 },
  { "data": 1000010, "lvl": 10, "x": 20, "y": 27, "l1x": 15, "l1y": 35 },
  { "data": 1000010, "lvl": 10, "x": 20, "y": 28, "l1x": 14, "l1y": 35 },
  { "data": 1000010, "lvl": 10, "x": 20, "y": 29, "l1x": 13, "l1y": 35 },
  { "data": 1000010, "lvl": 10, "x": 20, "y": 30, "l1x": 12, "l1y": 35 },
  { "data": 1000010, "lvl": 10, "x": 19, "y": 30, "l1x": 11, "l1y": 35 },
  { "data": 1000010, "lvl": 10, "x": 18, "y": 30, "l1x": 10, "l1y": 35 },
  { "data": 1000010, "lvl": 10, "x": 17, "y": 30, "l1x": 9, "l1y": 35 },
  { "data": 1000010, "lvl": 10, "x": 16, "y": 30, "l1x": 8, "l1y": 35 },
  { "data": 1000010, "lvl": 10, "x": 15, "y": 30, "l1x": 8, "l1y": 34 },
  { "data": 1000010, "lvl": 10, "x": 14, "y": 30, "l1x": 8, "l1y": 33 },
  { "data": 1000010, "lvl": 10, "x": 14, "y": 29, "l1x": 8, "l1y": 32 },
  { "data": 1000010, "lvl": 10, "x": 18, "y": 26, "l1x": 8, "l1y": 31 },
  { "data": 1000010, "lvl": 10, "x": 17, "y": 26, "l1x": 8, "l1y": 30 },
  { "data": 1000010, "lvl": 10, "x": 16, "y": 26, "l1x": 8, "l1y": 29 },
  { "data": 1000010, "lvl": 10, "x": 15, "y": 26, "l1x": 8, "l1y": 28 },
  { "data": 1000010, "lvl": 10, "x": 19, "y": 26, "l1x": 8, "l1y": 27 },
  { "data": 1000010, "lvl": 10, "x": 20, "y": 26, "l1x": 8, "l1y": 26 },
  { "data": 1000010, "lvl": 10, "x": 20, "y": 25, "l1x": 8, "l1y": 25 },
  { "data": 1000010, "lvl": 10, "x": 21, "y": 25, "l1x": 9, "l1y": 25 },
  { "data": 1000013, "lvl": 7, "x": 9, "y": 31, "l1x": 9, "l1y": 32 },
  { "data": 1000009, "lvl": 11, "x": 34, "y": 19, "l1x": 32, "l1y": 32 },
  { "data": 1000009, "lvl": 11, "x": 19, "y": 34, "l1x": 22, "l1y": 30 },
  { "data": 1000008, "lvl": 11, "x": 22, "y": 34, "l1x": 12, "l1y": 32 },
  { "data": 1000012, "lvl": 7, "x": 27, "y": 21, "l1x": 29, "l1y": 19 },
  { "data": 1000011, "lvl": 7, "x": 16, "y": 27, "l1x": 29, "l1y": 29 },
  {
    "data": 1000020,
    "lvl": 4,
    "x": 3,
    "y": 3,
    "units": [[26000005, 1]],
    "storage_type": 1,
    "unit_prod": { "unit_type": 1, "t": 1523, "slots": [{ "id": 26000005, "cnt": 1 }, { "id": 26000002, "cnt": 2 }, { "id": 26000000, "cnt": 1 }] },
    "l1x": 36,
    "l1y": 7
  }, { "data": 1000004, "lvl": 10, "x": 31, "y": 21, "res_time": 126691, "l1x": 32, "l1y": 26 },
  { "data": 1000002, "lvl": 10, "x": 19, "y": 39, "res_time": 137100, "l1x": 36, "l1y": 31 },
  { "data": 1000010, "lvl": 10, "x": 22, "y": 25, "l1x": 10, "l1y": 25 },
  { "data": 1000010, "lvl": 10, "x": 23, "y": 25, "l1x": 11, "l1y": 25 },
  { "data": 1000010, "lvl": 10, "x": 24, "y": 25, "l1x": 12, "l1y": 25 },
  { "data": 1000010, "lvl": 10, "x": 26, "y": 15, "l1x": 13, "l1y": 25 },
  { "data": 1000010, "lvl": 10, "x": 26, "y": 16, "l1x": 14, "l1y": 25 },
  { "data": 1000010, "lvl": 10, "x": 26, "y": 17, "l1x": 29, "l1y": 18 },
  { "data": 1000010, "lvl": 10, "x": 26, "y": 18, "l1x": 30, "l1y": 18 },
  { "data": 1000010, "lvl": 10, "x": 26, "y": 19, "l1x": 31, "l1y": 18 },
  { "data": 1000010, "lvl": 10, "x": 26, "y": 20, "l1x": 32, "l1y": 18 },
  { "data": 1000010, "lvl": 10, "x": 25, "y": 20, "l1x": 33, "l1y": 18 },
  { "data": 1000010, "lvl": 10, "x": 25, "y": 21, "l1x": 34, "l1y": 18 },
  { "data": 1000010, "lvl": 10, "x": 25, "y": 22, "l1x": 35, "l1y": 18 },
  { "data": 1000010, "lvl": 10, "x": 25, "y": 23, "l1x": 35, "l1y": 17 },
  { "data": 1000010, "lvl": 10, "x": 25, "y": 24, "l1x": 35, "l1y": 16 },
  { "data": 1000010, "lvl": 10, "x": 25, "y": 25, "l1x": 35, "l1y": 15 },
  { "data": 1000010, "lvl": 10, "x": 7, "y": 26, "l1x": 35, "l1y": 14 },
  { "data": 1000010, "lvl": 10, "x": 8, "y": 26, "l1x": 35, "l1y": 13 },
  { "data": 1000010, "lvl": 10, "x": 9, "y": 26, "l1x": 35, "l1y": 12 },
  { "data": 1000010, "lvl": 10, "x": 6, "y": 26, "l1x": 35, "l1y": 11 },
  { "data": 1000010, "lvl": 10, "x": 29, "y": 13, "l1x": 35, "l1y": 10 },
  { "data": 1000010, "lvl": 10, "x": 13, "y": 29, "l1x": 35, "l1y": 9 },
  { "data": 1000010, "lvl": 10, "x": 6, "y": 25, "l1x": 35, "l1y": 8 },
  { "data": 1000010, "lvl": 10, "x": 6, "y": 24, "l1x": 34, "l1y": 8 },
  { "data": 1000010, "lvl": 10, "x": 6, "y": 23, "l1x": 33, "l1y": 8 },
  { "data": 1000010, "lvl": 10, "x": 6, "y": 22, "l1x": 32, "l1y": 8 },
  { "data": 1000024, "lvl": 5, "x": 11, "y": 11, "l1x": 15, "l1y": 12 },
  {
    "data": 1000000,
    "lvl": 7,
    "x": 34,
    "y": 8,
    "units": [[4000013, 1], [4000011, 3]],
    "storage_type": 0,
    "l1x": 35,
    "l1y": 20
  }, {
    "data": 1000006,
    "lvl": 9,
    "x": 14,
    "y": 38,
    "unit_prod": { "unit_type": 0, "t": 9, "slots": [{ "id": 4000001, "cnt": 2 }] },
    "l1x": 25,
    "l1y": 36
  }, { "data": 1000026, "lvl": 4, "x": 25, "y": 2, "unit_prod": { "unit_type": 0 }, "l1x": 6, "l1y": 36 },
  { "data": 1000003, "lvl": 10, "x": 7, "y": 20, "l1x": 26, "l1y": 12 },
  { "data": 1000023, "lvl": 5, "x": 16, "y": 31, "res_time": 19853, "l1x": 24, "l1y": 5 },
  { "data": 1000010, "lvl": 10, "x": 6, "y": 21, "l1x": 31, "l1y": 8 },
  { "data": 1000010, "lvl": 10, "x": 6, "y": 20, "l1x": 30, "l1y": 8 },
  { "data": 1000010, "lvl": 10, "x": 9, "y": 19, "l1x": 29, "l1y": 8 },
  { "data": 1000010, "lvl": 10, "x": 8, "y": 19, "l1x": 28, "l1y": 8 },
  { "data": 1000010, "lvl": 10, "x": 7, "y": 19, "l1x": 27, "l1y": 8 },
  { "data": 1000010, "lvl": 10, "x": 6, "y": 19, "l1x": 26, "l1y": 8 },
  { "data": 1000010, "lvl": 10, "x": 6, "y": 18, "l1x": 25, "l1y": 8 },
  { "data": 1000010, "lvl": 10, "x": 6, "y": 17, "l1x": 25, "l1y": 9 },
  { "data": 1000010, "lvl": 10, "x": 6, "y": 16, "l1x": 19, "l1y": 10 },
  { "data": 1000010, "lvl": 10, "x": 6, "y": 15, "l1x": 20, "l1y": 10 },
  { "data": 1000010, "lvl": 10, "x": 6, "y": 14, "l1x": 21, "l1y": 10 },
  { "data": 1000010, "lvl": 10, "x": 6, "y": 13, "l1x": 22, "l1y": 10 },
  { "data": 1000010, "lvl": 10, "x": 10, "y": 24, "l1x": 23, "l1y": 10 },
  { "data": 1000010, "lvl": 10, "x": 10, "y": 23, "l1x": 24, "l1y": 10 },
  { "data": 1000010, "lvl": 10, "x": 10, "y": 22, "l1x": 25, "l1y": 10 },
  { "data": 1000010, "lvl": 10, "x": 10, "y": 21, "l1x": 25, "l1y": 11 },
  { "data": 1000010, "lvl": 10, "x": 10, "y": 20, "l1x": 25, "l1y": 12 },
  { "data": 1000010, "lvl": 10, "x": 10, "y": 19, "l1x": 25, "l1y": 13 },
  { "data": 1000010, "lvl": 10, "x": 10, "y": 25, "l1x": 25, "l1y": 14 },
  { "data": 1000010, "lvl": 10, "x": 10, "y": 26, "l1x": 23, "l1y": 15 },
  { "data": 1000010, "lvl": 10, "x": 10, "y": 27, "l1x": 22, "l1y": 15 },
  { "data": 1000010, "lvl": 10, "x": 10, "y": 28, "l1x": 21, "l1y": 15 },
  { "data": 1000010, "lvl": 10, "x": 11, "y": 28, "l1x": 20, "l1y": 15 },
  { "data": 1000010, "lvl": 10, "x": 12, "y": 28, "l1x": 18, "l1y": 14 },
  { "data": 1000010, "lvl": 10, "x": 13, "y": 28, "l1x": 18, "l1y": 13 },
  { "data": 1000010, "lvl": 10, "x": 14, "y": 28, "l1x": 18, "l1y": 12 },
  { "data": 1000010, "lvl": 10, "x": 14, "y": 27, "l1x": 18, "l1y": 11 },
  { "data": 1000010, "lvl": 10, "x": 14, "y": 26, "l1x": 18, "l1y": 10 },
  { "data": 1000010, "lvl": 10, "x": 14, "y": 25, "l1x": 18, "l1y": 9 },
  { "data": 1000010, "lvl": 10, "x": 14, "y": 24, "l1x": 18, "l1y": 8 },
  { "data": 1000010, "lvl": 10, "x": 14, "y": 23, "l1x": 17, "l1y": 8 },
  { "data": 1000010, "lvl": 10, "x": 14, "y": 22, "l1x": 16, "l1y": 8 },
  { "data": 1000010, "lvl": 10, "x": 14, "y": 21, "l1x": 15, "l1y": 8 },
  { "data": 1000010, "lvl": 10, "x": 10, "y": 18, "l1x": 14, "l1y": 8 },
  { "data": 1000010, "lvl": 10, "x": 10, "y": 17, "l1x": 13, "l1y": 8 },
  { "data": 1000010, "lvl": 10, "x": 28, "y": 13, "l1x": 12, "l1y": 8 },
  { "data": 1000010, "lvl": 10, "x": 28, "y": 14, "l1x": 11, "l1y": 8 },
  { "data": 1000010, "lvl": 10, "x": 27, "y": 14, "l1x": 10, "l1y": 8 },
  { "data": 1000010, "lvl": 10, "x": 26, "y": 14, "l1x": 9, "l1y": 8 },
  { "data": 1000010, "lvl": 10, "x": 25, "y": 14, "l1x": 8, "l1y": 8 },
  { "data": 1000010, "lvl": 10, "x": 24, "y": 14, "l1x": 8, "l1y": 9 },
  { "data": 1000010, "lvl": 10, "x": 23, "y": 14, "l1x": 8, "l1y": 10 },
  { "data": 1000010, "lvl": 10, "x": 22, "y": 14, "l1x": 8, "l1y": 11 },
  { "data": 1000010, "lvl": 10, "x": 21, "y": 14, "l1x": 8, "l1y": 12 },
  { "data": 1000010, "lvl": 10, "x": 20, "y": 14, "l1x": 8, "l1y": 13 },
  { "data": 1000010, "lvl": 10, "x": 19, "y": 14, "l1x": 8, "l1y": 14 },
  { "data": 1000010, "lvl": 10, "x": 18, "y": 14, "l1x": 8, "l1y": 15 },
  { "data": 1000010, "lvl": 10, "x": 17, "y": 14, "l1x": 8, "l1y": 16 },
  { "data": 1000010, "lvl": 10, "x": 14, "y": 20, "l1x": 8, "l1y": 17 },
  { "data": 1000010, "lvl": 10, "x": 14, "y": 19, "l1x": 8, "l1y": 18 },
  { "data": 1000010, "lvl": 10, "x": 14, "y": 18, "l1x": 9, "l1y": 18 },
  { "data": 1000010, "lvl": 10, "x": 14, "y": 17, "l1x": 10, "l1y": 18 },
  { "data": 1000010, "lvl": 10, "x": 14, "y": 16, "l1x": 11, "l1y": 18 },
  { "data": 1000010, "lvl": 10, "x": 14, "y": 15, "l1x": 12, "l1y": 18 },
  { "data": 1000010, "lvl": 10, "x": 16, "y": 14, "l1x": 13, "l1y": 18 },
  { "data": 1000010, "lvl": 10, "x": 15, "y": 14, "l1x": 14, "l1y": 18 },
  { "data": 1000010, "lvl": 10, "x": 14, "y": 14, "l1x": 19, "l1y": 16 },
  { "data": 1000010, "lvl": 10, "x": 10, "y": 16, "l1x": 19, "l1y": 15 },
  { "data": 1000010, "lvl": 10, "x": 10, "y": 15, "l1x": 18, "l1y": 15 },
  { "data": 1000010, "lvl": 10, "x": 10, "y": 14, "l1x": 17, "l1y": 15 },
  { "data": 1000010, "lvl": 10, "x": 10, "y": 13, "l1x": 16, "l1y": 15 },
  { "data": 1000010, "lvl": 10, "x": 28, "y": 12, "l1x": 15, "l1y": 15 },
  { "data": 1000010, "lvl": 10, "x": 28, "y": 11, "l1x": 15, "l1y": 16 },
  { "data": 1000010, "lvl": 10, "x": 26, "y": 9, "l1x": 15, "l1y": 17 },
  { "data": 1000010, "lvl": 10, "x": 26, "y": 8, "l1x": 15, "l1y": 18 },
  { "data": 1000010, "lvl": 10, "x": 26, "y": 7, "l1x": 15, "l1y": 19 },
  { "data": 1000010, "lvl": 10, "x": 26, "y": 6, "l1x": 16, "l1y": 19 },
  { "data": 1000010, "lvl": 10, "x": 30, "y": 13, "l1x": 19, "l1y": 27 },
  { "data": 1000010, "lvl": 10, "x": 27, "y": 10, "l1x": 19, "l1y": 28 },
  { "data": 1000010, "lvl": 10, "x": 25, "y": 6, "l1x": 18, "l1y": 28 },
  { "data": 1000010, "lvl": 10, "x": 14, "y": 31, "l1x": 17, "l1y": 28 },
  { "data": 1000010, "lvl": 10, "x": 26, "y": 10, "l1x": 16, "l1y": 28 },
  { "data": 1000010, "lvl": 10, "x": 28, "y": 10, "l1x": 15, "l1y": 28 },
  { "data": 1000010, "lvl": 10, "x": 25, "y": 10, "l1x": 15, "l1y": 27 },
  { "data": 1000010, "lvl": 10, "x": 24, "y": 10, "l1x": 15, "l1y": 26 },
  { "data": 1000010, "lvl": 10, "x": 24, "y": 6, "l1x": 15, "l1y": 25 },
  { "data": 1000010, "lvl": 10, "x": 23, "y": 6, "l1x": 15, "l1y": 24 },
  { "data": 1000010, "lvl": 10, "x": 23, "y": 10, "l1x": 16, "l1y": 24 },
  { "data": 1000010, "lvl": 10, "x": 22, "y": 10, "l1x": 27, "l1y": 19 },
  { "data": 1000010, "lvl": 10, "x": 22, "y": 6, "l1x": 28, "l1y": 19 },
  { "data": 1000010, "lvl": 10, "x": 21, "y": 6, "l1x": 28, "l1y": 18 },
  { "data": 1000010, "lvl": 10, "x": 20, "y": 6, "l1x": 28, "l1y": 17 },
  { "data": 1000010, "lvl": 10, "x": 21, "y": 10, "l1x": 28, "l1y": 16 },
  { "data": 1000010, "lvl": 10, "x": 20, "y": 10, "l1x": 28, "l1y": 15 },
  { "data": 1000010, "lvl": 10, "x": 19, "y": 6, "l1x": 27, "l1y": 15 },
  { "data": 1000010, "lvl": 10, "x": 19, "y": 7, "l1x": 26, "l1y": 15 },
  { "data": 1000010, "lvl": 10, "x": 19, "y": 8, "l1x": 25, "l1y": 15 },
  { "data": 1000010, "lvl": 10, "x": 19, "y": 9, "l1x": 24, "l1y": 15 },
  { "data": 1000010, "lvl": 10, "x": 19, "y": 10, "l1x": 24, "l1y": 16 },
  { "data": 1000010, "lvl": 10, "x": 18, "y": 6, "l1x": 19, "l1y": 24 },
  { "data": 1000010, "lvl": 10, "x": 17, "y": 6, "l1x": 18, "l1y": 24 },
  { "data": 1000010, "lvl": 10, "x": 16, "y": 6, "l1x": 17, "l1y": 24 },
  { "data": 1000010, "lvl": 10, "x": 15, "y": 6, "l1x": 17, "l1y": 23 },
  { "data": 1000010, "lvl": 10, "x": 18, "y": 10, "l1x": 17, "l1y": 22 },
  { "data": 1000010, "lvl": 10, "x": 17, "y": 10, "l1x": 17, "l1y": 21 },
  { "data": 1000010, "lvl": 10, "x": 16, "y": 10, "l1x": 18, "l1y": 19 },
  { "data": 1000010, "lvl": 10, "x": 15, "y": 10, "l1x": 17, "l1y": 19 },
  { "data": 1000010, "lvl": 10, "x": 14, "y": 6, "l1x": 17, "l1y": 20 },
  { "data": 1000010, "lvl": 10, "x": 13, "y": 6, "l1x": 19, "l1y": 25 },
  { "data": 1000010, "lvl": 10, "x": 14, "y": 10, "l1x": 19, "l1y": 26 },
  { "data": 1000008, "lvl": 11, "x": 16, "y": 34, "l1x": 29, "l1y": 9 },
  { "data": 1000009, "lvl": 11, "x": 24, "y": 27, "l1x": 9, "l1y": 26 },
  { "data": 1000009, "lvl": 11, "x": 11, "y": 21, "l1x": 32, "l1y": 15 },
  { "data": 1000008, "lvl": 11, "x": 7, "y": 23, "l1x": 22, "l1y": 11 },
  { "data": 1000013, "lvl": 7, "x": 31, "y": 9, "l1x": 32, "l1y": 9 },
  { "data": 1000013, "lvl": 7, "x": 27, "y": 27, "l1x": 9, "l1y": 9 },
  { "data": 1000005, "lvl": 10, "x": 25, "y": 11, "l1x": 32, "l1y": 12 },
  { "data": 1000003, "lvl": 10, "x": 20, "y": 7, "l1x": 12, "l1y": 15 },
  { "data": 1000022, "lvl": 0, "x": 22, "y": 18, "l1x": 29, "l1y": 15 },
  { "data": 1000010, "lvl": 10, "x": 13, "y": 10, "l1x": 20, "l1y": 26 },
  { "data": 1000010, "lvl": 10, "x": 12, "y": 9, "l1x": 21, "l1y": 26 },
  { "data": 1000010, "lvl": 10, "x": 12, "y": 10, "l1x": 22, "l1y": 26 },
  { "data": 1000010, "lvl": 10, "x": 11, "y": 10, "l1x": 23, "l1y": 26 },
  { "data": 1000010, "lvl": 10, "x": 10, "y": 10, "l1x": 24, "l1y": 26 },
  { "data": 1000010, "lvl": 10, "x": 10, "y": 11, "l1x": 24, "l1y": 25 },
  { "data": 1000010, "lvl": 10, "x": 10, "y": 12, "l1x": 24, "l1y": 24 },
  { "data": 1000010, "lvl": 10, "x": 9, "y": 12, "l1x": 25, "l1y": 24 },
  { "data": 1000010, "lvl": 10, "x": 12, "y": 8, "l1x": 26, "l1y": 24 },
  { "data": 1000010, "lvl": 10, "x": 12, "y": 7, "l1x": 26, "l1y": 23 },
  { "data": 1000010, "lvl": 10, "x": 12, "y": 6, "l1x": 26, "l1y": 22 },
  { "data": 1000010, "lvl": 10, "x": 11, "y": 6, "l1x": 26, "l1y": 21 },
  { "data": 1000010, "lvl": 10, "x": 10, "y": 6, "l1x": 26, "l1y": 20 },
  { "data": 1000010, "lvl": 10, "x": 9, "y": 6, "l1x": 26, "l1y": 19 },
  { "data": 1000010, "lvl": 10, "x": 8, "y": 12, "l1x": 25, "l1y": 19 },
  { "data": 1000010, "lvl": 10, "x": 7, "y": 12, "l1x": 24, "l1y": 19 },
  { "data": 1000010, "lvl": 10, "x": 6, "y": 12, "l1x": 24, "l1y": 18 },
  { "data": 1000010, "lvl": 10, "x": 6, "y": 11, "l1x": 24, "l1y": 17 },
  { "data": 1000010, "lvl": 10, "x": 6, "y": 10, "l1x": 23, "l1y": 17 },
  { "data": 1000010, "lvl": 10, "x": 6, "y": 9, "l1x": 22, "l1y": 17 },
  { "data": 1000010, "lvl": 10, "x": 6, "y": 8, "l1x": 21, "l1y": 17 },
  { "data": 1000010, "lvl": 10, "x": 6, "y": 7, "l1x": 20, "l1y": 17 },
  { "data": 1000010, "lvl": 10, "x": 8, "y": 6, "l1x": 19, "l1y": 17 },
  { "data": 1000010, "lvl": 10, "x": 7, "y": 6, "l1x": 19, "l1y": 18 },
  { "data": 1000010, "lvl": 10, "x": 6, "y": 6, "l1x": 19, "l1y": 19 },
  { "data": 1000005, "lvl": 10, "x": 16, "y": 7, "l1x": 12, "l1y": 9 },
  { "data": 1000002, "lvl": 10, "x": 21, "y": 31, "res_time": 171788, "l1x": 32, "l1y": 29 },
  { "data": 1000004, "lvl": 10, "x": 31, "y": 16, "res_time": 130389, "l1x": 9, "l1y": 12 },
  { "data": 1000025, "lvl": 0, "x": 18, "y": 22, "l1x": 12, "l1y": 26 },
  { "data": 1000012, "lvl": 7, "x": 21, "y": 27, "l1x": 19, "l1y": 29 },
  { "data": 1000012, "lvl": 7, "x": 11, "y": 17, "l1x": 12, "l1y": 19 },
  { "data": 1000008, "lvl": 11, "x": 23, "y": 7, "l1x": 15, "l1y": 9 },
  { "data": 1000011, "lvl": 7, "x": 27, "y": 16, "l1x": 12, "l1y": 29 },
  { "data": 1000012, "lvl": 7, "x": 17, "y": 11, "l1x": 19, "l1y": 12 },
  { "data": 1000009, "lvl": 11, "x": 21, "y": 11, "l1x": 26, "l1y": 9 },
  { "data": 1000009, "lvl": 11, "x": 7, "y": 7, "l1x": 9, "l1y": 15 },
  { "data": 1000011, "lvl": 7, "x": 11, "y": 14, "l1x": 29, "l1y": 12 },
  { "data": 1000011, "lvl": 7, "x": 14, "y": 11, "l1x": 12, "l1y": 12 },
  { "data": 1000019, "lvl": 6, "x": 24, "y": 31, "l1x": 33, "l1y": 22 },
  { "data": 1000015, "lvl": 0, "x": 29, "y": 33, "l1x": 20, "l1y": 24 },
  {
    "data": 1000021,
    "lvl": 3,
    "x": 15,
    "y": 15,
    "attack_mode": false,
    "attack_mode_war": false,
    "ammo": 1224,
    "l1x": 25,
    "l1y": 16
  }, { "data": 1000019, "lvl": 6, "x": 31, "y": 24, "l1x": 20, "l1y": 8 },
  {
    "data": 1000021,
    "lvl": 3,
    "x": 15,
    "y": 23,
    "attack_mode": true,
    "attack_mode_war": false,
    "ammo": 1229,
    "l1x": 16,
    "l1y": 25
  }, {
    "data": 1000027,
    "lvl": 2,
    "x": 16,
    "y": 21,
    "attack_mode": false,
    "attack_mode_war": false,
    "ammo": 502,
    "l1x": 18,
    "l1y": 21
  }, {
    "data": 1000027,
    "lvl": 2,
    "x": 21,
    "y": 16,
    "attack_mode": true,
    "attack_mode_war": true,
    "ammo": 528,
    "l1x": 24,
    "l1y": 22
  }, {
    "data": 1000021,
    "lvl": 3,
    "x": 23,
    "y": 15,
    "attack_mode": true,
    "attack_mode_war": false,
    "ammo": 1030,
    "l1x": 16,
    "l1y": 16
  }, { "data": 1000019, "lvl": 6, "x": 7, "y": 10, "l1x": 9, "l1y": 22 },
  { "data": 1000019, "lvl": 6, "x": 10, "y": 7, "l1x": 20, "l1y": 34 },
  { "data": 1000023, "lvl": 5, "x": 7, "y": 13, "res_time": 47400, "l1x": 26, "l1y": 32 },
  { "data": 1000023, "lvl": 5, "x": 13, "y": 7, "res_time": 43463, "l1x": 15, "l1y": 32 },
  { "data": 1000026, "lvl": 4, "x": 2, "y": 25, "unit_prod": { "unit_type": 0 }, "l1x": 11, "l1y": 36 }
  ],
  "obstacles": [
  { "data": 8000008, "x": 32, "y": 1, "l1x": -1, "l1y": -1, "loot_multiply_ver": 2 },
  { "data": 8000000, "x": 5, "y": 42, "l1x": -1, "l1y": -1, "loot_multiply_ver": 2 }
  ],
  "traps": [
  { "data": 12000000, "lvl": 4, "x": 24, "y": 5, "l1x": 28, "l1y": 36 },
  { "data": 12000000, "lvl": 4, "x": 5, "y": 24, "l1x": 19, "l1y": 37 },
  { "data": 12000000, "lvl": 4, "x": 36, "y": 32, "l1x": 25, "l1y": 39 },
  { "data": 12000000, "lvl": 4, "x": 33, "y": 32, "l1x": 7, "l1y": 31 },
  { "data": 12000000, "lvl": 4, "x": 32, "y": 33, "l1x": 10, "l1y": 36 },
  { "data": 12000000, "lvl": 4, "x": 32, "y": 36, "l1x": 9, "l1y": 36 },
  { "data": 12000005, "lvl": 3, "x": 5, "y": 6, "l1x": 19, "l1y": 11 },
  { "data": 12000005, "lvl": 3, "x": 20, "y": 11, "l1x": 20, "l1y": 32 },
  { "data": 12000005, "lvl": 3, "x": 22, "y": 15, "l1x": 18, "l1y": 23 },
  { "data": 12000005, "lvl": 3, "x": 10, "y": 5, "l1x": 23, "l1y": 18 },
  { "data": 12000005, "lvl": 3, "x": 15, "y": 22, "l1x": 23, "l1y": 25 },
  { "data": 12000001, "lvl": 0, "x": 19, "y": 5, "l1x": 7, "l1y": 15 },
  { "data": 12000001, "lvl": 0, "x": 5, "y": 18, "l1x": 7, "l1y": 27 },
  { "data": 12000001, "lvl": 0, "x": 38, "y": 18, "l1x": 7, "l1y": 35 },
  { "data": 12000001, "lvl": 0, "x": 38, "y": 23, "l1x": 36, "l1y": 15 },
  { "data": 12000001, "lvl": 0, "x": 22, "y": 38, "l1x": 36, "l1y": 25 },
  { "data": 12000001, "lvl": 0, "x": 18, "y": 38, "l1x": 8, "l1y": 7 },
  { "data": 12000002, "lvl": 3, "x": 4, "y": 8, "l1x": 36, "l1y": 34 },
  { "data": 12000002, "lvl": 3, "x": 13, "y": 4, "l1x": 33, "l1y": 20 },
  { "data": 12000002, "lvl": 3, "x": 4, "y": 13, "l1x": 22, "l1y": 8 },
  { "data": 12000002, "lvl": 3, "x": 8, "y": 4, "l1x": 9, "l1y": 20 },
  { "data": 12000002, "lvl": 3, "x": 31, "y": 31, "l1x": 22, "l1y": 34 },
  { "data": 12000006, "lvl": 2, "x": 15, "y": 5, "l1x": 27, "l1y": 23 },
  { "data": 12000006, "lvl": 2, "x": 11, "y": 20, "l1x": 7, "l1y": 34 },
  { "data": 12000006, "lvl": 2, "x": 36, "y": 25, "l1x": 9, "l1y": 7 },
  { "data": 12000006, "lvl": 2, "x": 24, "y": 11, "l1x": 35, "l1y": 7 },
  { "data": 12000006, "lvl": 2, "x": 25, "y": 36, "l1x": 33, "l1y": 36 }
  ],
  "decos": [
  { "data": 18000001, "x": 35, "y": 27, "l1x": 14, "l1y": 39 },
  { "data": 18000001, "x": 29, "y": 35, "l1x": 9, "l1y": 39 },
  { "data": 18000001, "x": 40, "y": 27, "l1x": 28, "l1y": 39 },
  { "data": 18000001, "x": 27, "y": 40, "l1x": 33, "l1y": 39 },
  { "data": 18000003, "x": 4, "y": 39, "l1x": 36, "l1y": 10 },
  { "data": 18000005, "x": 22, "y": 40, "l1x": 17, "l1y": 2 },
  { "data": 18000005, "x": 40, "y": 13, "l1x": 13, "l1y": 3 },
  { "data": 18000005, "x": 40, "y": 22, "l1x": 39, "l1y": 9 },
  { "data": 18000005, "x": 27, "y": 38, "l1x": 39, "l1y": 15 },
  { "data": 18000006, "x": 31, "y": 40, "l1x": 24, "l1y": 2 },
  { "data": 18000006, "x": 29, "y": 40, "l1x": 8, "l1y": 3 },
  { "data": 18000006, "x": 40, "y": 29, "l1x": 39, "l1y": 33 },
  { "data": 18000006, "x": 40, "y": 31, "l1x": 39, "l1y": 29 },
  { "data": 18000007, "x": 2, "y": 37, "l1x": 3, "l1y": 14 },
  { "data": 18000008, "x": 6, "y": 39, "l1x": 38, "l1y": 40 },
  { "data": 18000009, "x": 2, "y": 35, "l1x": 2, "l1y": 5 }, { "data": 18000034, "x": 2, "y": 23, "l1x": 34, "l1y": 2 },
  { "data": 18000023, "x": 39, "y": 33, "l1x": 4, "l1y": 3 },
  { "data": 18000024, "x": 35, "y": 39, "l1x": 27, "l1y": 3 },
  { "data": 18000025, "x": 36, "y": 2, "l1x": 31, "l1y": 2 },
  { "data": 18000026, "x": 33, "y": 39, "l1x": 36, "l1y": 4 },
  { "data": 18000027, "x": 40, "y": 3, "l1x": 40, "l1y": 2 },
  { "data": 18000028, "x": 40, "y": 11, "l1x": 38, "l1y": 4 },
  { "data": 18000029, "x": 40, "y": 9, "l1x": 40, "l1y": 6 },
  { "data": 18000030, "x": 40, "y": 7, "l1x": 40, "l1y": 4 },
  { "data": 18000031, "x": 40, "y": 5, "l1x": 36, "l1y": 2 },
  { "data": 18000032, "x": 38, "y": 2, "l1x": 38, "l1y": 2 },
  { "data": 18000019, "x": 39, "y": 37, "l1x": 3, "l1y": 29 },
  { "data": 18000035, "x": 23, "y": 2, "l1x": 6, "l1y": 3 }, { "data": 18000036, "x": 18, "y": 2, "l1x": 2, "l1y": 7 },
  { "data": 18000022, "x": 39, "y": 35, "l1x": 2, "l1y": 3 }, { "data": 18000021, "x": 2, "y": 18, "l1x": 2, "l1y": 9 },
  { "data": 18000020, "x": 39, "y": 39, "l1x": 3, "l1y": 26 },
  { "data": 18000018, "x": 37, "y": 39, "l1x": 2, "l1y": 33 },
  { "data": 18000017, "x": 11, "y": 40, "l1x": 2, "l1y": 36 },
  { "data": 18000015, "x": 37, "y": 35, "l1x": 4, "l1y": 39 },
  { "data": 18000014, "x": 17, "y": 40, "l1x": 40, "l1y": 38 },
  { "data": 18000013, "x": 35, "y": 37, "l1x": 18, "l1y": 39 },
  { "data": 18000012, "x": 37, "y": 37, "l1x": 39, "l1y": 25 },
  { "data": 18000004, "x": 2, "y": 39, "l1x": 39, "l1y": 18 },
  { "data": 18000010, "x": 35, "y": 4, "l1x": 2, "l1y": 11 },
  { "data": 18000033, "x": 35, "y": 6, "l1x": 6, "l1y": 39 }, { "data": 18000000, "x": 4, "y": 37, "l1x": 2, "l1y": 16 }
  ],
  "respawnVars": {
    "secondsFromLastRespawn": 25084,
    "respawnSeed": 960129068,
    "obstacleClearCounter": 3,
    "time_to_gembox_drop": 265238,
    "time_in_gembox_period": 561600
  },
  "cooldowns": [],
  "newShopBuildings": [4, 0, 7, 4, 7, 4, 4, 1, 6, 7, 250, 4, 4, 3, 1, 5, 0, 0, 0, 4, 1, 3, 1, 3, 1, 1, 2, 2],
  "newShopTraps": [6, 6, 5, 0, 0, 5, 5, 0],
  "newShopDecos": [
    1, 4, 0, 1, 1, 4, 4, 1, 1, 1, 1, 1, 1, 1, 1, 1, 1, 1, 1, 1, 1, 1, 1, 1, 1, 1, 1, 1, 1, 1, 1, 1, 1, 1, 1, 1, 1
  ],
  "last_league_rank": 16,
  "last_league_shuffle": 1,
  "last_news_seen": 50,
  "edit_mode_shown": true,
  "troop_req_msg": "1 witch 12 arch 11 barb",
  "war_req_msg": "1 witch 13 arch 10 barbs",
  "war_tutorials_seen": 0,
  "war_base": true
}