{
  "buildings": [
    { "data": 1000001, "lvl": 9, "x": 20, "y": 20 }, { "data": 1000004, "lvl": 10, "x": 2, "y": 32, "res_time": 35426 },
    { "data": 1000000, "lvl": 7, "x": 35, "y": 7, "units": [[4000008, 3]], "storage_type": 0 },
    { "data": 1000015, "lvl": 0, "x": 32, "y": 32 }, { "data": 1000014, "lvl": 5, "x": 31, "y": 34 },
    { "data": 1000008, "lvl": 11, "x": 10, "y": 23 }, { "data": 1000015, "lvl": 0, "x": 17, "y": 10 },
    { "data": 1000002, "lvl": 10, "x": 7, "y": 3, "res_time": 144148 },
    { "data": 1000003, "lvl": 10, "x": 35, "y": 37 },
    { "data": 1000005, "lvl": 10, "x": 16, "y": 13 }, {
      "data": 1000006,
      "lvl": 9,
      "x": 37,
      "y": 14,
      "unit_prod": { "unit_type": 0, "t": 0, "slots": [{ "id": 4000008, "cnt": 3 }] }
    }, {
      "data": 1000006,
      "lvl": 9,
      "x": 37,
      "y": 19,
      "unit_prod": { "unit_type": 0, "t": 0, "slots": [{ "id": 4000008, "cnt": 3 }] }
    }, { "data": 1000004, "lvl": 10, "x": 37, "y": 24, "res_time": 119316 },
    { "data": 1000002, "lvl": 10, "x": 3, "y": 3, "res_time": 144149 }, { "data": 1000010, "lvl": 10, "x": 18, "y": 9 },
    { "data": 1000010, "lvl": 10, "x": 17, "y": 9 }, { "data": 1000010, "lvl": 10, "x": 16, "y": 9 },
    { "data": 1000010, "lvl": 10, "x": 15, "y": 9 }, { "data": 1000010, "lvl": 10, "x": 14, "y": 9 },
    { "data": 1000010, "lvl": 10, "x": 13, "y": 9 }, { "data": 1000010, "lvl": 10, "x": 13, "y": 11 },
    { "data": 1000010, "lvl": 10, "x": 13, "y": 10 }, { "data": 1000010, "lvl": 10, "x": 11, "y": 13 },
    { "data": 1000010, "lvl": 10, "x": 10, "y": 13 }, { "data": 1000010, "lvl": 10, "x": 32, "y": 31 },
    { "data": 1000010, "lvl": 10, "x": 9, "y": 13 }, { "data": 1000010, "lvl": 10, "x": 9, "y": 14 },
    { "data": 1000010, "lvl": 10, "x": 9, "y": 15 }, { "data": 1000010, "lvl": 10, "x": 9, "y": 16 },
    { "data": 1000010, "lvl": 10, "x": 9, "y": 17 }, { "data": 1000010, "lvl": 10, "x": 9, "y": 18 },
    { "data": 1000009, "lvl": 11, "x": 34, "y": 34 }, { "data": 1000010, "lvl": 10, "x": 34, "y": 25 },
    { "data": 1000010, "lvl": 10, "x": 34, "y": 26 }, {
      "data": 1000000,
      "lvl": 7,
      "x": 30,
      "y": 4,
      "units": [[4000008, 3]],
      "storage_type": 0
    }, { "data": 1000010, "lvl": 10, "x": 34, "y": 27 }, { "data": 1000010, "lvl": 10, "x": 34, "y": 28 },
    { "data": 1000010, "lvl": 10, "x": 34, "y": 29 }, { "data": 1000010, "lvl": 10, "x": 34, "y": 30 },
    { "data": 1000010, "lvl": 10, "x": 11, "y": 12 }, { "data": 1000010, "lvl": 10, "x": 33, "y": 30 },
    { "data": 1000010, "lvl": 10, "x": 32, "y": 30 }, { "data": 1000010, "lvl": 10, "x": 30, "y": 32 },
    { "data": 1000010, "lvl": 10, "x": 30, "y": 33 }, { "data": 1000010, "lvl": 10, "x": 12, "y": 11 },
    { "data": 1000004, "lvl": 10, "x": 5, "y": 16, "res_time": 35428 },
    { "data": 1000010, "lvl": 10, "x": 31, "y": 32 },
    { "data": 1000010, "lvl": 10, "x": 30, "y": 34 }, { "data": 1000010, "lvl": 10, "x": 29, "y": 34 },
    { "data": 1000010, "lvl": 10, "x": 28, "y": 34 }, { "data": 1000010, "lvl": 10, "x": 27, "y": 34 },
    { "data": 1000010, "lvl": 10, "x": 26, "y": 34 }, { "data": 1000010, "lvl": 10, "x": 25, "y": 34 },
    { "data": 1000010, "lvl": 10, "x": 30, "y": 12 }, { "data": 1000010, "lvl": 10, "x": 30, "y": 11 },
    { "data": 1000010, "lvl": 10, "x": 30, "y": 10 }, { "data": 1000010, "lvl": 10, "x": 30, "y": 9 },
    { "data": 1000010, "lvl": 10, "x": 29, "y": 9 }, { "data": 1000010, "lvl": 10, "x": 28, "y": 9 },
    { "data": 1000010, "lvl": 10, "x": 27, "y": 9 }, { "data": 1000010, "lvl": 10, "x": 26, "y": 9 },
    { "data": 1000010, "lvl": 10, "x": 25, "y": 9 }, { "data": 1000010, "lvl": 10, "x": 24, "y": 9 },
    { "data": 1000010, "lvl": 10, "x": 23, "y": 9 }, { "data": 1000010, "lvl": 10, "x": 22, "y": 9 },
    { "data": 1000010, "lvl": 10, "x": 21, "y": 9 }, { "data": 1000010, "lvl": 10, "x": 20, "y": 9 },
    { "data": 1000002, "lvl": 10, "x": 37, "y": 34, "res_time": 160748 },
    { "data": 1000005, "lvl": 10, "x": 13, "y": 16 }, { "data": 1000003, "lvl": 10, "x": 3, "y": 10 },
    { "data": 1000010, "lvl": 10, "x": 19, "y": 9 }, { "data": 1000010, "lvl": 10, "x": 19, "y": 10 },
    { "data": 1000010, "lvl": 10, "x": 19, "y": 11 }, { "data": 1000010, "lvl": 10, "x": 31, "y": 13 },
    { "data": 1000010, "lvl": 10, "x": 32, "y": 13 }, { "data": 1000010, "lvl": 10, "x": 33, "y": 13 },
    { "data": 1000010, "lvl": 10, "x": 34, "y": 13 }, { "data": 1000010, "lvl": 10, "x": 34, "y": 14 },
    { "data": 1000010, "lvl": 10, "x": 34, "y": 15 }, { "data": 1000010, "lvl": 10, "x": 34, "y": 16 },
    { "data": 1000010, "lvl": 10, "x": 34, "y": 17 }, { "data": 1000010, "lvl": 10, "x": 34, "y": 18 },
    { "data": 1000010, "lvl": 10, "x": 34, "y": 19 }, { "data": 1000010, "lvl": 10, "x": 34, "y": 20 },
    { "data": 1000010, "lvl": 10, "x": 34, "y": 21 }, { "data": 1000010, "lvl": 10, "x": 34, "y": 22 },
    { "data": 1000010, "lvl": 10, "x": 34, "y": 23 }, { "data": 1000010, "lvl": 10, "x": 34, "y": 24 },
    { "data": 1000010, "lvl": 10, "x": 33, "y": 24 }, { "data": 1000010, "lvl": 10, "x": 32, "y": 24 },
    { "data": 1000010, "lvl": 10, "x": 24, "y": 33 }, { "data": 1000010, "lvl": 10, "x": 24, "y": 32 },
    { "data": 1000010, "lvl": 10, "x": 24, "y": 34 }, { "data": 1000010, "lvl": 10, "x": 23, "y": 34 },
    { "data": 1000010, "lvl": 10, "x": 22, "y": 34 }, { "data": 1000008, "lvl": 11, "x": 31, "y": 21 },
    { "data": 1000013, "lvl": 7, "x": 10, "y": 7 }, { "data": 1000009, "lvl": 11, "x": 21, "y": 31 },
    {
      "data": 1000006,
      "lvl": 9,
      "x": 37,
      "y": 29,
      "unit_prod": { "unit_type": 0, "t": 0, "slots": [{ "id": 4000008, "cnt": 3 }] }
    }, { "data": 1000002, "lvl": 10, "x": 30, "y": 37, "res_time": 161987 },
    { "data": 1000004, "lvl": 10, "x": 10, "y": 4, "res_time": 49467 }, { "data": 1000007, "lvl": 7, "x": 5, "y": 27 },
    { "data": 1000012, "lvl": 7, "x": 27, "y": 21 }, {
      "data": 1000002,
      "lvl": 10,
      "x": 25,
      "y": 37,
      "res_time": 161994
    },
    { "data": 1000004, "lvl": 10, "x": 15, "y": 4, "res_time": 47517 },
    { "data": 1000000, "lvl": 7, "x": 8, "y": 37, "units": [[4000008, 3]], "storage_type": 0 },
    { "data": 1000009, "lvl": 11, "x": 31, "y": 17 }, { "data": 1000008, "lvl": 11, "x": 10, "y": 27 },
    { "data": 1000010, "lvl": 10, "x": 21, "y": 34 }, { "data": 1000010, "lvl": 10, "x": 20, "y": 34 },
    { "data": 1000010, "lvl": 10, "x": 19, "y": 34 }, { "data": 1000010, "lvl": 10, "x": 18, "y": 34 },
    { "data": 1000010, "lvl": 10, "x": 17, "y": 34 }, { "data": 1000010, "lvl": 10, "x": 16, "y": 34 },
    { "data": 1000010, "lvl": 10, "x": 15, "y": 34 }, { "data": 1000010, "lvl": 10, "x": 14, "y": 34 },
    { "data": 1000010, "lvl": 10, "x": 13, "y": 34 }, { "data": 1000010, "lvl": 10, "x": 13, "y": 33 },
    { "data": 1000010, "lvl": 10, "x": 13, "y": 32 }, { "data": 1000010, "lvl": 10, "x": 13, "y": 31 },
    { "data": 1000010, "lvl": 10, "x": 12, "y": 30 }, { "data": 1000010, "lvl": 10, "x": 11, "y": 30 },
    { "data": 1000010, "lvl": 10, "x": 10, "y": 30 }, { "data": 1000010, "lvl": 10, "x": 9, "y": 30 },
    { "data": 1000010, "lvl": 10, "x": 9, "y": 29 }, { "data": 1000010, "lvl": 10, "x": 9, "y": 28 },
    { "data": 1000010, "lvl": 10, "x": 9, "y": 27 }, { "data": 1000010, "lvl": 10, "x": 9, "y": 26 },
    { "data": 1000010, "lvl": 10, "x": 9, "y": 25 }, { "data": 1000010, "lvl": 10, "x": 9, "y": 24 },
    { "data": 1000010, "lvl": 10, "x": 9, "y": 23 }, { "data": 1000010, "lvl": 10, "x": 9, "y": 22 },
    { "data": 1000010, "lvl": 10, "x": 9, "y": 21 }, { "data": 1000015, "lvl": 0, "x": 10, "y": 17 },
    { "data": 1000010, "lvl": 10, "x": 9, "y": 20 }, { "data": 1000010, "lvl": 10, "x": 9, "y": 19 },
    { "data": 1000010, "lvl": 10, "x": 10, "y": 19 }, { "data": 1000010, "lvl": 10, "x": 11, "y": 19 },
    { "data": 1000010, "lvl": 10, "x": 17, "y": 29 }, { "data": 1000010, "lvl": 10, "x": 17, "y": 28 },
    { "data": 1000011, "lvl": 7, "x": 27, "y": 18 }, { "data": 1000010, "lvl": 10, "x": 17, "y": 27 },
    { "data": 1000010, "lvl": 10, "x": 14, "y": 26 }, { "data": 1000010, "lvl": 10, "x": 15, "y": 26 },
    { "data": 1000010, "lvl": 10, "x": 16, "y": 26 }, { "data": 1000010, "lvl": 10, "x": 26, "y": 14 },
    { "data": 1000010, "lvl": 10, "x": 26, "y": 15 }, { "data": 1000010, "lvl": 10, "x": 26, "y": 16 },
    { "data": 1000010, "lvl": 10, "x": 29, "y": 17 }, { "data": 1000010, "lvl": 10, "x": 28, "y": 17 },
    { "data": 1000010, "lvl": 10, "x": 27, "y": 17 }, { "data": 1000010, "lvl": 10, "x": 19, "y": 12 },
    { "data": 1000013, "lvl": 7, "x": 32, "y": 9 }, { "data": 1000010, "lvl": 10, "x": 18, "y": 12 },
    { "data": 1000010, "lvl": 10, "x": 17, "y": 12 }, { "data": 1000010, "lvl": 10, "x": 16, "y": 12 },
    { "data": 1000010, "lvl": 10, "x": 15, "y": 12 }, { "data": 1000010, "lvl": 10, "x": 14, "y": 12 },
    { "data": 1000010, "lvl": 10, "x": 13, "y": 12 }, { "data": 1000010, "lvl": 10, "x": 12, "y": 12 },
    { "data": 1000002, "lvl": 10, "x": 20, "y": 37, "res_time": 161994 },
    { "data": 1000004, "lvl": 10, "x": 20, "y": 4, "res_time": 79903 },
    { "data": 1000010, "lvl": 10, "x": 12, "y": 13 },
    { "data": 1000000, "lvl": 7, "x": 5, "y": 32, "units": [[4000008, 3]], "storage_type": 0 },
    {
      "data": 1000006,
      "lvl": 9,
      "x": 5,
      "y": 21,
      "unit_prod": { "unit_type": 0, "t": 0, "slots": [{ "id": 4000008, "cnt": 3 }] }
    }, { "data": 1000008, "lvl": 11, "x": 13, "y": 13 }, { "data": 1000009, "lvl": 11, "x": 20, "y": 10 },
    { "data": 1000010, "lvl": 10, "x": 12, "y": 14 }, { "data": 1000010, "lvl": 10, "x": 12, "y": 15 },
    { "data": 1000010, "lvl": 10, "x": 12, "y": 16 }, { "data": 1000010, "lvl": 10, "x": 12, "y": 17 },
    { "data": 1000010, "lvl": 10, "x": 12, "y": 18 }, { "data": 1000010, "lvl": 10, "x": 12, "y": 19 },
    { "data": 1000010, "lvl": 10, "x": 31, "y": 24 }, { "data": 1000010, "lvl": 10, "x": 31, "y": 25 },
    { "data": 1000010, "lvl": 10, "x": 31, "y": 26 }, { "data": 1000010, "lvl": 10, "x": 31, "y": 27 },
    { "data": 1000010, "lvl": 10, "x": 31, "y": 28 }, { "data": 1000010, "lvl": 10, "x": 31, "y": 29 },
    { "data": 1000010, "lvl": 10, "x": 31, "y": 30 }, { "data": 1000010, "lvl": 10, "x": 31, "y": 31 },
    { "data": 1000010, "lvl": 10, "x": 30, "y": 31 }, { "data": 1000010, "lvl": 10, "x": 29, "y": 31 },
    { "data": 1000010, "lvl": 10, "x": 28, "y": 31 }, { "data": 1000010, "lvl": 10, "x": 27, "y": 31 },
    { "data": 1000010, "lvl": 10, "x": 26, "y": 31 }, { "data": 1000010, "lvl": 10, "x": 25, "y": 31 },
    { "data": 1000010, "lvl": 10, "x": 24, "y": 31 }, { "data": 1000010, "lvl": 10, "x": 24, "y": 28 },
    { "data": 1000010, "lvl": 10, "x": 24, "y": 29 }, { "data": 1000010, "lvl": 10, "x": 24, "y": 30 },
    { "data": 1000010, "lvl": 10, "x": 23, "y": 30 }, { "data": 1000013, "lvl": 7, "x": 10, "y": 34 },
    { "data": 1000011, "lvl": 7, "x": 14, "y": 23 }, { "data": 1000008, "lvl": 11, "x": 31, "y": 14 },
    { "data": 1000012, "lvl": 7, "x": 23, "y": 14 }, { "data": 1000015, "lvl": 0, "x": 32, "y": 25 },
    { "data": 1000009, "lvl": 11, "x": 27, "y": 10 }, { "data": 1000011, "lvl": 7, "x": 20, "y": 14 },
    { "data": 1000010, "lvl": 10, "x": 22, "y": 30 }, { "data": 1000010, "lvl": 10, "x": 21, "y": 30 },
    { "data": 1000010, "lvl": 10, "x": 20, "y": 30 }, { "data": 1000010, "lvl": 10, "x": 19, "y": 30 },
    { "data": 1000010, "lvl": 10, "x": 18, "y": 30 }, { "data": 1000010, "lvl": 10, "x": 17, "y": 30 },
    { "data": 1000010, "lvl": 10, "x": 16, "y": 30 }, { "data": 1000010, "lvl": 10, "x": 15, "y": 30 },
    { "data": 1000010, "lvl": 10, "x": 14, "y": 30 }, { "data": 1000010, "lvl": 10, "x": 13, "y": 30 },
    { "data": 1000010, "lvl": 10, "x": 13, "y": 29 }, { "data": 1000010, "lvl": 10, "x": 13, "y": 28 },
    { "data": 1000010, "lvl": 10, "x": 13, "y": 27 }, { "data": 1000010, "lvl": 10, "x": 13, "y": 26 },
    { "data": 1000010, "lvl": 10, "x": 13, "y": 25 }, { "data": 1000010, "lvl": 10, "x": 13, "y": 24 },
    { "data": 1000010, "lvl": 10, "x": 13, "y": 23 }, { "data": 1000010, "lvl": 10, "x": 13, "y": 22 },
    { "data": 1000010, "lvl": 10, "x": 13, "y": 21 }, { "data": 1000010, "lvl": 10, "x": 13, "y": 20 },
    { "data": 1000010, "lvl": 10, "x": 13, "y": 19 }, { "data": 1000010, "lvl": 10, "x": 23, "y": 13 },
    { "data": 1000010, "lvl": 10, "x": 30, "y": 13 }, { "data": 1000010, "lvl": 10, "x": 30, "y": 14 },
    { "data": 1000010, "lvl": 10, "x": 30, "y": 15 }, { "data": 1000010, "lvl": 10, "x": 30, "y": 16 },
    { "data": 1000010, "lvl": 10, "x": 30, "y": 17 }, { "data": 1000010, "lvl": 10, "x": 30, "y": 18 },
    { "data": 1000010, "lvl": 10, "x": 30, "y": 19 }, { "data": 1000010, "lvl": 10, "x": 30, "y": 20 },
    { "data": 1000010, "lvl": 10, "x": 30, "y": 21 }, { "data": 1000010, "lvl": 10, "x": 30, "y": 22 },
    { "data": 1000010, "lvl": 10, "x": 30, "y": 23 }, { "data": 1000010, "lvl": 10, "x": 30, "y": 24 },
    { "data": 1000010, "lvl": 10, "x": 29, "y": 24 }, { "data": 1000010, "lvl": 10, "x": 28, "y": 24 },
    { "data": 1000010, "lvl": 10, "x": 19, "y": 13 }, { "data": 1000010, "lvl": 10, "x": 25, "y": 13 },
    { "data": 1000010, "lvl": 10, "x": 27, "y": 13 }, { "data": 1000010, "lvl": 10, "x": 29, "y": 13 },
    { "data": 1000010, "lvl": 10, "x": 14, "y": 19 }, { "data": 1000010, "lvl": 10, "x": 15, "y": 19 },
    { "data": 1000010, "lvl": 10, "x": 28, "y": 13 }, { "data": 1000010, "lvl": 10, "x": 26, "y": 13 },
    { "data": 1000010, "lvl": 10, "x": 24, "y": 13 }, { "data": 1000010, "lvl": 10, "x": 22, "y": 13 },
    { "data": 1000010, "lvl": 10, "x": 21, "y": 13 }, { "data": 1000010, "lvl": 10, "x": 20, "y": 13 },
    { "data": 1000010, "lvl": 10, "x": 19, "y": 14 }, { "data": 1000010, "lvl": 10, "x": 27, "y": 24 },
    { "data": 1000003, "lvl": 10, "x": 24, "y": 10 }, { "data": 1000005, "lvl": 10, "x": 28, "y": 25 },
    { "data": 1000015, "lvl": 0, "x": 25, "y": 32 }, { "data": 1000010, "lvl": 10, "x": 27, "y": 25 },
    { "data": 1000010, "lvl": 10, "x": 27, "y": 26 }, { "data": 1000010, "lvl": 10, "x": 19, "y": 15 },
    { "data": 1000010, "lvl": 10, "x": 27, "y": 27 }, { "data": 1000010, "lvl": 10, "x": 26, "y": 27 },
    { "data": 1000010, "lvl": 10, "x": 25, "y": 27 }, { "data": 1000010, "lvl": 10, "x": 24, "y": 27 },
    { "data": 1000010, "lvl": 10, "x": 19, "y": 16 }, { "data": 1000010, "lvl": 10, "x": 18, "y": 16 },
    { "data": 1000010, "lvl": 10, "x": 17, "y": 16 }, { "data": 1000010, "lvl": 10, "x": 16, "y": 16 },
    { "data": 1000010, "lvl": 10, "x": 16, "y": 17 }, { "data": 1000010, "lvl": 10, "x": 16, "y": 18 },
    { "data": 1000010, "lvl": 10, "x": 16, "y": 19 }, { "data": 1000010, "lvl": 10, "x": 19, "y": 19 },
    { "data": 1000010, "lvl": 10, "x": 18, "y": 19 }, { "data": 1000010, "lvl": 10, "x": 17, "y": 19 },
    { "data": 1000010, "lvl": 10, "x": 17, "y": 20 }, { "data": 1000010, "lvl": 10, "x": 17, "y": 21 },
    { "data": 1000010, "lvl": 10, "x": 17, "y": 22 }, { "data": 1000010, "lvl": 10, "x": 17, "y": 23 },
    { "data": 1000010, "lvl": 10, "x": 17, "y": 24 }, { "data": 1000010, "lvl": 10, "x": 17, "y": 25 },
    { "data": 1000010, "lvl": 10, "x": 17, "y": 26 }, { "data": 1000010, "lvl": 10, "x": 19, "y": 18 },
    { "data": 1000009, "lvl": 11, "x": 10, "y": 20 }, { "data": 1000019, "lvl": 7, "x": 18, "y": 22 },
    { "data": 1000019, "lvl": 7, "x": 20, "y": 24 }, {
      "data": 1000020,
      "lvl": 4,
      "x": 3,
      "y": 7,
      "units": [[26000002, 2], [26000000, 3]],
      "storage_type": 1,
      "unit_prod": { "unit_type": 1 }
    }, { "data": 1000012, "lvl": 7, "x": 14, "y": 20 }, { "data": 1000019, "lvl": 7, "x": 24, "y": 20 },
    { "data": 1000003, "lvl": 10, "x": 17, "y": 31 }, {
      "data": 1000021,
      "lvl": 3,
      "x": 27,
      "y": 14,
      "attack_mode": false,
      "attack_mode_war": false,
      "attack_mode_draft": false,
      "attack_mode_draft_war": false,
      "ammo": 1500
    }, {
      "data": 1000021,
      "lvl": 3,
      "x": 7,
      "y": 10,
      "attack_mode": false,
      "attack_mode_war": false,
      "attack_mode_draft": false,
      "attack_mode_draft_war": false,
      "ammo": 1500
    }, { "data": 1000019, "lvl": 7, "x": 22, "y": 18 }, { "data": 1000024, "lvl": 5, "x": 6, "y": 6 },
    { "data": 1000023, "lvl": 5, "x": 5, "y": 24, "res_time": 19270 },
    { "data": 1000023, "lvl": 5, "x": 2, "y": 35, "res_time": 0 }, { "data": 1000022, "lvl": 0, "x": 10, "y": 31 },
    { "data": 1000025, "lvl": 0, "x": 34, "y": 31 }, { "data": 1000005, "lvl": 10, "x": 25, "y": 28 },
    { "data": 1000026, "lvl": 5, "x": 35, "y": 4, "unit_prod": { "unit_type": 0 } },
    { "data": 1000010, "lvl": 10, "x": 19, "y": 17 }, { "data": 1000010, "lvl": 10, "x": 20, "y": 17 },
    { "data": 1000010, "lvl": 10, "x": 21, "y": 17 }, { "data": 1000010, "lvl": 10, "x": 22, "y": 17 },
    { "data": 1000010, "lvl": 10, "x": 23, "y": 17 }, { "data": 1000010, "lvl": 10, "x": 24, "y": 17 },
    { "data": 1000010, "lvl": 10, "x": 25, "y": 17 }, { "data": 1000010, "lvl": 10, "x": 26, "y": 17 },
    { "data": 1000010, "lvl": 10, "x": 26, "y": 18 }, { "data": 1000010, "lvl": 10, "x": 26, "y": 19 },
    { "data": 1000010, "lvl": 10, "x": 26, "y": 20 }, { "data": 1000010, "lvl": 10, "x": 26, "y": 21 },
    { "data": 1000010, "lvl": 10, "x": 26, "y": 22 }, { "data": 1000010, "lvl": 10, "x": 26, "y": 23 },
    { "data": 1000010, "lvl": 10, "x": 26, "y": 24 }, { "data": 1000010, "lvl": 10, "x": 25, "y": 24 },
    { "data": 1000010, "lvl": 10, "x": 24, "y": 24 }, { "data": 1000010, "lvl": 10, "x": 24, "y": 25 },
    { "data": 1000010, "lvl": 10, "x": 18, "y": 26 }, { "data": 1000010, "lvl": 10, "x": 19, "y": 26 },
    { "data": 1000010, "lvl": 10, "x": 20, "y": 26 }, { "data": 1000010, "lvl": 10, "x": 21, "y": 26 },
    { "data": 1000010, "lvl": 10, "x": 22, "y": 26 }, { "data": 1000010, "lvl": 10, "x": 23, "y": 26 },
    { "data": 1000010, "lvl": 10, "x": 24, "y": 26 }, {
      "data": 1000026,
      "lvl": 5,
      "x": 5,
      "y": 37,
      "unit_prod": { "unit_type": 0 }
    }, { "data": 1000011, "lvl": 7, "x": 21, "y": 27 }, { "data": 1000012, "lvl": 7, "x": 18, "y": 27 },
    { "data": 1000023, "lvl": 5, "x": 5, "y": 13, "res_time": 19266 },
    {
      "data": 1000027,
      "lvl": 2,
      "x": 25,
      "y": 25,
      "attack_mode": true,
      "attack_mode_war": true,
      "attack_mode_draft": true,
      "attack_mode_draft_war": true,
      "ammo": 750
    }, { "data": 1000008, "lvl": 11, "x": 28, "y": 28 }, { "data": 1000009, "lvl": 11, "x": 14, "y": 31 },
    {
      "data": 1000021,
      "lvl": 3,
      "x": 14,
      "y": 27,
      "attack_mode": false,
      "attack_mode_war": false,
      "attack_mode_draft": false,
      "attack_mode_draft_war": false,
      "ammo": 1500
    }, {
      "data": 1000027,
      "lvl": 2,
      "x": 17,
      "y": 17,
      "attack_mode": true,
      "attack_mode_war": true,
      "attack_mode_draft": true,
      "attack_mode_draft_war": true,
      "ammo": 750
    }, { "data": 1000004, "lvl": 10, "x": 25, "y": 4, "res_time": 133557 },
    { "data": 1000002, "lvl": 10, "x": 15, "y": 37, "res_time": 161999 }
  ],
  "obstacles": [
  { "data": 8000000, "x": 0, "y": 30, "loot_multiply_ver": 1 },
  { "data": 8000000, "x": 2, "y": 41, "loot_multiply_ver": 1 },
  { "data": 8000004, "x": 42, "y": 16, "loot_multiply_ver": 1 },
  { "data": 8000006, "x": 0, "y": 20, "loot_multiply_ver": 1 },
  { "data": 8000000, "x": 0, "y": 17, "loot_multiply_ver": 1 },
  { "data": 8000004, "x": 42, "y": 37, "loot_multiply_ver": 1 },
  { "data": 8000010, "x": 34, "y": 0, "loot_multiply_ver": 1 },
  { "data": 8000006, "x": 42, "y": 10, "loot_multiply_ver": 1 },
  { "data": 8000000, "x": 27, "y": 42, "loot_multiply_ver": 1 },
  { "data": 8000010, "x": 42, "y": 7, "loot_multiply_ver": 1 },
  { "data": 8000008, "x": 34, "y": 42, "loot_multiply_ver": 1 },
  { "data": 8000004, "x": 20, "y": 42, "loot_multiply_ver": 1 },
  { "data": 8000006, "x": 0, "y": 5, "loot_multiply_ver": 1 },
  { "data": 8000000, "x": 42, "y": 13, "loot_multiply_ver": 1 },
  { "data": 8000000, "x": 17, "y": 42, "loot_multiply_ver": 1 },
  { "data": 8000007, "x": 23, "y": 42, "loot_multiply_ver": 1 },
  { "data": 8000010, "x": 30, "y": 42, "loot_multiply_ver": 1 },
  { "data": 8000010, "x": 15, "y": 0, "loot_multiply_ver": 1 },
  { "data": 8000004, "x": 41, "y": 42, "loot_multiply_ver": 1 },
  { "data": 8000006, "x": 25, "y": 0, "loot_multiply_ver": 1 },
  { "data": 8000010, "x": 0, "y": 25, "loot_multiply_ver": 1 },
  { "data": 8000004, "x": 19, "y": 0, "loot_multiply_ver": 1 },
  { "data": 8000004, "x": 42, "y": 26, "loot_multiply_ver": 1 },
  { "data": 8000004, "x": 42, "y": 22, "loot_multiply_ver": 1 },
  { "data": 8000000, "x": 22, "y": 0, "loot_multiply_ver": 1 },
  { "data": 8000004, "x": 11, "y": 42, "loot_multiply_ver": 1 },
  { "data": 8000004, "x": 12, "y": 0, "loot_multiply_ver": 1 },
  { "data": 8000010, "x": 14, "y": 42, "loot_multiply_ver": 1 },
  { "data": 8000004, "x": 0, "y": 13, "loot_multiply_ver": 1 },
  { "data": 8000006, "x": 38, "y": 42, "loot_multiply_ver": 1 },
  { "data": 8000010, "x": 6, "y": 0, "loot_multiply_ver": 2 },
  { "data": 8000000, "x": 9, "y": 0, "loot_multiply_ver": 2 },
  { "data": 8000006, "x": 0, "y": 8, "loot_multiply_ver": 2 },
  { "data": 8000008, "x": 6, "y": 42, "loot_multiply_ver": 2 },
  { "data": 8000006, "x": 42, "y": 19, "loot_multiply_ver": 2 },
  { "data": 8000010, "x": 0, "y": 37, "loot_multiply_ver": 2 },
  { "data": 8000004, "x": 31, "y": 0, "loot_multiply_ver": 2 },
  { "data": 8000007, "x": 42, "y": 34, "loot_multiply_ver": 2 },
  { "data": 8000004, "x": 42, "y": 4, "loot_multiply_ver": 2 },
  { "data": 8000008, "x": 38, "y": 1, "loot_multiply_ver": 2 },
  { "data": 8000030, "x": 40, "y": 34, "loot_multiply_ver": 1 }
  ],
  "traps": [
  { "data": 12000005, "lvl": 3, "x": 31, "y": 12 }, { "data": 12000005, "lvl": 3, "x": 25, "y": 19 },
  { "data": 12000005, "lvl": 3, "x": 19, "y": 24 }, { "data": 12000006, "lvl": 2, "x": 18, "y": 25 },
  { "data": 12000006, "lvl": 2, "x": 24, "y": 18 }, { "data": 12000006, "lvl": 2, "x": 18, "y": 24 },
  { "data": 12000001, "lvl": 0, "x": 8, "y": 14 }, { "data": 12000001, "lvl": 0, "x": 24, "y": 35 },
  { "data": 12000001, "lvl": 0, "x": 14, "y": 8 }, { "data": 12000001, "lvl": 0, "x": 29, "y": 8 },
  { "data": 12000001, "lvl": 0, "x": 20, "y": 8 }, { "data": 12000002, "lvl": 3, "x": 10, "y": 10 },
  { "data": 12000000, "lvl": 4, "x": 19, "y": 35 }, { "data": 12000000, "lvl": 4, "x": 20, "y": 35 },
  { "data": 12000000, "lvl": 4, "x": 35, "y": 21 }, { "data": 12000000, "lvl": 4, "x": 21, "y": 35 },
  { "data": 12000000, "lvl": 4, "x": 35, "y": 22 }, { "data": 12000002, "lvl": 3, "x": 27, "y": 35 },
  { "data": 12000001, "lvl": 0, "x": 8, "y": 21 }, { "data": 12000002, "lvl": 3, "x": 17, "y": 35 },
  { "data": 12000002, "lvl": 3, "x": 24, "y": 22 }, { "data": 12000002, "lvl": 3, "x": 22, "y": 24 },
  { "data": 12000000, "lvl": 4, "x": 35, "y": 23 }, { "data": 12000005, "lvl": 3, "x": 13, "y": 35 },
  { "data": 12000005, "lvl": 3, "x": 24, "y": 19 }, { "data": 12000006, "lvl": 2, "x": 19, "y": 25 },
  { "data": 12000006, "lvl": 2, "x": 25, "y": 18 }
  ],
  "decos": [
  { "data": 18000006, "x": 21, "y": 40 }, { "data": 18000006, "x": 19, "y": 40 }, { "data": 18000005, "x": 28, "y": 6 },
  { "data": 18000005, "x": 28, "y": 4 }, { "data": 18000006, "x": 17, "y": 40 }, { "data": 18000005, "x": 25, "y": 40 },
  { "data": 18000013, "x": 28, "y": 2 }, { "data": 18000005, "x": 13, "y": 40 }, { "data": 18000006, "x": 15, "y": 40 },
  { "data": 18000007, "x": 40, "y": 2 }, { "data": 18000001, "x": 2, "y": 21 }, { "data": 18000001, "x": 2, "y": 24 },
  { "data": 18000001, "x": 13, "y": 4 }, { "data": 18000001, "x": 18, "y": 4 }, { "data": 18000003, "x": 24, "y": 2 },
  { "data": 18000022, "x": 36, "y": 2 }, { "data": 18000023, "x": 32, "y": 2 }, { "data": 18000024, "x": 40, "y": 9 },
  { "data": 18000025, "x": 40, "y": 13 }, { "data": 18000026, "x": 40, "y": 15 },
  { "data": 18000027, "x": 40, "y": 11 }, { "data": 18000028, "x": 40, "y": 17 }, { "data": 18000029, "x": 15, "y": 2 },
  { "data": 18000030, "x": 13, "y": 2 }, { "data": 18000031, "x": 17, "y": 2 }, { "data": 18000032, "x": 34, "y": 2 },
  { "data": 18000034, "x": 20, "y": 2 }, { "data": 18000035, "x": 30, "y": 2 }, { "data": 18000036, "x": 22, "y": 2 },
  { "data": 18000021, "x": 40, "y": 7 }, { "data": 18000020, "x": 40, "y": 32 }, { "data": 18000019, "x": 40, "y": 36 },
  { "data": 18000018, "x": 40, "y": 38 }, { "data": 18000017, "x": 38, "y": 38 },
  { "data": 18000016, "x": 39, "y": 40 }, { "data": 18000015, "x": 37, "y": 40 },
  { "data": 18000012, "x": 31, "y": 40 }, { "data": 18000014, "x": 35, "y": 40 },
  { "data": 18000011, "x": 33, "y": 40 }, { "data": 18000010, "x": 29, "y": 40 }, { "data": 18000033, "x": 26, "y": 2 },
  { "data": 18000009, "x": 27, "y": 40 }, { "data": 18000008, "x": 23, "y": 40 }
  ],
  "respawnVars": {
    "secondsFromLastRespawn": 0,
    "respawnSeed": 543246774,
    "obstacleClearCounter": 0,
    "time_to_gembox_drop": 241061,
    "time_in_gembox_period": 151200
  },
  "cooldowns": [{ "cooldown": 4639006, "target": 20000001 }, { "cooldown": 2474210, "target": 20000000 }],
  "newShopBuildings": [4, 0, 7, 4, 7, 4, 4, 1, 6, 7, 250, 4, 4, 3, 1, 5, 0, 0, 0, 4, 1, 3, 1, 3, 1, 1, 2, 2],
  "newShopTraps": [6, 6, 5, 0, 0, 5, 5, 0],
  "newShopDecos": [
    1, 4, 0, 1, 1, 4, 4, 0, 0, 0, 0, 0, 0, 0, 0, 0, 0, 0, 0, 0, 0, 0, 0, 0, 0, 0, 0, 0, 0, 0, 0, 0, 0, 0, 0, 0, 0
  ],
  "last_league_rank": 16,
  "last_league_shuffle": 1,
  "last_news_seen": 50,
  "edit_mode_shown": true,
  "troop_req_msg": "3 valki n wiz",
  "war_req_msg": "one wicht and valks ths",
  "war_tutorials_seen": 0,
  "war_base": false
}