{
  "buildings": [
    { "data": 1000001, "lvl": 9, "x": 20, "y": 20 }, {
      "data": 1000004,
      "lvl": 10,
      "x": 22,
      "y": 38,
      "res_time": 179494
    },
    {
      "data": 1000000,
      "lvl": 7,
      "x": 5,
      "y": 12,
      "units": [[4000004, 20], [4000006, 2], [4000015, 1]],
      "storage_type": 0
    }, { "data": 1000015, "lvl": 0, "x": 7, "y": 29 },
    { "data": 1000014, "lvl": 5, "x": 26, "y": 26, "unit_req_time": 916 },
    { "data": 1000008, "lvl": 11, "x": 11, "y": 24 }, { "data": 1000015, "lvl": 0, "x": 7, "y": 18 },
    { "data": 1000002, "lvl": 10, "x": 26, "y": 38, "res_time": 179717 },
    { "data": 1000003, "lvl": 10, "x": 11, "y": 17 }, { "data": 1000005, "lvl": 10, "x": 33, "y": 18 },
    { "data": 1000006, "lvl": 9, "x": 3, "y": 29, "unit_prod": { "unit_type": 0 } },
    { "data": 1000006, "lvl": 9, "x": 3, "y": 19, "unit_prod": { "unit_type": 0 } },
    { "data": 1000009, "lvl": 11, "x": 8, "y": 21 }, {
      "data": 1000004,
      "lvl": 10,
      "x": 12,
      "y": 37,
      "res_time": 179718
    },
    { "data": 1000002, "lvl": 10, "x": 17, "y": 38, "res_time": 179717 },
    { "data": 1000015, "lvl": 0, "x": 18, "y": 7 },
    { "data": 1000015, "lvl": 0, "x": 29, "y": 7 }, { "data": 1000015, "lvl": 0, "x": 29, "y": 33 },
    { "data": 1000008, "lvl": 11, "x": 11, "y": 14 }, {
      "data": 1000000,
      "lvl": 7,
      "x": 12,
      "y": 5,
      "units": [[4000006, 8], [4000004, 2], [4000000, 1], [4000013, 1]],
      "storage_type": 0
    }, { "data": 1000004, "lvl": 10, "x": 3, "y": 34, "res_time": 179719 },
    { "data": 1000002, "lvl": 10, "x": 7, "y": 37, "res_time": 179719 },
    { "data": 1000005, "lvl": 10, "x": 18, "y": 33 },
    { "data": 1000003, "lvl": 10, "x": 17, "y": 11 }, { "data": 1000010, "lvl": 8, "x": 8, "y": 27 },
    { "data": 1000010, "lvl": 8, "x": 9, "y": 27 }, { "data": 1000010, "lvl": 9, "x": 30, "y": 10 },
    { "data": 1000010, "lvl": 8, "x": 7, "y": 27 }, { "data": 1000010, "lvl": 8, "x": 7, "y": 26 },
    { "data": 1000010, "lvl": 8, "x": 7, "y": 25 }, { "data": 1000010, "lvl": 8, "x": 7, "y": 24 },
    { "data": 1000010, "lvl": 9, "x": 31, "y": 10 }, { "data": 1000010, "lvl": 9, "x": 32, "y": 10 },
    { "data": 1000010, "lvl": 9, "x": 33, "y": 10 }, { "data": 1000010, "lvl": 9, "x": 34, "y": 10 },
    { "data": 1000010, "lvl": 9, "x": 34, "y": 11 }, { "data": 1000010, "lvl": 9, "x": 34, "y": 12 },
    { "data": 1000010, "lvl": 9, "x": 34, "y": 13 }, { "data": 1000010, "lvl": 8, "x": 7, "y": 23 },
    { "data": 1000010, "lvl": 8, "x": 7, "y": 22 }, { "data": 1000010, "lvl": 8, "x": 7, "y": 21 },
    { "data": 1000010, "lvl": 8, "x": 7, "y": 20 }, { "data": 1000010, "lvl": 8, "x": 8, "y": 20 },
    { "data": 1000010, "lvl": 8, "x": 9, "y": 20 }, { "data": 1000013, "lvl": 7, "x": 7, "y": 32 },
    { "data": 1000010, "lvl": 8, "x": 13, "y": 20 }, { "data": 1000010, "lvl": 8, "x": 12, "y": 20 },
    { "data": 1000010, "lvl": 8, "x": 11, "y": 20 }, { "data": 1000010, "lvl": 8, "x": 10, "y": 20 },
    { "data": 1000010, "lvl": 8, "x": 10, "y": 19 }, { "data": 1000010, "lvl": 8, "x": 10, "y": 18 },
    { "data": 1000010, "lvl": 8, "x": 10, "y": 17 }, { "data": 1000010, "lvl": 8, "x": 10, "y": 16 },
    { "data": 1000010, "lvl": 8, "x": 10, "y": 15 }, { "data": 1000010, "lvl": 8, "x": 10, "y": 14 },
    { "data": 1000010, "lvl": 8, "x": 10, "y": 13 }, { "data": 1000010, "lvl": 9, "x": 10, "y": 12 },
    { "data": 1000010, "lvl": 9, "x": 10, "y": 11 }, { "data": 1000010, "lvl": 9, "x": 10, "y": 10 },
    { "data": 1000010, "lvl": 9, "x": 11, "y": 10 }, { "data": 1000010, "lvl": 9, "x": 34, "y": 14 },
    { "data": 1000010, "lvl": 9, "x": 12, "y": 10 }, { "data": 1000010, "lvl": 9, "x": 34, "y": 16 },
    { "data": 1000010, "lvl": 9, "x": 34, "y": 15 }, { "data": 1000010, "lvl": 9, "x": 34, "y": 17 },
    { "data": 1000010, "lvl": 9, "x": 33, "y": 17 }, { "data": 1000010, "lvl": 9, "x": 32, "y": 17 },
    { "data": 1000010, "lvl": 9, "x": 31, "y": 17 }, { "data": 1000010, "lvl": 9, "x": 30, "y": 17 },
    { "data": 1000010, "lvl": 8, "x": 13, "y": 10 }, { "data": 1000010, "lvl": 9, "x": 28, "y": 29 },
    { "data": 1000010, "lvl": 8, "x": 14, "y": 10 }, { "data": 1000010, "lvl": 8, "x": 15, "y": 10 },
    { "data": 1000010, "lvl": 8, "x": 16, "y": 10 }, { "data": 1000010, "lvl": 8, "x": 17, "y": 10 },
    { "data": 1000009, "lvl": 11, "x": 11, "y": 11 }, { "data": 1000007, "lvl": 7, "x": 6, "y": 6 },
    { "data": 1000006, "lvl": 9, "x": 19, "y": 3, "unit_prod": { "unit_type": 0 } },
    {
      "data": 1000000,
      "lvl": 7,
      "x": 36,
      "y": 31,
      "units": [[4000013, 1], [4000006, 4], [4000000, 5]],
      "storage_type": 0
    }, { "data": 1000008, "lvl": 11, "x": 14, "y": 11 }, { "data": 1000011, "lvl": 7, "x": 30, "y": 22 },
    { "data": 1000009, "lvl": 11, "x": 21, "y": 8 },
    { "data": 1000002, "lvl": 10, "x": 37, "y": 7, "res_time": 179706 },
    { "data": 1000002, "lvl": 10, "x": 38, "y": 17, "res_time": 179700 },
    { "data": 1000004, "lvl": 10, "x": 34, "y": 3, "res_time": 179706 },
    { "data": 1000004, "lvl": 10, "x": 37, "y": 12, "res_time": 179708 },
    { "data": 1000013, "lvl": 7, "x": 32, "y": 7 },
    { "data": 1000011, "lvl": 7, "x": 22, "y": 30 }, {
      "data": 1000004,
      "lvl": 10,
      "x": 38,
      "y": 22,
      "res_time": 179701
    },
    { "data": 1000002, "lvl": 10, "x": 38, "y": 26, "res_time": 179701 },
    { "data": 1000010, "lvl": 8, "x": 18, "y": 10 },
    { "data": 1000010, "lvl": 8, "x": 20, "y": 13 }, { "data": 1000010, "lvl": 8, "x": 20, "y": 12 },
    { "data": 1000010, "lvl": 8, "x": 20, "y": 11 }, { "data": 1000010, "lvl": 9, "x": 29, "y": 29 },
    { "data": 1000010, "lvl": 9, "x": 29, "y": 28 }, { "data": 1000010, "lvl": 8, "x": 20, "y": 10 },
    { "data": 1000010, "lvl": 8, "x": 20, "y": 9 }, { "data": 1000010, "lvl": 9, "x": 20, "y": 8 },
    { "data": 1000010, "lvl": 8, "x": 19, "y": 10 }, { "data": 1000010, "lvl": 9, "x": 20, "y": 7 },
    { "data": 1000010, "lvl": 9, "x": 21, "y": 7 }, { "data": 1000010, "lvl": 9, "x": 22, "y": 7 },
    { "data": 1000010, "lvl": 9, "x": 29, "y": 27 }, { "data": 1000010, "lvl": 9, "x": 29, "y": 26 },
    { "data": 1000010, "lvl": 9, "x": 29, "y": 25 }, { "data": 1000010, "lvl": 9, "x": 29, "y": 24 },
    { "data": 1000010, "lvl": 9, "x": 29, "y": 23 }, { "data": 1000010, "lvl": 9, "x": 29, "y": 22 },
    { "data": 1000010, "lvl": 9, "x": 29, "y": 21 }, { "data": 1000010, "lvl": 9, "x": 29, "y": 20 },
    { "data": 1000010, "lvl": 9, "x": 29, "y": 19 }, { "data": 1000010, "lvl": 8, "x": 23, "y": 7 },
    { "data": 1000010, "lvl": 8, "x": 24, "y": 7 }, { "data": 1000010, "lvl": 8, "x": 25, "y": 7 },
    { "data": 1000010, "lvl": 8, "x": 26, "y": 7 }, { "data": 1000010, "lvl": 9, "x": 27, "y": 7 },
    { "data": 1000010, "lvl": 9, "x": 27, "y": 8 }, { "data": 1000010, "lvl": 9, "x": 27, "y": 9 },
    { "data": 1000010, "lvl": 8, "x": 36, "y": 27 }, { "data": 1000010, "lvl": 8, "x": 36, "y": 26 },
    { "data": 1000010, "lvl": 8, "x": 36, "y": 25 }, { "data": 1000010, "lvl": 8, "x": 36, "y": 24 },
    { "data": 1000010, "lvl": 8, "x": 36, "y": 23 }, { "data": 1000010, "lvl": 8, "x": 36, "y": 22 },
    { "data": 1000010, "lvl": 8, "x": 36, "y": 28 }, { "data": 1000010, "lvl": 8, "x": 35, "y": 28 },
    { "data": 1000010, "lvl": 8, "x": 34, "y": 28 }, { "data": 1000010, "lvl": 8, "x": 33, "y": 28 },
    { "data": 1000010, "lvl": 8, "x": 32, "y": 28 }, { "data": 1000010, "lvl": 8, "x": 30, "y": 21 },
    { "data": 1000010, "lvl": 8, "x": 31, "y": 21 }, { "data": 1000010, "lvl": 8, "x": 32, "y": 21 },
    { "data": 1000010, "lvl": 8, "x": 33, "y": 21 }, { "data": 1000010, "lvl": 8, "x": 34, "y": 21 },
    { "data": 1000010, "lvl": 8, "x": 35, "y": 21 }, { "data": 1000010, "lvl": 8, "x": 36, "y": 21 },
    { "data": 1000010, "lvl": 8, "x": 36, "y": 20 }, { "data": 1000010, "lvl": 8, "x": 36, "y": 19 },
    { "data": 1000010, "lvl": 8, "x": 36, "y": 18 }, { "data": 1000010, "lvl": 8, "x": 30, "y": 28 },
    { "data": 1000010, "lvl": 8, "x": 31, "y": 28 }, { "data": 1000010, "lvl": 9, "x": 29, "y": 18 },
    { "data": 1000010, "lvl": 8, "x": 36, "y": 17 }, { "data": 1000010, "lvl": 9, "x": 35, "y": 17 },
    { "data": 1000010, "lvl": 9, "x": 29, "y": 17 }, { "data": 1000010, "lvl": 8, "x": 31, "y": 30 },
    { "data": 1000010, "lvl": 8, "x": 31, "y": 29 }, { "data": 1000010, "lvl": 8, "x": 31, "y": 31 },
    { "data": 1000010, "lvl": 8, "x": 30, "y": 31 }, { "data": 1000010, "lvl": 9, "x": 28, "y": 17 },
    { "data": 1000010, "lvl": 8, "x": 29, "y": 31 }, { "data": 1000010, "lvl": 8, "x": 28, "y": 30 },
    { "data": 1000010, "lvl": 8, "x": 28, "y": 31 }, { "data": 1000010, "lvl": 8, "x": 28, "y": 32 },
    { "data": 1000010, "lvl": 8, "x": 28, "y": 33 }, { "data": 1000010, "lvl": 9, "x": 27, "y": 29 },
    { "data": 1000010, "lvl": 8, "x": 28, "y": 34 }, { "data": 1000010, "lvl": 8, "x": 28, "y": 35 },
    { "data": 1000010, "lvl": 8, "x": 28, "y": 36 }, { "data": 1000010, "lvl": 8, "x": 27, "y": 36 },
    { "data": 1000010, "lvl": 8, "x": 26, "y": 36 }, { "data": 1000010, "lvl": 8, "x": 25, "y": 36 },
    { "data": 1000010, "lvl": 8, "x": 24, "y": 36 }, { "data": 1000010, "lvl": 8, "x": 23, "y": 36 },
    {
      "data": 1000020,
      "lvl": 4,
      "x": 37,
      "y": 37,
      "units": [[26000002, 2], [26000000, 1], [26000005, 2]],
      "storage_type": 1,
      "unit_prod": { "unit_type": 1 }
    }, { "data": 1000012, "lvl": 7, "x": 11, "y": 21 }, {
      "data": 1000000,
      "lvl": 7,
      "x": 30,
      "y": 35,
      "units": [[4000004, 4], [4000006, 3], [4000000, 12], [4000013, 1]],
      "storage_type": 0
    }, { "data": 1000006, "lvl": 9, "x": 29, "y": 3, "unit_prod": { "unit_type": 0 } },
    { "data": 1000010, "lvl": 8, "x": 22, "y": 36 }, { "data": 1000010, "lvl": 8, "x": 21, "y": 30 },
    { "data": 1000010, "lvl": 8, "x": 21, "y": 31 }, { "data": 1000010, "lvl": 8, "x": 21, "y": 32 },
    { "data": 1000010, "lvl": 9, "x": 26, "y": 29 }, { "data": 1000010, "lvl": 8, "x": 21, "y": 33 },
    { "data": 1000010, "lvl": 8, "x": 21, "y": 34 }, { "data": 1000010, "lvl": 9, "x": 25, "y": 29 },
    { "data": 1000010, "lvl": 8, "x": 21, "y": 35 }, { "data": 1000010, "lvl": 8, "x": 21, "y": 36 },
    { "data": 1000010, "lvl": 8, "x": 20, "y": 36 }, { "data": 1000010, "lvl": 9, "x": 24, "y": 29 },
    { "data": 1000010, "lvl": 9, "x": 23, "y": 29 }, { "data": 1000010, "lvl": 9, "x": 22, "y": 29 },
    { "data": 1000010, "lvl": 9, "x": 21, "y": 29 }, { "data": 1000010, "lvl": 8, "x": 19, "y": 36 },
    { "data": 1000010, "lvl": 8, "x": 18, "y": 36 }, { "data": 1000010, "lvl": 8, "x": 17, "y": 36 },
    { "data": 1000010, "lvl": 8, "x": 17, "y": 35 }, { "data": 1000010, "lvl": 8, "x": 13, "y": 27 },
    { "data": 1000010, "lvl": 8, "x": 12, "y": 27 }, { "data": 1000010, "lvl": 8, "x": 11, "y": 27 },
    { "data": 1000010, "lvl": 8, "x": 10, "y": 27 }, { "data": 1000010, "lvl": 8, "x": 10, "y": 28 },
    { "data": 1000010, "lvl": 8, "x": 10, "y": 29 }, { "data": 1000010, "lvl": 9, "x": 20, "y": 29 },
    { "data": 1000010, "lvl": 9, "x": 19, "y": 29 }, { "data": 1000010, "lvl": 9, "x": 18, "y": 29 },
    { "data": 1000010, "lvl": 9, "x": 17, "y": 29 }, { "data": 1000010, "lvl": 8, "x": 10, "y": 30 },
    { "data": 1000010, "lvl": 9, "x": 17, "y": 28 }, { "data": 1000010, "lvl": 8, "x": 10, "y": 31 },
    { "data": 1000010, "lvl": 8, "x": 10, "y": 32 }, { "data": 1000010, "lvl": 8, "x": 10, "y": 33 },
    { "data": 1000010, "lvl": 8, "x": 10, "y": 34 }, { "data": 1000010, "lvl": 8, "x": 11, "y": 34 },
    { "data": 1000010, "lvl": 8, "x": 12, "y": 34 }, { "data": 1000010, "lvl": 8, "x": 13, "y": 34 },
    { "data": 1000010, "lvl": 8, "x": 14, "y": 34 }, { "data": 1000010, "lvl": 9, "x": 14, "y": 23 },
    { "data": 1000010, "lvl": 8, "x": 15, "y": 34 }, { "data": 1000010, "lvl": 8, "x": 16, "y": 34 },
    { "data": 1000010, "lvl": 8, "x": 17, "y": 34 }, { "data": 1000010, "lvl": 8, "x": 17, "y": 33 },
    { "data": 1000010, "lvl": 8, "x": 17, "y": 32 }, { "data": 1000010, "lvl": 8, "x": 17, "y": 31 },
    { "data": 1000010, "lvl": 8, "x": 17, "y": 30 }, { "data": 1000010, "lvl": 9, "x": 27, "y": 13 },
    { "data": 1000010, "lvl": 9, "x": 27, "y": 12 }, { "data": 1000010, "lvl": 9, "x": 27, "y": 11 },
    { "data": 1000008, "lvl": 11, "x": 24, "y": 11 }, { "data": 1000008, "lvl": 11, "x": 33, "y": 22 },
    { "data": 1000013, "lvl": 7, "x": 32, "y": 32 }, { "data": 1000024, "lvl": 5, "x": 18, "y": 26 },
    { "data": 1000022, "lvl": 0, "x": 11, "y": 31 }, { "data": 1000009, "lvl": 11, "x": 30, "y": 25 },
    { "data": 1000019, "lvl": 6, "x": 27, "y": 24 }, { "data": 1000019, "lvl": 6, "x": 24, "y": 27 },
    { "data": 1000012, "lvl": 7, "x": 21, "y": 11 }, { "data": 1000005, "lvl": 10, "x": 28, "y": 11 },
    { "data": 1000003, "lvl": 10, "x": 26, "y": 18 }, { "data": 1000010, "lvl": 9, "x": 27, "y": 10 },
    { "data": 1000010, "lvl": 9, "x": 14, "y": 22 }, { "data": 1000010, "lvl": 9, "x": 14, "y": 21 },
    { "data": 1000010, "lvl": 9, "x": 14, "y": 20 }, { "data": 1000010, "lvl": 9, "x": 14, "y": 19 },
    { "data": 1000010, "lvl": 9, "x": 14, "y": 18 }, { "data": 1000010, "lvl": 9, "x": 14, "y": 17 },
    { "data": 1000010, "lvl": 9, "x": 14, "y": 16 }, { "data": 1000010, "lvl": 9, "x": 14, "y": 15 },
    { "data": 1000010, "lvl": 9, "x": 14, "y": 14 }, { "data": 1000010, "lvl": 9, "x": 15, "y": 14 },
    { "data": 1000010, "lvl": 9, "x": 16, "y": 14 }, { "data": 1000010, "lvl": 9, "x": 17, "y": 14 },
    { "data": 1000010, "lvl": 9, "x": 18, "y": 14 }, { "data": 1000010, "lvl": 9, "x": 19, "y": 14 },
    { "data": 1000010, "lvl": 9, "x": 20, "y": 14 }, { "data": 1000010, "lvl": 9, "x": 21, "y": 14 },
    { "data": 1000010, "lvl": 9, "x": 22, "y": 14 }, { "data": 1000010, "lvl": 9, "x": 23, "y": 14 },
    { "data": 1000010, "lvl": 9, "x": 24, "y": 14 }, { "data": 1000010, "lvl": 9, "x": 24, "y": 15 },
    { "data": 1000010, "lvl": 9, "x": 25, "y": 14 }, { "data": 1000010, "lvl": 9, "x": 26, "y": 14 },
    { "data": 1000010, "lvl": 9, "x": 27, "y": 14 }, { "data": 1000010, "lvl": 9, "x": 27, "y": 15 },
    { "data": 1000010, "lvl": 9, "x": 27, "y": 16 }, { "data": 1000010, "lvl": 9, "x": 27, "y": 17 },
    { "data": 1000010, "lvl": 9, "x": 26, "y": 17 }, { "data": 1000010, "lvl": 9, "x": 14, "y": 24 },
    { "data": 1000010, "lvl": 9, "x": 14, "y": 25 }, { "data": 1000010, "lvl": 9, "x": 14, "y": 26 },
    { "data": 1000010, "lvl": 9, "x": 14, "y": 27 }, { "data": 1000010, "lvl": 9, "x": 15, "y": 24 },
    { "data": 1000010, "lvl": 9, "x": 15, "y": 27 }, { "data": 1000010, "lvl": 9, "x": 16, "y": 27 },
    { "data": 1000010, "lvl": 9, "x": 17, "y": 27 }, { "data": 1000010, "lvl": 9, "x": 28, "y": 10 },
    { "data": 1000010, "lvl": 9, "x": 17, "y": 26 }, { "data": 1000010, "lvl": 9, "x": 29, "y": 10 },
    { "data": 1000010, "lvl": 9, "x": 16, "y": 24 }, { "data": 1000010, "lvl": 9, "x": 16, "y": 23 },
    { "data": 1000010, "lvl": 9, "x": 16, "y": 22 }, { "data": 1000010, "lvl": 9, "x": 16, "y": 21 },
    { "data": 1000010, "lvl": 9, "x": 16, "y": 20 }, { "data": 1000010, "lvl": 9, "x": 16, "y": 19 },
    { "data": 1000010, "lvl": 9, "x": 16, "y": 18 }, { "data": 1000010, "lvl": 9, "x": 17, "y": 24 },
    { "data": 1000010, "lvl": 9, "x": 17, "y": 25 }, { "data": 1000010, "lvl": 9, "x": 18, "y": 25 },
    { "data": 1000010, "lvl": 9, "x": 19, "y": 25 }, { "data": 1000009, "lvl": 11, "x": 25, "y": 30 },
    { "data": 1000012, "lvl": 7, "x": 30, "y": 18 }, { "data": 1000011, "lvl": 7, "x": 20, "y": 17 },
    { "data": 1000019, "lvl": 6, "x": 25, "y": 15 }, { "data": 1000023, "lvl": 5, "x": 8, "y": 24, "res_time": 57295 },
    { "data": 1000009, "lvl": 11, "x": 28, "y": 14 }, { "data": 1000012, "lvl": 7, "x": 18, "y": 30 },
    { "data": 1000025, "lvl": 0, "x": 31, "y": 11 }, { "data": 1000010, "lvl": 9, "x": 20, "y": 25 },
    { "data": 1000010, "lvl": 9, "x": 21, "y": 25 }, { "data": 1000010, "lvl": 9, "x": 22, "y": 25 },
    { "data": 1000010, "lvl": 9, "x": 23, "y": 25 }, { "data": 1000010, "lvl": 9, "x": 24, "y": 25 },
    { "data": 1000010, "lvl": 9, "x": 25, "y": 25 }, { "data": 1000010, "lvl": 9, "x": 25, "y": 24 },
    { "data": 1000010, "lvl": 9, "x": 25, "y": 23 }, { "data": 1000010, "lvl": 9, "x": 25, "y": 22 },
    { "data": 1000010, "lvl": 9, "x": 25, "y": 21 }, { "data": 1000010, "lvl": 9, "x": 25, "y": 20 },
    { "data": 1000010, "lvl": 9, "x": 25, "y": 19 }, { "data": 1000010, "lvl": 9, "x": 25, "y": 18 },
    { "data": 1000010, "lvl": 9, "x": 25, "y": 17 }, { "data": 1000010, "lvl": 9, "x": 24, "y": 17 },
    { "data": 1000010, "lvl": 9, "x": 24, "y": 16 }, { "data": 1000010, "lvl": 9, "x": 23, "y": 16 },
    { "data": 1000010, "lvl": 9, "x": 22, "y": 16 }, { "data": 1000010, "lvl": 9, "x": 21, "y": 16 },
    { "data": 1000010, "lvl": 9, "x": 20, "y": 16 }, { "data": 1000010, "lvl": 9, "x": 19, "y": 16 },
    { "data": 1000010, "lvl": 9, "x": 18, "y": 16 }, { "data": 1000010, "lvl": 9, "x": 17, "y": 16 },
    { "data": 1000010, "lvl": 9, "x": 16, "y": 16 }, { "data": 1000010, "lvl": 9, "x": 16, "y": 17 },
    { "data": 1000021, "lvl": 3, "x": 21, "y": 26, "attack_mode": false, "attack_mode_war": false, "ammo": 1500 },
    { "data": 1000011, "lvl": 7, "x": 17, "y": 20 }, {
      "data": 1000021,
      "lvl": 3,
      "x": 26,
      "y": 21,
      "attack_mode": false,
      "attack_mode_war": false,
      "ammo": 1500
    }, { "data": 1000019, "lvl": 6, "x": 15, "y": 25 }, { "data": 1000003, "lvl": 10, "x": 33, "y": 25 },
    { "data": 1000005, "lvl": 10, "x": 11, "y": 28 }, { "data": 1000023, "lvl": 5, "x": 24, "y": 8, "res_time": 57303 },
    { "data": 1000026, "lvl": 4, "x": 3, "y": 24, "unit_prod": { "unit_type": 0 } },
    { "data": 1000026, "lvl": 4, "x": 24, "y": 3, "unit_prod": { "unit_type": 0 } },
    { "data": 1000021, "lvl": 3, "x": 17, "y": 17, "attack_mode": false, "attack_mode_war": false, "ammo": 991 },
    { "data": 1000027, "lvl": 2, "x": 18, "y": 23, "attack_mode": true, "attack_mode_war": true, "ammo": 750 },
    { "data": 1000027, "lvl": 2, "x": 23, "y": 18, "attack_mode": true, "attack_mode_war": true, "ammo": 750 },
    { "data": 1000008, "lvl": 11, "x": 22, "y": 33 }, { "data": 1000009, "lvl": 11, "x": 14, "y": 28 },
    { "data": 1000023, "lvl": 5, "x": 25, "y": 33, "res_time": 57298 },
    { "data": 1000002, "lvl": 10, "x": 31, "y": 14, "res_time": 179702 },
    { "data": 1000004, "lvl": 10, "x": 14, "y": 31, "res_time": 179493 }
  ],
  "obstacles": [
  { "data": 8000000, "x": 21, "y": 0, "loot_multiply_ver": 1 },
  { "data": 8000000, "x": 27, "y": 42, "loot_multiply_ver": 1 },
  { "data": 8000000, "x": 0, "y": 6, "loot_multiply_ver": 1 },
  { "data": 8000000, "x": 0, "y": 19, "loot_multiply_ver": 1 },
  { "data": 8000000, "x": 0, "y": 22, "loot_multiply_ver": 1 },
  { "data": 8000000, "x": 28, "y": 0, "loot_multiply_ver": 1 },
  { "data": 8000000, "x": 5, "y": 0, "loot_multiply_ver": 1 },
  { "data": 8000000, "x": 0, "y": 11, "loot_multiply_ver": 1 },
  { "data": 8000000, "x": 0, "y": 2, "loot_multiply_ver": 1 },
  { "data": 8000000, "x": 42, "y": 31, "loot_multiply_ver": 1 },
  { "data": 8000000, "x": 4, "y": 42, "loot_multiply_ver": 1 },
  { "data": 8000000, "x": 0, "y": 41, "loot_multiply_ver": 1 },
  { "data": 8000000, "x": 0, "y": 15, "loot_multiply_ver": 1 },
  { "data": 8000000, "x": 42, "y": 38, "loot_multiply_ver": 1 },
  { "data": 8000000, "x": 14, "y": 0, "loot_multiply_ver": 1 },
  { "data": 8000000, "x": 0, "y": 26, "loot_multiply_ver": 1 },
  { "data": 8000000, "x": 41, "y": 42, "loot_multiply_ver": 1 },
  { "data": 8000000, "x": 12, "y": 42, "loot_multiply_ver": 1 },
  { "data": 8000000, "x": 21, "y": 42, "loot_multiply_ver": 1 },
  { "data": 8000000, "x": 0, "y": 32, "loot_multiply_ver": 1 },
  { "data": 8000000, "x": 24, "y": 42, "loot_multiply_ver": 1 },
  { "data": 8000000, "x": 42, "y": 14, "loot_multiply_ver": 1 },
  { "data": 8000000, "x": 33, "y": 42, "loot_multiply_ver": 1 },
  { "data": 8000000, "x": 24, "y": 0, "loot_multiply_ver": 1 },
  { "data": 8000000, "x": 0, "y": 36, "loot_multiply_ver": 1 },
  { "data": 8000000, "x": 42, "y": 34, "loot_multiply_ver": 1 },
  { "data": 8000000, "x": 42, "y": 10, "loot_multiply_ver": 1 },
  { "data": 8000000, "x": 32, "y": 0, "loot_multiply_ver": 1 },
  { "data": 8000000, "x": 9, "y": 42, "loot_multiply_ver": 1 },
  { "data": 8000000, "x": 42, "y": 25, "loot_multiply_ver": 1 },
  { "data": 8000000, "x": 16, "y": 42, "loot_multiply_ver": 1 },
  { "data": 8000000, "x": 42, "y": 7, "loot_multiply_ver": 1 },
  { "data": 8000000, "x": 42, "y": 20, "loot_multiply_ver": 1 },
  { "data": 8000000, "x": 8, "y": 0, "loot_multiply_ver": 1 },
  { "data": 8000028, "x": 35, "y": 1, "loot_multiply_ver": 1 },
  { "data": 8000000, "x": 38, "y": 42, "loot_multiply_ver": 1 },
  { "data": 8000028, "x": 30, "y": 40, "loot_multiply_ver": 1 },
  { "data": 8000000, "x": 40, "y": 0, "loot_multiply_ver": 1 },
  { "data": 8000000, "x": 42, "y": 3, "loot_multiply_ver": 2 },
  { "data": 8000000, "x": 42, "y": 28, "loot_multiply_ver": 2 },
  { "data": 8000030, "x": 0, "y": 29, "loot_multiply_ver": 2 }
  ],
  "traps": [
  { "data": 12000006, "lvl": 2, "x": 15, "y": 23 }, { "data": 12000006, "lvl": 2, "x": 15, "y": 15 },
  { "data": 12000006, "lvl": 2, "x": 23, "y": 15 }, { "data": 12000005, "lvl": 3, "x": 19, "y": 15 },
  { "data": 12000001, "lvl": 0, "x": 6, "y": 28 }, { "data": 12000002, "lvl": 3, "x": 20, "y": 37 },
  { "data": 12000000, "lvl": 4, "x": 9, "y": 35 }, { "data": 12000000, "lvl": 4, "x": 35, "y": 9 },
  { "data": 12000000, "lvl": 4, "x": 38, "y": 20 }, { "data": 12000000, "lvl": 4, "x": 37, "y": 20 },
  { "data": 12000000, "lvl": 4, "x": 38, "y": 21 }, { "data": 12000001, "lvl": 0, "x": 6, "y": 19 },
  { "data": 12000000, "lvl": 4, "x": 37, "y": 21 }, { "data": 12000005, "lvl": 3, "x": 15, "y": 19 },
  { "data": 12000005, "lvl": 3, "x": 24, "y": 24 }, { "data": 12000005, "lvl": 3, "x": 23, "y": 17 },
  { "data": 12000005, "lvl": 3, "x": 17, "y": 23 }, { "data": 12000006, "lvl": 2, "x": 24, "y": 20 },
  { "data": 12000006, "lvl": 2, "x": 20, "y": 24 }, { "data": 12000002, "lvl": 3, "x": 15, "y": 36 },
  { "data": 12000002, "lvl": 3, "x": 8, "y": 10 }, { "data": 12000002, "lvl": 3, "x": 10, "y": 8 },
  { "data": 12000002, "lvl": 3, "x": 36, "y": 15 }, { "data": 12000001, "lvl": 0, "x": 19, "y": 6 },
  { "data": 12000001, "lvl": 0, "x": 28, "y": 6 }, { "data": 12000001, "lvl": 0, "x": 37, "y": 29 },
  { "data": 12000001, "lvl": 0, "x": 29, "y": 37 }
  ],
  "decos": [
  { "data": 18000000, "x": 7, "y": 3 }, { "data": 18000010, "x": 3, "y": 3 }, { "data": 18000001, "x": 3, "y": 9 },
  { "data": 18000001, "x": 3, "y": 5 }, { "data": 18000001, "x": 5, "y": 3 }, { "data": 18000001, "x": 9, "y": 3 },
  { "data": 18000008, "x": 2, "y": 11 }, { "data": 18000007, "x": 2, "y": 13 }, { "data": 18000009, "x": 11, "y": 2 },
  { "data": 18000003, "x": 13, "y": 2 }, { "data": 18000033, "x": 3, "y": 7 }, { "data": 18000006, "x": 35, "y": 36 },
  { "data": 18000006, "x": 38, "y": 4 }, { "data": 18000006, "x": 17, "y": 2 }, { "data": 18000006, "x": 15, "y": 2 },
  { "data": 18000005, "x": 4, "y": 38 }, { "data": 18000005, "x": 2, "y": 17 }, { "data": 18000005, "x": 2, "y": 15 },
  { "data": 18000005, "x": 33, "y": 30 }
  ],
  "respawnVars": {
    "secondsFromLastRespawn": 25110,
    "respawnSeed": 99109581,
    "obstacleClearCounter": 0,
    "time_to_gembox_drop": 722335,
    "time_in_gembox_period": 10800
  },
  "cooldowns": [{ "cooldown": 2156521, "target": 20000000 }, { "cooldown": 10244312, "target": 20000001 }],
  "newShopBuildings": [4, 0, 7, 4, 7, 4, 4, 1, 6, 7, 250, 4, 4, 3, 1, 5, 0, 0, 0, 4, 1, 3, 1, 3, 1, 1, 2, 2],
  "newShopTraps": [6, 6, 5, 0, 0, 5, 5, 0],
  "newShopDecos": [
    1, 4, 0, 1, 1, 4, 4, 1, 1, 1, 1, 1, 1, 1, 1, 1, 1, 1, 1, 1, 1, 1, 1, 1, 1, 1, 1, 1, 1, 1, 1, 1, 1, 1, 1, 1, 1
  ],
  "last_league_rank": 16,
  "last_league_shuffle": 1,
  "last_news_seen": 50,
  "edit_mode_shown": true,
  "troop_req_msg": "2-2-3",
  "war_req_msg": "2 ballons rest valks please",
  "war_tutorials_seen": 0,
  "war_base": false
}