{
  "exp_ver": 1,
  "active_layout": 0,
  "layout_state": [0, 0, 0, 0, 0, 0],
  "buildings": [
  { "data": 1000001, "id": 500000000, "lvl": 10, "x": 23, "y": 23 },
  { "data": 1000004, "id": 500000001, "lvl": 0, "x": 23, "y": 19, "res_time": 0 },
  { "data": 1000000, "id": 500000002, "lvl": 0, "x": 28, "y": 22, "units": [] },
  { "data": 1000015, "id": 500000003, "lvl": 0, "x": 20, "y": 25 },
  { "data": 1000014, "id": 500000004, "lvl": 0, "x": 21, "y": 28 },
  { "data": 1000015, "id": 500000005, "lvl": 0, "x": 20, "y": 23 },
  { "data": 1000015, "id": 500000006, "lvl": 0, "x": 16, "y": 25 },
  { "data": 1000015, "id": 500000007, "lvl": 0, "x": 18, "y": 25 },
  { "data": 1000015, "id": 500000008, "lvl": 0, "x": 18, "y": 23 },
  { "data": 1000008, "id": 500000009, "lvl": 0, "x": 28, "y": 28 },
  { "data": 1000002, "id": 500000010, "lvl": 0, "x": 23, "y": 16, "res_time": 0 },
  { "data": 1000003, "id": 500000011, "lvl": 0, "x": 27, "y": 19 },
  { "data": 1000006, "id": 500000012, "lvl": 0, "x": 24, "y": 28, "unit_prod": { "unit_type": 0 } },
  { "data": 1000008, "id": 500000013, "lvl": 0, "x": 31, "y": 28 },
  { "data": 1000005, "id": 500000014, "lvl": 0, "x": 30, "y": 19 },
  { "data": 1000010, "id": 500000015, "lvl": 0, "x": 22, "y": 27 },
  { "data": 1000010, "id": 500000016, "lvl": 0, "x": 23, "y": 27 },
  { "data": 1000010, "id": 500000017, "lvl": 0, "x": 24, "y": 27 },
  { "data": 1000010, "id": 500000018, "lvl": 0, "x": 25, "y": 27 },
  { "data": 1000010, "id": 500000019, "lvl": 0, "x": 26, "y": 27 },
  { "data": 1000010, "id": 500000020, "lvl": 0, "x": 27, "y": 27 },
  { "data": 1000010, "id": 500000021, "lvl": 0, "x": 27, "y": 26 },
  { "data": 1000010, "id": 500000022, "lvl": 0, "x": 27, "y": 25 },
  { "data": 1000010, "id": 500000023, "lvl": 0, "x": 27, "y": 24 },
  { "data": 1000010, "id": 500000024, "lvl": 0, "x": 27, "y": 23 },
  { "data": 1000010, "id": 500000025, "lvl": 0, "x": 27, "y": 22 },
  { "data": 1000010, "id": 500000026, "lvl": 0, "x": 26, "y": 22 },
  { "data": 1000010, "id": 500000027, "lvl": 0, "x": 25, "y": 22 },
  { "data": 1000010, "id": 500000028, "lvl": 0, "x": 24, "y": 22 },
  { "data": 1000010, "id": 500000029, "lvl": 0, "x": 23, "y": 22 },
  { "data": 1000010, "id": 500000030, "lvl": 0, "x": 22, "y": 22 },
  { "data": 1000010, "id": 500000031, "lvl": 0, "x": 22, "y": 23 },
  { "data": 1000010, "id": 500000032, "lvl": 0, "x": 22, "y": 24 },
  { "data": 1000010, "id": 500000033, "lvl": 0, "x": 22, "y": 25 },
  { "data": 1000010, "id": 500000034, "lvl": 0, "x": 22, "y": 26 },
  { "data": 1000010, "id": 500000035, "lvl": 0, "x": 28, "y": 27 },
  { "data": 1000010, "id": 500000036, "lvl": 0, "x": 29, "y": 27 },
  { "data": 1000010, "id": 500000037, "lvl": 0, "x": 30, "y": 27 },
  { "data": 1000010, "id": 500000038, "lvl": 0, "x": 26, "y": 21 },
  { "data": 1000010, "id": 500000039, "lvl": 0, "x": 26, "y": 20 },
  { "data": 1000009, "id": 500000040, "lvl": 0, "x": 28, "y": 31 },
  { "data": 1000006, "id": 500000041, "lvl": 0, "x": 24, "y": 31, "unit_prod": { "unit_type": 0 } },
  { "data": 1000004, "id": 500000042, "lvl": 0, "x": 20, "y": 19, "res_time": 0 },
  { "data": 1000002, "id": 500000043, "lvl": 0, "x": 20, "y": 16, "res_time": 0 },
  { "data": 1000010, "id": 500000044, "lvl": 0, "x": 21, "y": 22 },
  { "data": 1000010, "id": 500000045, "lvl": 0, "x": 20, "y": 22 },
  { "data": 1000010, "id": 500000046, "lvl": 0, "x": 19, "y": 22 },
  { "data": 1000010, "id": 500000047, "lvl": 0, "x": 21, "y": 27 },
  { "data": 1000010, "id": 500000048, "lvl": 0, "x": 20, "y": 27 },
  { "data": 1000010, "id": 500000049, "lvl": 0, "x": 19, "y": 27 },
  { "data": 1000010, "id": 500000050, "lvl": 0, "x": 18, "y": 27 },
  { "data": 1000010, "id": 500000051, "lvl": 0, "x": 17, "y": 27 },
  { "data": 1000010, "id": 500000052, "lvl": 0, "x": 27, "y": 28 },
  { "data": 1000010, "id": 500000053, "lvl": 0, "x": 27, "y": 29 },
  { "data": 1000010, "id": 500000054, "lvl": 0, "x": 27, "y": 30 },
  { "data": 1000010, "id": 500000055, "lvl": 0, "x": 27, "y": 31 },
  { "data": 1000010, "id": 500000056, "lvl": 0, "x": 27, "y": 32 },
  { "data": 1000010, "id": 500000057, "lvl": 0, "x": 27, "y": 33 },
  { "data": 1000010, "id": 500000058, "lvl": 0, "x": 26, "y": 19 },
  { "data": 1000010, "id": 500000059, "lvl": 0, "x": 26, "y": 18 },
  { "data": 1000010, "id": 500000060, "lvl": 0, "x": 31, "y": 27 },
  { "data": 1000010, "id": 500000061, "lvl": 0, "x": 32, "y": 27 },
  { "data": 1000010, "id": 500000062, "lvl": 0, "x": 33, "y": 27 },
  { "data": 1000010, "id": 500000063, "lvl": 0, "x": 33, "y": 26 },
  { "data": 1000010, "id": 500000064, "lvl": 0, "x": 33, "y": 25 },
  { "data": 1000010, "id": 500000065, "lvl": 0, "x": 33, "y": 24 },
  { "data": 1000010, "id": 500000066, "lvl": 0, "x": 18, "y": 22 },
  { "data": 1000010, "id": 500000067, "lvl": 0, "x": 17, "y": 22 },
  { "data": 1000010, "id": 500000068, "lvl": 0, "x": 26, "y": 17 },
  { "data": 1000004, "id": 500000069, "lvl": 0, "x": 17, "y": 19, "res_time": 0 },
  { "data": 1000002, "id": 500000070, "lvl": 0, "x": 17, "y": 16, "res_time": 0 },
  { "data": 1000013, "id": 500000071, "lvl": 0, "x": 31, "y": 31 },
  { "data": 1000003, "id": 500000072, "lvl": 0, "x": 27, "y": 16 },
  { "data": 1000000, "id": 500000073, "lvl": 0, "x": 34, "y": 22, "units": [] },
  { "data": 1000007, "id": 500000074, "lvl": 0, "x": 12, "y": 18 },
  { "data": 1000005, "id": 500000075, "lvl": 0, "x": 30, "y": 16 },
  { "data": 1000010, "id": 500000076, "lvl": 0, "x": 26, "y": 16 },
  { "data": 1000010, "id": 500000077, "lvl": 0, "x": 26, "y": 15 },
  { "data": 1000010, "id": 500000078, "lvl": 0, "x": 27, "y": 15 },
  { "data": 1000010, "id": 500000079, "lvl": 0, "x": 28, "y": 15 },
  { "data": 1000010, "id": 500000080, "lvl": 0, "x": 29, "y": 15 },
  { "data": 1000010, "id": 500000081, "lvl": 0, "x": 30, "y": 15 },
  { "data": 1000010, "id": 500000082, "lvl": 0, "x": 31, "y": 15 },
  { "data": 1000010, "id": 500000083, "lvl": 0, "x": 32, "y": 15 },
  { "data": 1000010, "id": 500000084, "lvl": 0, "x": 33, "y": 15 },
  { "data": 1000010, "id": 500000085, "lvl": 0, "x": 33, "y": 16 },
  { "data": 1000010, "id": 500000086, "lvl": 0, "x": 33, "y": 17 },
  { "data": 1000010, "id": 500000087, "lvl": 0, "x": 33, "y": 18 },
  { "data": 1000010, "id": 500000088, "lvl": 0, "x": 33, "y": 19 },
  { "data": 1000010, "id": 500000089, "lvl": 0, "x": 33, "y": 20 },
  { "data": 1000010, "id": 500000090, "lvl": 0, "x": 33, "y": 21 },
  { "data": 1000010, "id": 500000091, "lvl": 0, "x": 33, "y": 22 },
  { "data": 1000010, "id": 500000092, "lvl": 0, "x": 33, "y": 23 },
  { "data": 1000010, "id": 500000093, "lvl": 0, "x": 16, "y": 22 },
  { "data": 1000010, "id": 500000094, "lvl": 0, "x": 20, "y": 28 },
  { "data": 1000010, "id": 500000095, "lvl": 0, "x": 20, "y": 29 },
  { "data": 1000010, "id": 500000096, "lvl": 0, "x": 20, "y": 30 },
  { "data": 1000010, "id": 500000097, "lvl": 0, "x": 20, "y": 31 },
  { "data": 1000010, "id": 500000098, "lvl": 0, "x": 20, "y": 32 },
  { "data": 1000010, "id": 500000099, "lvl": 0, "x": 20, "y": 33 },
  { "data": 1000010, "id": 500000100, "lvl": 0, "x": 20, "y": 34 },
  { "data": 1000004, "id": 500000101, "lvl": 0, "x": 23, "y": 13, "res_time": 0 },
  { "data": 1000009, "id": 500000102, "lvl": 0, "x": 17, "y": 28 },
  { "data": 1000012, "id": 500000103, "lvl": 0, "x": 21, "y": 31 },
  { "data": 1000002, "id": 500000104, "lvl": 0, "x": 20, "y": 13, "res_time": 0 },
  { "data": 1000006, "id": 500000105, "lvl": 0, "x": 24, "y": 35, "unit_prod": { "unit_type": 0 } },
  { "data": 1000008, "id": 500000106, "lvl": 0, "x": 28, "y": 35 },
  { "data": 1000004, "id": 500000107, "lvl": 0, "x": 17, "y": 13, "res_time": 0 },
  { "data": 1000000, "id": 500000108, "lvl": 0, "x": 34, "y": 17, "units": [] },
  { "data": 1000002, "id": 500000109, "lvl": 0, "x": 13, "y": 15, "res_time": 0 },
  { "data": 1000009, "id": 500000110, "lvl": 0, "x": 27, "y": 12 },
  { "data": 1000011, "id": 500000111, "lvl": 0, "x": 30, "y": 12 },
  { "data": 1000010, "id": 500000112, "lvl": 0, "x": 21, "y": 34 },
  { "data": 1000010, "id": 500000113, "lvl": 0, "x": 22, "y": 34 },
  { "data": 1000010, "id": 500000114, "lvl": 0, "x": 23, "y": 34 },
  { "data": 1000010, "id": 500000115, "lvl": 0, "x": 24, "y": 34 },
  { "data": 1000010, "id": 500000116, "lvl": 0, "x": 25, "y": 34 },
  { "data": 1000010, "id": 500000117, "lvl": 0, "x": 26, "y": 34 },
  { "data": 1000010, "id": 500000118, "lvl": 0, "x": 27, "y": 34 },
  { "data": 1000010, "id": 500000119, "lvl": 0, "x": 15, "y": 22 },
  { "data": 1000010, "id": 500000120, "lvl": 0, "x": 15, "y": 23 },
  { "data": 1000010, "id": 500000121, "lvl": 0, "x": 15, "y": 24 },
  { "data": 1000010, "id": 500000122, "lvl": 0, "x": 15, "y": 25 },
  { "data": 1000010, "id": 500000123, "lvl": 0, "x": 15, "y": 26 },
  { "data": 1000010, "id": 500000124, "lvl": 0, "x": 15, "y": 27 },
  { "data": 1000010, "id": 500000125, "lvl": 0, "x": 16, "y": 27 },
  { "data": 1000010, "id": 500000126, "lvl": 0, "x": 16, "y": 21 },
  { "data": 1000010, "id": 500000127, "lvl": 0, "x": 16, "y": 20 },
  { "data": 1000010, "id": 500000128, "lvl": 0, "x": 16, "y": 19 },
  { "data": 1000010, "id": 500000129, "lvl": 0, "x": 16, "y": 18 },
  { "data": 1000010, "id": 500000130, "lvl": 0, "x": 16, "y": 17 },
  { "data": 1000010, "id": 500000131, "lvl": 0, "x": 16, "y": 16 },
  { "data": 1000010, "id": 500000132, "lvl": 0, "x": 16, "y": 15 },
  { "data": 1000010, "id": 500000133, "lvl": 0, "x": 16, "y": 14 },
  { "data": 1000010, "id": 500000134, "lvl": 0, "x": 16, "y": 13 },
  { "data": 1000010, "id": 500000135, "lvl": 0, "x": 16, "y": 12 },
  { "data": 1000010, "id": 500000136, "lvl": 0, "x": 17, "y": 12 },
  { "data": 1000020, "id": 500000137, "lvl": 0, "x": 21, "y": 35, "units": [], "unit_prod": { "unit_type": 1 } },
  { "data": 1000013, "id": 500000138, "lvl": 0, "x": 34, "y": 28 },
  { "data": 1000012, "id": 500000139, "lvl": 0, "x": 34, "y": 31 },
  { "data": 1000010, "id": 500000140, "lvl": 0, "x": 28, "y": 34 },
  { "data": 1000010, "id": 500000141, "lvl": 0, "x": 29, "y": 34 },
  { "data": 1000010, "id": 500000142, "lvl": 0, "x": 30, "y": 34 },
  { "data": 1000010, "id": 500000143, "lvl": 0, "x": 31, "y": 34 },
  { "data": 1000010, "id": 500000144, "lvl": 0, "x": 32, "y": 34 },
  { "data": 1000010, "id": 500000145, "lvl": 0, "x": 33, "y": 34 },
  { "data": 1000010, "id": 500000146, "lvl": 0, "x": 34, "y": 34 },
  { "data": 1000010, "id": 500000147, "lvl": 0, "x": 35, "y": 34 },
  { "data": 1000010, "id": 500000148, "lvl": 0, "x": 36, "y": 34 },
  { "data": 1000010, "id": 500000149, "lvl": 0, "x": 37, "y": 34 },
  { "data": 1000010, "id": 500000150, "lvl": 0, "x": 37, "y": 33 },
  { "data": 1000010, "id": 500000151, "lvl": 0, "x": 37, "y": 32 },
  { "data": 1000010, "id": 500000152, "lvl": 0, "x": 37, "y": 31 },
  { "data": 1000010, "id": 500000153, "lvl": 0, "x": 37, "y": 30 },
  { "data": 1000010, "id": 500000154, "lvl": 0, "x": 37, "y": 29 },
  { "data": 1000010, "id": 500000155, "lvl": 0, "x": 37, "y": 28 },
  { "data": 1000010, "id": 500000156, "lvl": 0, "x": 37, "y": 27 },
  { "data": 1000010, "id": 500000157, "lvl": 0, "x": 36, "y": 27 },
  { "data": 1000010, "id": 500000158, "lvl": 0, "x": 35, "y": 27 },
  { "data": 1000010, "id": 500000159, "lvl": 0, "x": 34, "y": 27 },
  { "data": 1000010, "id": 500000160, "lvl": 0, "x": 34, "y": 16 },
  { "data": 1000010, "id": 500000161, "lvl": 0, "x": 35, "y": 16 },
  { "data": 1000010, "id": 500000162, "lvl": 0, "x": 36, "y": 16 },
  { "data": 1000010, "id": 500000163, "lvl": 0, "x": 37, "y": 16 },
  { "data": 1000010, "id": 500000164, "lvl": 0, "x": 38, "y": 16 },
  { "data": 1000004, "id": 500000165, "lvl": 0, "x": 13, "y": 12, "res_time": 0 },
  { "data": 1000002, "id": 500000166, "lvl": 0, "x": 10, "y": 15, "res_time": 0 },
  { "data": 1000011, "id": 500000167, "lvl": 0, "x": 17, "y": 31 },
  {
    "data": 1000028,
    "id": 500000168,
    "lvl": 0,
    "x": 15,
    "y": 28,
    "aim_angle": 0,
    "aim_angle_draft": 0,
    "aim_angle_war": 0,
    "aim_angle_draft_war": 0,
    "aim_angle2": 0,
    "aim_angle_d2": 0,
    "aim_angle3": 0,
    "aim_angle_d3": 0,
    "aim_angle4": 0,
    "aim_angle_d4": 0,
    "aim_angle5": 0,
    "aim_angle_d5": 0
  }, { "data": 1000024, "id": 500000169, "lvl": 0, "x": 34, "y": 13 },
  { "data": 1000023, "id": 500000170, "lvl": 0, "x": 12, "y": 23, "res_time": 0 },
  { "data": 1000000, "id": 500000171, "lvl": 0, "x": 16, "y": 7, "units": [] },
  { "data": 1000026, "id": 500000172, "lvl": 0, "x": 31, "y": 35, "unit_prod": { "unit_type": 0 } },
  { "data": 1000006, "id": 500000173, "lvl": 0, "x": 24, "y": 38, "unit_prod": { "unit_type": 0 } },
  { "data": 1000009, "id": 500000174, "lvl": 0, "x": 21, "y": 38 },
  { "data": 1000013, "id": 500000175, "lvl": 0, "x": 22, "y": 9 },
  { "data": 1000008, "id": 500000176, "lvl": 0, "x": 12, "y": 26 },
  { "data": 1000008, "id": 500000177, "lvl": 0, "x": 12, "y": 29 },
  { "data": 1000012, "id": 500000178, "lvl": 0, "x": 25, "y": 9 },
  { "data": 1000010, "id": 500000179, "lvl": 0, "x": 27, "y": 35 },
  { "data": 1000010, "id": 500000180, "lvl": 0, "x": 27, "y": 36 },
  { "data": 1000010, "id": 500000181, "lvl": 0, "x": 27, "y": 37 },
  { "data": 1000010, "id": 500000182, "lvl": 0, "x": 27, "y": 38 },
  { "data": 1000010, "id": 500000183, "lvl": 0, "x": 27, "y": 39 },
  { "data": 1000010, "id": 500000184, "lvl": 0, "x": 27, "y": 40 },
  { "data": 1000010, "id": 500000185, "lvl": 0, "x": 27, "y": 41 },
  { "data": 1000010, "id": 500000186, "lvl": 0, "x": 26, "y": 41 },
  { "data": 1000010, "id": 500000187, "lvl": 0, "x": 25, "y": 41 },
  { "data": 1000010, "id": 500000188, "lvl": 0, "x": 24, "y": 41 },
  { "data": 1000010, "id": 500000189, "lvl": 0, "x": 23, "y": 41 },
  { "data": 1000010, "id": 500000190, "lvl": 0, "x": 22, "y": 41 },
  { "data": 1000010, "id": 500000191, "lvl": 0, "x": 21, "y": 41 },
  { "data": 1000010, "id": 500000192, "lvl": 0, "x": 20, "y": 41 },
  { "data": 1000010, "id": 500000193, "lvl": 0, "x": 20, "y": 40 },
  { "data": 1000010, "id": 500000194, "lvl": 0, "x": 20, "y": 39 },
  { "data": 1000010, "id": 500000195, "lvl": 0, "x": 20, "y": 38 },
  { "data": 1000010, "id": 500000196, "lvl": 0, "x": 20, "y": 37 },
  { "data": 1000010, "id": 500000197, "lvl": 0, "x": 20, "y": 36 },
  { "data": 1000010, "id": 500000198, "lvl": 0, "x": 20, "y": 35 },
  { "data": 1000010, "id": 500000199, "lvl": 0, "x": 18, "y": 12 },
  { "data": 1000010, "id": 500000200, "lvl": 0, "x": 19, "y": 12 },
  { "data": 1000010, "id": 500000201, "lvl": 0, "x": 20, "y": 12 },
  { "data": 1000010, "id": 500000202, "lvl": 0, "x": 21, "y": 12 },
  { "data": 1000010, "id": 500000203, "lvl": 0, "x": 22, "y": 12 },
  { "data": 1000010, "id": 500000204, "lvl": 0, "x": 23, "y": 12 },
  { "data": 1000010, "id": 500000205, "lvl": 0, "x": 24, "y": 12 },
  { "data": 1000010, "id": 500000206, "lvl": 0, "x": 25, "y": 12 },
  { "data": 1000010, "id": 500000207, "lvl": 0, "x": 26, "y": 12 },
  { "data": 1000010, "id": 500000208, "lvl": 0, "x": 39, "y": 16 },
  { "data": 1000010, "id": 500000209, "lvl": 0, "x": 39, "y": 17 },
  { "data": 1000010, "id": 500000210, "lvl": 0, "x": 39, "y": 18 },
  { "data": 1000010, "id": 500000211, "lvl": 0, "x": 39, "y": 19 },
  { "data": 1000010, "id": 500000212, "lvl": 0, "x": 39, "y": 20 },
  { "data": 1000010, "id": 500000213, "lvl": 0, "x": 39, "y": 21 },
  { "data": 1000010, "id": 500000214, "lvl": 0, "x": 39, "y": 22 },
  { "data": 1000010, "id": 500000215, "lvl": 0, "x": 39, "y": 23 },
  { "data": 1000010, "id": 500000216, "lvl": 0, "x": 39, "y": 24 },
  { "data": 1000010, "id": 500000217, "lvl": 0, "x": 39, "y": 25 },
  { "data": 1000010, "id": 500000218, "lvl": 0, "x": 39, "y": 26 },
  { "data": 1000010, "id": 500000219, "lvl": 0, "x": 39, "y": 27 },
  { "data": 1000010, "id": 500000220, "lvl": 0, "x": 38, "y": 27 },
  { "data": 1000010, "id": 500000221, "lvl": 0, "x": 19, "y": 34 },
  { "data": 1000010, "id": 500000222, "lvl": 0, "x": 18, "y": 34 },
  { "data": 1000010, "id": 500000223, "lvl": 0, "x": 17, "y": 34 },
  { "data": 1000010, "id": 500000224, "lvl": 0, "x": 16, "y": 34 },
  { "data": 1000010, "id": 500000225, "lvl": 0, "x": 15, "y": 34 },
  { "data": 1000010, "id": 500000226, "lvl": 0, "x": 14, "y": 34 },
  { "data": 1000010, "id": 500000227, "lvl": 0, "x": 13, "y": 34 },
  { "data": 1000010, "id": 500000228, "lvl": 0, "x": 12, "y": 34 },
  { "data": 1000019, "id": 500000229, "lvl": 0, "x": 15, "y": 32 },
  { "data": 1000019, "id": 500000230, "lvl": 0, "x": 28, "y": 39 },
  { "data": 1000022, "id": 500000231, "lvl": 0, "x": 17, "y": 35 },
  { "data": 1000003, "id": 500000232, "lvl": 0, "x": 38, "y": 28 },
  { "data": 1000005, "id": 500000233, "lvl": 0, "x": 38, "y": 31 },
  { "data": 1000009, "id": 500000234, "lvl": 0, "x": 34, "y": 35 },
  { "data": 1000011, "id": 500000235, "lvl": 0, "x": 9, "y": 19 },
  { "data": 1000023, "id": 500000236, "lvl": 0, "x": 28, "y": 9, "res_time": 0 },
  { "data": 1000026, "id": 500000237, "lvl": 0, "x": 40, "y": 24, "unit_prod": { "unit_type": 0 } },
  { "data": 1000029, "id": 500000238, "lvl": 0, "x": 40, "y": 21, "units": [], "unit_prod": { "unit_type": 1 } },
  { "data": 1000013, "id": 500000239, "lvl": 0, "x": 14, "y": 38 },
  { "data": 1000019, "id": 500000240, "lvl": 0, "x": 34, "y": 38 },
  { "data": 1000010, "id": 500000241, "lvl": 0, "x": 33, "y": 14 },
  { "data": 1000010, "id": 500000242, "lvl": 0, "x": 33, "y": 13 },
  { "data": 1000010, "id": 500000243, "lvl": 0, "x": 33, "y": 12 },
  { "data": 1000010, "id": 500000244, "lvl": 0, "x": 33, "y": 11 },
  { "data": 1000010, "id": 500000245, "lvl": 0, "x": 33, "y": 10 },
  { "data": 1000010, "id": 500000246, "lvl": 0, "x": 33, "y": 9 },
  { "data": 1000010, "id": 500000247, "lvl": 0, "x": 33, "y": 8 },
  { "data": 1000010, "id": 500000248, "lvl": 0, "x": 32, "y": 8 },
  { "data": 1000010, "id": 500000249, "lvl": 0, "x": 31, "y": 8 },
  { "data": 1000010, "id": 500000250, "lvl": 0, "x": 30, "y": 8 },
  { "data": 1000010, "id": 500000251, "lvl": 0, "x": 29, "y": 8 },
  { "data": 1000010, "id": 500000252, "lvl": 0, "x": 28, "y": 8 },
  { "data": 1000010, "id": 500000253, "lvl": 0, "x": 27, "y": 8 },
  { "data": 1000010, "id": 500000254, "lvl": 0, "x": 26, "y": 8 },
  { "data": 1000010, "id": 500000255, "lvl": 0, "x": 25, "y": 8 },
  { "data": 1000010, "id": 500000256, "lvl": 0, "x": 24, "y": 8 },
  { "data": 1000010, "id": 500000257, "lvl": 0, "x": 23, "y": 8 },
  { "data": 1000010, "id": 500000258, "lvl": 0, "x": 22, "y": 8 },
  { "data": 1000010, "id": 500000259, "lvl": 0, "x": 21, "y": 8 },
  { "data": 1000010, "id": 500000260, "lvl": 0, "x": 21, "y": 9 },
  { "data": 1000010, "id": 500000261, "lvl": 0, "x": 21, "y": 10 },
  { "data": 1000010, "id": 500000262, "lvl": 0, "x": 21, "y": 11 },
  { "data": 1000010, "id": 500000263, "lvl": 0, "x": 11, "y": 34 },
  { "data": 1000010, "id": 500000264, "lvl": 0, "x": 11, "y": 33 },
  { "data": 1000010, "id": 500000265, "lvl": 0, "x": 11, "y": 32 },
  { "data": 1000010, "id": 500000266, "lvl": 0, "x": 11, "y": 31 },
  { "data": 1000010, "id": 500000267, "lvl": 0, "x": 11, "y": 30 },
  { "data": 1000010, "id": 500000268, "lvl": 0, "x": 11, "y": 29 },
  { "data": 1000010, "id": 500000269, "lvl": 0, "x": 11, "y": 28 },
  { "data": 1000010, "id": 500000270, "lvl": 0, "x": 11, "y": 27 },
  { "data": 1000010, "id": 500000271, "lvl": 0, "x": 11, "y": 26 },
  { "data": 1000010, "id": 500000272, "lvl": 0, "x": 11, "y": 25 },
  { "data": 1000010, "id": 500000273, "lvl": 0, "x": 11, "y": 24 },
  { "data": 1000010, "id": 500000274, "lvl": 0, "x": 11, "y": 23 },
  { "data": 1000010, "id": 500000275, "lvl": 0, "x": 11, "y": 22 },
  { "data": 1000010, "id": 500000276, "lvl": 0, "x": 12, "y": 22 },
  { "data": 1000010, "id": 500000277, "lvl": 0, "x": 13, "y": 22 },
  { "data": 1000010, "id": 500000278, "lvl": 0, "x": 14, "y": 22 },
  { "data": 1000010, "id": 500000279, "lvl": 0, "x": 40, "y": 27 },
  { "data": 1000010, "id": 500000280, "lvl": 0, "x": 41, "y": 27 },
  { "data": 1000010, "id": 500000281, "lvl": 0, "x": 41, "y": 28 },
  { "data": 1000010, "id": 500000282, "lvl": 0, "x": 41, "y": 29 },
  { "data": 1000010, "id": 500000283, "lvl": 0, "x": 41, "y": 30 },
  { "data": 1000010, "id": 500000284, "lvl": 0, "x": 41, "y": 31 },
  { "data": 1000010, "id": 500000285, "lvl": 0, "x": 41, "y": 32 },
  { "data": 1000010, "id": 500000286, "lvl": 0, "x": 41, "y": 33 },
  { "data": 1000010, "id": 500000287, "lvl": 0, "x": 41, "y": 34 },
  { "data": 1000010, "id": 500000288, "lvl": 0, "x": 40, "y": 34 },
  { "data": 1000010, "id": 500000289, "lvl": 0, "x": 39, "y": 34 },
  { "data": 1000010, "id": 500000290, "lvl": 0, "x": 38, "y": 34 },
  { "data": 1000003, "id": 500000291, "lvl": 0, "x": 38, "y": 35 },
  { "data": 1000005, "id": 500000292, "lvl": 0, "x": 38, "y": 38 },
  { "data": 1000025, "id": 500000293, "lvl": 0, "x": 14, "y": 35 },
  { "data": 1000010, "id": 500000294, "lvl": 0, "x": 41, "y": 35 },
  { "data": 1000010, "id": 500000295, "lvl": 0, "x": 41, "y": 36 },
  { "data": 1000010, "id": 500000296, "lvl": 0, "x": 41, "y": 37 },
  { "data": 1000010, "id": 500000297, "lvl": 0, "x": 41, "y": 38 },
  { "data": 1000010, "id": 500000298, "lvl": 0, "x": 41, "y": 39 },
  { "data": 1000010, "id": 500000299, "lvl": 0, "x": 41, "y": 40 },
  { "data": 1000010, "id": 500000300, "lvl": 0, "x": 41, "y": 41 },
  { "data": 1000010, "id": 500000301, "lvl": 0, "x": 40, "y": 41 },
  { "data": 1000010, "id": 500000302, "lvl": 0, "x": 39, "y": 41 },
  { "data": 1000010, "id": 500000303, "lvl": 0, "x": 38, "y": 41 },
  { "data": 1000010, "id": 500000304, "lvl": 0, "x": 37, "y": 41 },
  { "data": 1000010, "id": 500000305, "lvl": 0, "x": 36, "y": 41 },
  { "data": 1000010, "id": 500000306, "lvl": 0, "x": 35, "y": 41 },
  { "data": 1000010, "id": 500000307, "lvl": 0, "x": 34, "y": 41 },
  { "data": 1000010, "id": 500000308, "lvl": 0, "x": 33, "y": 41 },
  { "data": 1000010, "id": 500000309, "lvl": 0, "x": 32, "y": 41 },
  { "data": 1000010, "id": 500000310, "lvl": 0, "x": 31, "y": 41 },
  { "data": 1000010, "id": 500000311, "lvl": 0, "x": 30, "y": 41 },
  { "data": 1000010, "id": 500000312, "lvl": 0, "x": 29, "y": 41 },
  { "data": 1000010, "id": 500000313, "lvl": 0, "x": 28, "y": 41 },
  { "data": 1000010, "id": 500000314, "lvl": 0, "x": 37, "y": 40 },
  { "data": 1000010, "id": 500000315, "lvl": 0, "x": 37, "y": 39 },
  { "data": 1000010, "id": 500000316, "lvl": 0, "x": 37, "y": 38 },
  { "data": 1000010, "id": 500000317, "lvl": 0, "x": 37, "y": 37 },
  { "data": 1000010, "id": 500000318, "lvl": 0, "x": 37, "y": 36 },
  {
    "data": 1000021,
    "id": 500000319,
    "lvl": 0,
    "x": 11,
    "y": 35,
    "attack_mode": false,
    "attack_mode_draft": false,
    "attack_mode_war": false,
    "attack_mode_draft_war": false,
    "attack_mode2": false,
    "attack_mode_d2": false,
    "attack_mode3": false,
    "attack_mode_d3": false,
    "attack_mode4": false,
    "attack_mode_d4": false,
    "attack_mode5": false,
    "attack_mode_d5": false,
    "ammo": 1500
  }, { "data": 1000009, "id": 500000320, "lvl": 0, "x": 17, "y": 38 },
  { "data": 1000012, "id": 500000321, "lvl": 0, "x": 34, "y": 10 },
  { "data": 1000011, "id": 500000322, "lvl": 0, "x": 37, "y": 13 },
  {
    "data": 1000021,
    "id": 500000323,
    "lvl": 0,
    "x": 37,
    "y": 10,
    "attack_mode": false,
    "attack_mode_draft": false,
    "attack_mode_war": false,
    "attack_mode_draft_war": false,
    "attack_mode2": false,
    "attack_mode_d2": false,
    "attack_mode3": false,
    "attack_mode_d3": false,
    "attack_mode4": false,
    "attack_mode_d4": false,
    "attack_mode5": false,
    "attack_mode_d5": false,
    "ammo": 1500
  }, { "data": 1000019, "id": 500000324, "lvl": 0, "x": 11, "y": 13 },
  {
    "data": 1000028,
    "id": 500000325,
    "lvl": 0,
    "x": 14,
    "y": 10,
    "aim_angle": 0,
    "aim_angle_draft": 0,
    "aim_angle_war": 0,
    "aim_angle_draft_war": 0,
    "aim_angle2": 0,
    "aim_angle_d2": 0,
    "aim_angle3": 0,
    "aim_angle_d3": 0,
    "aim_angle4": 0,
    "aim_angle_d4": 0,
    "aim_angle5": 0,
    "aim_angle_d5": 0
  }, { "data": 1000002, "id": 500000326, "lvl": 0, "x": 8, "y": 24, "res_time": 0 },
  { "data": 1000009, "id": 500000327, "lvl": 0, "x": 8, "y": 27 },
  { "data": 1000008, "id": 500000328, "lvl": 0, "x": 8, "y": 30 },
  {
    "data": 1000021,
    "id": 500000329,
    "lvl": 0,
    "x": 40,
    "y": 18,
    "attack_mode": false,
    "attack_mode_draft": false,
    "attack_mode_war": false,
    "attack_mode_draft_war": false,
    "attack_mode2": false,
    "attack_mode_d2": false,
    "attack_mode3": false,
    "attack_mode_d3": false,
    "attack_mode4": false,
    "attack_mode_d4": false,
    "attack_mode5": false,
    "attack_mode_d5": false,
    "ammo": 1500
  }, {
    "data": 1000027,
    "id": 500000330,
    "lvl": 0,
    "x": 34,
    "y": 8,
    "attack_mode": false,
    "attack_mode_draft": false,
    "attack_mode_war": false,
    "attack_mode_draft_war": false,
    "attack_mode2": false,
    "attack_mode_d2": false,
    "attack_mode3": false,
    "attack_mode_d3": false,
    "attack_mode4": false,
    "attack_mode_d4": false,
    "attack_mode5": false,
    "attack_mode_d5": false,
    "ammo": 1000
  }, {
    "data": 1000027,
    "id": 500000331,
    "lvl": 0,
    "x": 11,
    "y": 11,
    "attack_mode": false,
    "attack_mode_draft": false,
    "attack_mode_war": false,
    "attack_mode_draft_war": false,
    "attack_mode2": false,
    "attack_mode_d2": false,
    "attack_mode3": false,
    "attack_mode_d3": false,
    "attack_mode4": false,
    "attack_mode_d4": false,
    "attack_mode5": false,
    "attack_mode_d5": false,
    "ammo": 1000
  }, { "data": 1000004, "id": 500000332, "lvl": 0, "x": 13, "y": 7, "res_time": 0 },
  { "data": 1000023, "id": 500000333, "lvl": 0, "x": 40, "y": 15, "res_time": 0 },
  { "data": 1000010, "id": 500000334, "lvl": 0, "x": 42, "y": 27 },
  { "data": 1000010, "id": 500000335, "lvl": 0, "x": 43, "y": 27 },
  { "data": 1000010, "id": 500000336, "lvl": 0, "x": 43, "y": 26 },
  { "data": 1000010, "id": 500000337, "lvl": 0, "x": 43, "y": 25 },
  { "data": 1000010, "id": 500000338, "lvl": 0, "x": 43, "y": 24 },
  { "data": 1000010, "id": 500000339, "lvl": 0, "x": 43, "y": 23 },
  { "data": 1000010, "id": 500000340, "lvl": 0, "x": 43, "y": 22 },
  { "data": 1000010, "id": 500000341, "lvl": 0, "x": 43, "y": 21 },
  { "data": 1000010, "id": 500000342, "lvl": 0, "x": 43, "y": 20 },
  { "data": 1000010, "id": 500000343, "lvl": 0, "x": 43, "y": 19 },
  { "data": 1000010, "id": 500000344, "lvl": 0, "x": 43, "y": 18 },
  { "data": 1000010, "id": 500000345, "lvl": 0, "x": 43, "y": 17 },
  { "data": 1000010, "id": 500000346, "lvl": 0, "x": 43, "y": 16 },
  { "data": 1000010, "id": 500000347, "lvl": 0, "x": 43, "y": 15 },
  { "data": 1000010, "id": 500000348, "lvl": 0, "x": 43, "y": 14 },
  { "data": 1000010, "id": 500000349, "lvl": 0, "x": 42, "y": 14 },
  { "data": 1000010, "id": 500000350, "lvl": 0, "x": 41, "y": 14 },
  { "data": 1000010, "id": 500000351, "lvl": 0, "x": 40, "y": 14 },
  { "data": 1000010, "id": 500000352, "lvl": 0, "x": 40, "y": 13 },
  { "data": 1000010, "id": 500000353, "lvl": 0, "x": 40, "y": 12 },
  { "data": 1000010, "id": 500000354, "lvl": 0, "x": 40, "y": 11 },
  { "data": 1000010, "id": 500000355, "lvl": 0, "x": 40, "y": 10 },
  { "data": 1000010, "id": 500000356, "lvl": 0, "x": 40, "y": 9 },
  { "data": 1000010, "id": 500000357, "lvl": 0, "x": 39, "y": 9 },
  { "data": 1000010, "id": 500000358, "lvl": 0, "x": 38, "y": 9 },
  { "data": 1000009, "id": 500000359, "lvl": 0, "x": 11, "y": 38 },
  { "data": 1000008, "id": 500000360, "lvl": 0, "x": 10, "y": 8 },
  { "data": 1000011, "id": 500000361, "lvl": 0, "x": 42, "y": 28 },
  { "data": 1000030, "id": 500000362, "lvl": 0, "x": 6, "y": 21 },
  {
    "data": 1000021,
    "id": 500000363,
    "lvl": 0,
    "x": 21,
    "y": 5,
    "attack_mode": false,
    "attack_mode_draft": false,
    "attack_mode_war": false,
    "attack_mode_draft_war": false,
    "attack_mode2": false,
    "attack_mode_d2": false,
    "attack_mode3": false,
    "attack_mode_d3": false,
    "attack_mode4": false,
    "attack_mode_d4": false,
    "attack_mode5": false,
    "attack_mode_d5": false,
    "ammo": 1500
  }, { "data": 1000031, "id": 500000364, "lvl": 0, "x": 24, "y": 4, "ammo": 30 }
  ],
  "obstacles": [],
  "traps": [
  { "data": 12000000, "id": 504000000, "lvl": 0, "x": 17, "y": 24 },
  { "data": 12000000, "id": 504000001, "lvl": 0, "x": 17, "y": 23 },
  { "data": 12000001, "id": 504000002, "lvl": 0, "x": 16, "y": 24 },
  { "data": 12000001, "id": 504000003, "lvl": 0, "x": 16, "y": 23 },
  { "data": 12000000, "id": 504000004, "lvl": 0, "x": 31, "y": 38 },
  { "data": 12000000, "id": 504000005, "lvl": 0, "x": 30, "y": 38 },
  { "data": 12000005, "id": 504000006, "lvl": 0, "x": 29, "y": 38 },
  { "data": 12000005, "id": 504000007, "lvl": 0, "x": 28, "y": 38 },
  { "data": 12000001, "id": 504000008, "lvl": 0, "x": 26, "y": 14 },
  { "data": 12000001, "id": 504000009, "lvl": 0, "x": 26, "y": 13 },
  { "data": 12000002, "id": 504000010, "lvl": 0, "x": 15, "y": 30 },
  { "data": 12000000, "id": 504000011, "lvl": 0, "x": 32, "y": 38 },
  { "data": 12000000, "id": 504000012, "lvl": 0, "x": 33, "y": 38 },
  { "data": 12000002, "id": 504000013, "lvl": 0, "x": 13, "y": 32 },
  { "data": 12000006, "id": 504000014, "lvl": 0, "x": 12, "y": 32 },
  { "data": 12000001, "id": 504000015, "lvl": 0, "x": 11, "y": 18 },
  { "data": 12000001, "id": 504000016, "lvl": 0, "x": 10, "y": 18 },
  { "data": 12000006, "id": 504000017, "lvl": 0, "x": 10, "y": 23 },
  { "data": 12000002, "id": 504000018, "lvl": 0, "x": 30, "y": 39 },
  { "data": 12000005, "id": 504000019, "lvl": 0, "x": 32, "y": 39 },
  { "data": 12000005, "id": 504000020, "lvl": 0, "x": 33, "y": 39 },
  {
    "data": 12000008,
    "id": 504000021,
    "lvl": 0,
    "air_mode": false,
    "air_mode_draft": false,
    "air_mode_war": false,
    "air_mode_draft_war": false,
    "air_mode2": false,
    "air_mode_d2": false,
    "air_mode3": false,
    "air_mode_d3": false,
    "air_mode4": false,
    "air_mode_d4": false,
    "air_mode5": false,
    "air_mode_d5": false,
    "x": 36,
    "y": 38
  }, {
    "data": 12000008,
    "id": 504000022,
    "lvl": 0,
    "air_mode": false,
    "air_mode_draft": false,
    "air_mode_war": false,
    "air_mode_draft_war": false,
    "air_mode2": false,
    "air_mode_d2": false,
    "air_mode3": false,
    "air_mode_d3": false,
    "air_mode4": false,
    "air_mode_d4": false,
    "air_mode5": false,
    "air_mode_d5": false,
    "x": 36,
    "y": 39
  }, { "data": 12000006, "id": 504000023, "lvl": 0, "x": 37, "y": 35 },
  { "data": 12000006, "id": 504000024, "lvl": 0, "x": 36, "y": 40 },
  { "data": 12000002, "id": 504000025, "lvl": 0, "x": 31, "y": 10 },
  { "data": 12000002, "id": 504000026, "lvl": 0, "x": 9, "y": 33 },
  { "data": 12000005, "id": 504000027, "lvl": 0, "x": 12, "y": 33 },
  {
    "data": 12000008,
    "id": 504000028,
    "lvl": 0,
    "air_mode": false,
    "air_mode_draft": false,
    "air_mode_war": false,
    "air_mode_draft_war": false,
    "air_mode2": false,
    "air_mode_d2": false,
    "air_mode3": false,
    "air_mode_d3": false,
    "air_mode4": false,
    "air_mode_d4": false,
    "air_mode5": false,
    "air_mode_d5": false,
    "x": 10,
    "y": 35
  }, { "data": 12000006, "id": 504000029, "lvl": 0, "x": 10, "y": 36 }
  ],
  "decos": [
  { "data": 18000001, "id": 506000000, "x": 3, "y": 3 }, { "data": 18000001, "id": 506000001, "x": 3, "y": 5 },
  { "data": 18000001, "id": 506000002, "x": 5, "y": 3 }, { "data": 18000001, "id": 506000003, "x": 5, "y": 5 },
  { "data": 18000005, "id": 506000004, "x": 3, "y": 45 }, { "data": 18000005, "id": 506000005, "x": 3, "y": 43 },
  { "data": 18000005, "id": 506000006, "x": 5, "y": 45 }, { "data": 18000005, "id": 506000007, "x": 5, "y": 43 },
  { "data": 18000007, "id": 506000008, "x": 3, "y": 41 }, { "data": 18000003, "id": 506000009, "x": 5, "y": 41 },
  { "data": 18000006, "id": 506000010, "x": 7, "y": 45 }, { "data": 18000006, "id": 506000011, "x": 7, "y": 43 },
  { "data": 18000006, "id": 506000012, "x": 9, "y": 45 }, { "data": 18000006, "id": 506000013, "x": 9, "y": 43 },
  { "data": 18000008, "id": 506000014, "x": 3, "y": 39 }, { "data": 18000009, "id": 506000015, "x": 5, "y": 39 },
  { "data": 18000019, "id": 506000016, "x": 11, "y": 45 }, { "data": 18000034, "id": 506000017, "x": 11, "y": 43 },
  { "data": 18000035, "id": 506000018, "x": 13, "y": 45 }, { "data": 18000011, "id": 506000019, "x": 13, "y": 43 },
  { "data": 18000012, "id": 506000020, "x": 15, "y": 45 }, { "data": 18000013, "id": 506000021, "x": 15, "y": 43 },
  { "data": 18000014, "id": 506000022, "x": 17, "y": 45 }, { "data": 18000015, "id": 506000023, "x": 17, "y": 43 },
  { "data": 18000016, "id": 506000024, "x": 19, "y": 45 }, { "data": 18000017, "id": 506000025, "x": 19, "y": 43 },
  { "data": 18000018, "id": 506000026, "x": 21, "y": 45 }, { "data": 18000036, "id": 506000027, "x": 21, "y": 43 },
  { "data": 18000020, "id": 506000028, "x": 23, "y": 45 }, { "data": 18000021, "id": 506000029, "x": 23, "y": 43 },
  { "data": 18000022, "id": 506000030, "x": 25, "y": 45 }, { "data": 18000023, "id": 506000031, "x": 25, "y": 43 },
  { "data": 18000024, "id": 506000032, "x": 27, "y": 45 }, { "data": 18000025, "id": 506000033, "x": 27, "y": 43 },
  { "data": 18000026, "id": 506000034, "x": 29, "y": 45 }, { "data": 18000027, "id": 506000035, "x": 29, "y": 43 },
  { "data": 18000028, "id": 506000036, "x": 31, "y": 45 }, { "data": 18000029, "id": 506000037, "x": 31, "y": 43 },
  { "data": 18000031, "id": 506000038, "x": 33, "y": 45 }, { "data": 18000030, "id": 506000039, "x": 33, "y": 43 },
  { "data": 18000032, "id": 506000040, "x": 35, "y": 45 }, { "data": 18000004, "id": 506000041, "x": 45, "y": 45 },
  { "data": 18000000, "id": 506000042, "x": 45, "y": 3 }, { "data": 18000010, "id": 506000043, "x": 45, "y": 5 },
  { "data": 18000033, "id": 506000044, "x": 43, "y": 3 }
  ],
  "respawnVars": {
    "secondsFromLastRespawn": 31534,
    "respawnSeed": -64199588,
    "obstacleClearCounter": 0,
    "time_to_gembox_drop": 832466,
    "time_in_gembox_period": 51266
  },
  "cooldowns": [],
  "last_league_rank": 0,
  "last_alliance_level": 1,
  "last_league_shuffle": 0,
  "last_season_seen": -1,
  "last_news_seen": 20,
  "war_tutorials_seen": 0,
  "war_base": false,
  "account_flags": 0,
  "bool_layout_edit_shown_erase": false
}