{
  "exp_ver": 1,
  "active_layout": 0,
  "layout_state": [0, 0, 0, 0, 0, 0],
  "buildings": [
  { "data": 1000001, "id": 500000000, "lvl": 9, "x": 23, "y": 23 },
  { "data": 1000004, "id": 500000001, "lvl": 11, "x": 9, "y": 4, "res_time": 205527 },
  { "data": 1000000, "id": 500000002, "lvl": 7, "x": 28, "y": 5, "units": [[4000000, 60]] },
  { "data": 1000015, "id": 500000003, "lvl": 0, "x": 17, "y": 13 },
  { "data": 1000014, "id": 500000004, "lvl": 5, "x": 20, "y": 20 },
  { "data": 1000008, "id": 500000005, "lvl": 12, "x": 8, "y": 8 },
  { "data": 1000015, "id": 500000006, "lvl": 0, "x": 13, "y": 17 },
  { "data": 1000002, "id": 500000007, "lvl": 11, "x": 33, "y": 7, "res_time": 205527 },
  { "data": 1000003, "id": 500000008, "lvl": 10, "x": 36, "y": 21 },
  { "data": 1000005, "id": 500000009, "lvl": 10, "x": 22, "y": 9 },
  { "data": 1000006, "id": 500000010, "lvl": 9, "x": 6, "y": 14, "unit_prod": { "unit_type": 0 } },
  { "data": 1000002, "id": 500000011, "lvl": 11, "x": 23, "y": 5, "res_time": 205527 },
  { "data": 1000004, "id": 500000012, "lvl": 11, "x": 5, "y": 23, "res_time": 205527 },
  { "data": 1000009, "id": 500000013, "lvl": 12, "x": 28, "y": 11 },
  { "data": 1000008, "id": 500000014, "lvl": 12, "x": 18, "y": 37 },
  { "data": 1000010, "id": 500000015, "lvl": 10, "x": 34, "y": 13 },
  { "data": 1000010, "id": 500000016, "lvl": 10, "x": 34, "y": 12 },
  { "data": 1000010, "id": 500000017, "lvl": 10, "x": 34, "y": 11 },
  { "data": 1000010, "id": 500000018, "lvl": 10, "x": 34, "y": 10 },
  { "data": 1000010, "id": 500000019, "lvl": 10, "x": 33, "y": 10 },
  { "data": 1000010, "id": 500000020, "lvl": 10, "x": 32, "y": 10 },
  { "data": 1000010, "id": 500000021, "lvl": 10, "x": 31, "y": 10 },
  { "data": 1000010, "id": 500000022, "lvl": 10, "x": 30, "y": 10 },
  { "data": 1000010, "id": 500000023, "lvl": 10, "x": 29, "y": 10 },
  { "data": 1000010, "id": 500000024, "lvl": 10, "x": 28, "y": 10 },
  { "data": 1000010, "id": 500000025, "lvl": 10, "x": 27, "y": 10 },
  { "data": 1000010, "id": 500000026, "lvl": 10, "x": 26, "y": 10 },
  { "data": 1000010, "id": 500000027, "lvl": 10, "x": 25, "y": 11 },
  { "data": 1000010, "id": 500000028, "lvl": 10, "x": 25, "y": 10 },
  { "data": 1000010, "id": 500000029, "lvl": 10, "x": 25, "y": 9 },
  { "data": 1000010, "id": 500000030, "lvl": 10, "x": 25, "y": 8 },
  { "data": 1000010, "id": 500000031, "lvl": 10, "x": 24, "y": 8 },
  { "data": 1000010, "id": 500000032, "lvl": 10, "x": 23, "y": 8 },
  { "data": 1000010, "id": 500000033, "lvl": 10, "x": 22, "y": 8 },
  { "data": 1000010, "id": 500000034, "lvl": 10, "x": 17, "y": 9 },
  { "data": 1000010, "id": 500000035, "lvl": 10, "x": 17, "y": 8 },
  { "data": 1000010, "id": 500000036, "lvl": 10, "x": 18, "y": 8 },
  { "data": 1000010, "id": 500000037, "lvl": 10, "x": 19, "y": 8 },
  { "data": 1000010, "id": 500000038, "lvl": 10, "x": 20, "y": 8 },
  { "data": 1000010, "id": 500000039, "lvl": 10, "x": 21, "y": 8 },
  { "data": 1000004, "id": 500000040, "lvl": 11, "x": 4, "y": 9, "res_time": 205527 },
  { "data": 1000015, "id": 500000041, "lvl": 0, "x": 15, "y": 35 },
  { "data": 1000002, "id": 500000042, "lvl": 11, "x": 7, "y": 33, "res_time": 205527 },
  { "data": 1000005, "id": 500000043, "lvl": 10, "x": 9, "y": 22 },
  { "data": 1000003, "id": 500000044, "lvl": 10, "x": 21, "y": 36 },
  { "data": 1000007, "id": 500000045, "lvl": 7, "x": 4, "y": 4 },
  { "data": 1000013, "id": 500000046, "lvl": 7, "x": 28, "y": 15 },
  { "data": 1000000, "id": 500000047, "lvl": 7, "x": 5, "y": 26, "units": [[4000000, 60]] },
  { "data": 1000006, "id": 500000048, "lvl": 9, "x": 14, "y": 7, "unit_prod": { "unit_type": 0 } },
  { "data": 1000010, "id": 500000049, "lvl": 10, "x": 21, "y": 9 },
  { "data": 1000010, "id": 500000050, "lvl": 10, "x": 21, "y": 10 },
  { "data": 1000010, "id": 500000051, "lvl": 10, "x": 21, "y": 11 },
  { "data": 1000010, "id": 500000052, "lvl": 10, "x": 25, "y": 13 },
  { "data": 1000010, "id": 500000053, "lvl": 10, "x": 25, "y": 12 },
  { "data": 1000010, "id": 500000054, "lvl": 10, "x": 24, "y": 12 },
  { "data": 1000010, "id": 500000055, "lvl": 10, "x": 23, "y": 12 },
  { "data": 1000010, "id": 500000056, "lvl": 10, "x": 22, "y": 12 },
  { "data": 1000010, "id": 500000057, "lvl": 10, "x": 21, "y": 12 },
  { "data": 1000010, "id": 500000058, "lvl": 10, "x": 30, "y": 14 },
  { "data": 1000010, "id": 500000059, "lvl": 10, "x": 29, "y": 14 },
  { "data": 1000010, "id": 500000060, "lvl": 10, "x": 28, "y": 14 },
  { "data": 1000010, "id": 500000061, "lvl": 10, "x": 27, "y": 14 },
  { "data": 1000010, "id": 500000062, "lvl": 10, "x": 26, "y": 14 },
  { "data": 1000010, "id": 500000063, "lvl": 10, "x": 24, "y": 14 },
  { "data": 1000010, "id": 500000064, "lvl": 10, "x": 24, "y": 15 },
  { "data": 1000010, "id": 500000065, "lvl": 10, "x": 25, "y": 14 },
  { "data": 1000010, "id": 500000066, "lvl": 10, "x": 24, "y": 16 },
  { "data": 1000010, "id": 500000067, "lvl": 10, "x": 23, "y": 16 },
  { "data": 1000010, "id": 500000068, "lvl": 10, "x": 22, "y": 16 },
  { "data": 1000010, "id": 500000069, "lvl": 10, "x": 21, "y": 16 },
  { "data": 1000010, "id": 500000070, "lvl": 10, "x": 20, "y": 16 },
  { "data": 1000010, "id": 500000071, "lvl": 10, "x": 19, "y": 15 },
  { "data": 1000010, "id": 500000072, "lvl": 10, "x": 19, "y": 14 },
  { "data": 1000010, "id": 500000073, "lvl": 10, "x": 19, "y": 13 },
  { "data": 1000002, "id": 500000074, "lvl": 11, "x": 17, "y": 41, "res_time": 205527 },
  { "data": 1000004, "id": 500000075, "lvl": 11, "x": 41, "y": 18, "res_time": 205527 },
  { "data": 1000009, "id": 500000076, "lvl": 12, "x": 18, "y": 9 },
  { "data": 1000012, "id": 500000077, "lvl": 7, "x": 20, "y": 13 },
  { "data": 1000010, "id": 500000078, "lvl": 10, "x": 20, "y": 12 },
  { "data": 1000010, "id": 500000079, "lvl": 10, "x": 19, "y": 12 },
  { "data": 1000010, "id": 500000080, "lvl": 10, "x": 17, "y": 10 },
  { "data": 1000010, "id": 500000081, "lvl": 10, "x": 17, "y": 11 },
  { "data": 1000010, "id": 500000082, "lvl": 10, "x": 18, "y": 12 },
  { "data": 1000010, "id": 500000083, "lvl": 10, "x": 17, "y": 12 },
  { "data": 1000010, "id": 500000084, "lvl": 10, "x": 12, "y": 18 },
  { "data": 1000010, "id": 500000085, "lvl": 10, "x": 12, "y": 17 },
  { "data": 1000010, "id": 500000086, "lvl": 10, "x": 11, "y": 17 },
  { "data": 1000010, "id": 500000087, "lvl": 10, "x": 10, "y": 17 },
  { "data": 1000010, "id": 500000088, "lvl": 10, "x": 9, "y": 17 },
  { "data": 1000010, "id": 500000089, "lvl": 10, "x": 8, "y": 17 },
  { "data": 1000010, "id": 500000090, "lvl": 10, "x": 8, "y": 18 },
  { "data": 1000010, "id": 500000091, "lvl": 10, "x": 8, "y": 19 },
  { "data": 1000010, "id": 500000092, "lvl": 10, "x": 8, "y": 20 },
  { "data": 1000010, "id": 500000093, "lvl": 10, "x": 11, "y": 21 },
  { "data": 1000010, "id": 500000094, "lvl": 10, "x": 10, "y": 21 },
  { "data": 1000010, "id": 500000095, "lvl": 10, "x": 9, "y": 21 },
  { "data": 1000010, "id": 500000096, "lvl": 10, "x": 8, "y": 21 },
  { "data": 1000010, "id": 500000097, "lvl": 10, "x": 8, "y": 22 },
  { "data": 1000010, "id": 500000098, "lvl": 10, "x": 8, "y": 23 },
  { "data": 1000010, "id": 500000099, "lvl": 10, "x": 8, "y": 24 },
  { "data": 1000010, "id": 500000100, "lvl": 10, "x": 8, "y": 25 },
  { "data": 1000010, "id": 500000101, "lvl": 10, "x": 9, "y": 25 },
  { "data": 1000010, "id": 500000102, "lvl": 10, "x": 10, "y": 27 },
  { "data": 1000004, "id": 500000103, "lvl": 11, "x": 41, "y": 23, "res_time": 205527 },
  { "data": 1000002, "id": 500000104, "lvl": 11, "x": 22, "y": 41, "res_time": 205527 },
  { "data": 1000000, "id": 500000105, "lvl": 7, "x": 11, "y": 37, "units": [[4000000, 60]] },
  { "data": 1000008, "id": 500000106, "lvl": 12, "x": 37, "y": 18 },
  { "data": 1000009, "id": 500000107, "lvl": 12, "x": 9, "y": 18 },
  { "data": 1000006, "id": 500000108, "lvl": 9, "x": 18, "y": 5, "unit_prod": { "unit_type": 0 } },
  {
    "data": 1000020,
    "id": 500000109,
    "lvl": 4,
    "x": 41,
    "y": 33,
    "units": [[26000001, 1], [26000005, 3], [26000009, 2]],
    "unit_prod": { "unit_type": 1 }
  }, { "data": 1000011, "id": 500000110, "lvl": 7, "x": 25, "y": 15 },
  { "data": 1000010, "id": 500000111, "lvl": 10, "x": 10, "y": 26 },
  { "data": 1000010, "id": 500000112, "lvl": 10, "x": 10, "y": 25 },
  { "data": 1000010, "id": 500000113, "lvl": 10, "x": 11, "y": 25 },
  { "data": 1000010, "id": 500000114, "lvl": 10, "x": 19, "y": 16 },
  { "data": 1000010, "id": 500000115, "lvl": 10, "x": 18, "y": 16 },
  { "data": 1000010, "id": 500000116, "lvl": 10, "x": 17, "y": 16 },
  { "data": 1000010, "id": 500000117, "lvl": 10, "x": 16, "y": 16 },
  { "data": 1000010, "id": 500000118, "lvl": 10, "x": 16, "y": 17 },
  { "data": 1000010, "id": 500000119, "lvl": 10, "x": 16, "y": 18 },
  { "data": 1000010, "id": 500000120, "lvl": 10, "x": 16, "y": 19 },
  { "data": 1000010, "id": 500000121, "lvl": 10, "x": 15, "y": 19 },
  { "data": 1000010, "id": 500000122, "lvl": 10, "x": 14, "y": 19 },
  { "data": 1000010, "id": 500000123, "lvl": 10, "x": 13, "y": 19 },
  { "data": 1000010, "id": 500000124, "lvl": 10, "x": 12, "y": 19 },
  { "data": 1000010, "id": 500000125, "lvl": 10, "x": 12, "y": 20 },
  { "data": 1000010, "id": 500000126, "lvl": 10, "x": 12, "y": 21 },
  { "data": 1000010, "id": 500000127, "lvl": 10, "x": 12, "y": 22 },
  { "data": 1000010, "id": 500000128, "lvl": 10, "x": 12, "y": 23 },
  { "data": 1000010, "id": 500000129, "lvl": 10, "x": 12, "y": 24 },
  { "data": 1000010, "id": 500000130, "lvl": 10, "x": 12, "y": 25 },
  { "data": 1000010, "id": 500000131, "lvl": 10, "x": 13, "y": 25 },
  { "data": 1000010, "id": 500000132, "lvl": 10, "x": 16, "y": 20 },
  { "data": 1000010, "id": 500000133, "lvl": 10, "x": 16, "y": 21 },
  { "data": 1000010, "id": 500000134, "lvl": 10, "x": 16, "y": 22 },
  { "data": 1000010, "id": 500000135, "lvl": 10, "x": 16, "y": 23 },
  { "data": 1000002, "id": 500000136, "lvl": 11, "x": 32, "y": 41, "res_time": 205527 },
  { "data": 1000004, "id": 500000137, "lvl": 11, "x": 36, "y": 29, "res_time": 205527 },
  { "data": 1000011, "id": 500000138, "lvl": 7, "x": 15, "y": 25 },
  { "data": 1000013, "id": 500000139, "lvl": 7, "x": 13, "y": 13 },
  { "data": 1000010, "id": 500000140, "lvl": 10, "x": 16, "y": 24 },
  { "data": 1000010, "id": 500000141, "lvl": 10, "x": 15, "y": 24 },
  { "data": 1000010, "id": 500000142, "lvl": 10, "x": 14, "y": 24 },
  { "data": 1000010, "id": 500000143, "lvl": 10, "x": 14, "y": 25 },
  { "data": 1000010, "id": 500000144, "lvl": 10, "x": 14, "y": 26 },
  { "data": 1000010, "id": 500000145, "lvl": 10, "x": 14, "y": 27 },
  { "data": 1000010, "id": 500000146, "lvl": 10, "x": 14, "y": 28 },
  { "data": 1000010, "id": 500000147, "lvl": 10, "x": 14, "y": 29 },
  { "data": 1000010, "id": 500000148, "lvl": 10, "x": 14, "y": 30 },
  { "data": 1000010, "id": 500000149, "lvl": 10, "x": 10, "y": 28 },
  { "data": 1000010, "id": 500000150, "lvl": 10, "x": 10, "y": 29 },
  { "data": 1000010, "id": 500000151, "lvl": 10, "x": 10, "y": 30 },
  { "data": 1000010, "id": 500000152, "lvl": 10, "x": 10, "y": 31 },
  { "data": 1000010, "id": 500000153, "lvl": 10, "x": 10, "y": 32 },
  { "data": 1000010, "id": 500000154, "lvl": 10, "x": 10, "y": 33 },
  { "data": 1000010, "id": 500000155, "lvl": 10, "x": 10, "y": 34 },
  { "data": 1000010, "id": 500000156, "lvl": 10, "x": 11, "y": 34 },
  { "data": 1000010, "id": 500000157, "lvl": 10, "x": 12, "y": 34 },
  { "data": 1000010, "id": 500000158, "lvl": 10, "x": 13, "y": 34 },
  { "data": 1000010, "id": 500000159, "lvl": 10, "x": 16, "y": 34 },
  { "data": 1000010, "id": 500000160, "lvl": 10, "x": 15, "y": 34 },
  { "data": 1000010, "id": 500000161, "lvl": 10, "x": 14, "y": 34 },
  { "data": 1000010, "id": 500000162, "lvl": 10, "x": 14, "y": 33 },
  { "data": 1000010, "id": 500000163, "lvl": 10, "x": 14, "y": 32 },
  { "data": 1000010, "id": 500000164, "lvl": 10, "x": 14, "y": 31 },
  { "data": 1000008, "id": 500000165, "lvl": 12, "x": 26, "y": 36 },
  { "data": 1000008, "id": 500000166, "lvl": 12, "x": 36, "y": 26 },
  { "data": 1000013, "id": 500000167, "lvl": 7, "x": 15, "y": 28 },
  { "data": 1000009, "id": 500000168, "lvl": 12, "x": 11, "y": 28 },
  { "data": 1000012, "id": 500000169, "lvl": 7, "x": 13, "y": 20 },
  { "data": 1000024, "id": 500000170, "lvl": 5, "x": 31, "y": 28 },
  { "data": 1000022, "id": 500000171, "lvl": 0, "x": 20, "y": 23 },
  { "data": 1000000, "id": 500000172, "lvl": 7, "x": 36, "y": 10, "units": [[4000000, 26], [4000002, 34]] },
  { "data": 1000026, "id": 500000173, "lvl": 6, "x": 31, "y": 11, "unit_prod": { "unit_type": 0 } },
  { "data": 1000019, "id": 500000174, "lvl": 7, "x": 26, "y": 7 },
  { "data": 1000006, "id": 500000175, "lvl": 9, "x": 5, "y": 19, "unit_prod": { "unit_type": 0 } },
  { "data": 1000019, "id": 500000176, "lvl": 7, "x": 8, "y": 31 },
  { "data": 1000010, "id": 500000177, "lvl": 10, "x": 15, "y": 31 },
  { "data": 1000010, "id": 500000178, "lvl": 10, "x": 16, "y": 31 },
  { "data": 1000010, "id": 500000179, "lvl": 10, "x": 17, "y": 31 },
  { "data": 1000010, "id": 500000180, "lvl": 10, "x": 17, "y": 32 },
  { "data": 1000010, "id": 500000181, "lvl": 10, "x": 17, "y": 33 },
  { "data": 1000010, "id": 500000182, "lvl": 10, "x": 17, "y": 34 },
  { "data": 1000010, "id": 500000183, "lvl": 10, "x": 17, "y": 35 },
  { "data": 1000010, "id": 500000184, "lvl": 10, "x": 34, "y": 16 },
  { "data": 1000010, "id": 500000185, "lvl": 10, "x": 34, "y": 15 },
  { "data": 1000010, "id": 500000186, "lvl": 10, "x": 34, "y": 14 },
  { "data": 1000010, "id": 500000187, "lvl": 10, "x": 33, "y": 14 },
  { "data": 1000010, "id": 500000188, "lvl": 10, "x": 32, "y": 14 },
  { "data": 1000010, "id": 500000189, "lvl": 10, "x": 31, "y": 14 },
  { "data": 1000010, "id": 500000190, "lvl": 10, "x": 31, "y": 15 },
  { "data": 1000010, "id": 500000191, "lvl": 10, "x": 31, "y": 16 },
  { "data": 1000010, "id": 500000192, "lvl": 10, "x": 31, "y": 17 },
  { "data": 1000010, "id": 500000193, "lvl": 10, "x": 32, "y": 17 },
  { "data": 1000010, "id": 500000194, "lvl": 10, "x": 33, "y": 17 },
  { "data": 1000010, "id": 500000195, "lvl": 10, "x": 22, "y": 31 },
  { "data": 1000010, "id": 500000196, "lvl": 10, "x": 22, "y": 32 },
  { "data": 1000010, "id": 500000197, "lvl": 10, "x": 31, "y": 22 },
  { "data": 1000010, "id": 500000198, "lvl": 10, "x": 19, "y": 19 },
  { "data": 1000010, "id": 500000199, "lvl": 10, "x": 18, "y": 19 },
  { "data": 1000010, "id": 500000200, "lvl": 10, "x": 19, "y": 18 },
  { "data": 1000010, "id": 500000201, "lvl": 10, "x": 20, "y": 18 },
  { "data": 1000010, "id": 500000202, "lvl": 10, "x": 18, "y": 20 },
  { "data": 1000010, "id": 500000203, "lvl": 10, "x": 18, "y": 21 },
  { "data": 1000010, "id": 500000204, "lvl": 10, "x": 18, "y": 22 },
  { "data": 1000010, "id": 500000205, "lvl": 10, "x": 18, "y": 23 },
  { "data": 1000010, "id": 500000206, "lvl": 10, "x": 18, "y": 24 },
  { "data": 1000010, "id": 500000207, "lvl": 10, "x": 21, "y": 18 },
  { "data": 1000010, "id": 500000208, "lvl": 10, "x": 22, "y": 18 },
  { "data": 1000010, "id": 500000209, "lvl": 10, "x": 23, "y": 18 },
  { "data": 1000010, "id": 500000210, "lvl": 10, "x": 24, "y": 18 },
  { "data": 1000010, "id": 500000211, "lvl": 10, "x": 25, "y": 18 },
  { "data": 1000010, "id": 500000212, "lvl": 10, "x": 18, "y": 25 },
  { "data": 1000010, "id": 500000213, "lvl": 10, "x": 18, "y": 26 },
  { "data": 1000010, "id": 500000214, "lvl": 10, "x": 18, "y": 27 },
  { "data": 1000010, "id": 500000215, "lvl": 10, "x": 18, "y": 28 },
  { "data": 1000010, "id": 500000216, "lvl": 10, "x": 18, "y": 29 },
  { "data": 1000010, "id": 500000217, "lvl": 10, "x": 19, "y": 29 },
  { "data": 1000010, "id": 500000218, "lvl": 10, "x": 20, "y": 29 },
  { "data": 1000010, "id": 500000219, "lvl": 10, "x": 21, "y": 29 },
  { "data": 1000010, "id": 500000220, "lvl": 10, "x": 22, "y": 29 },
  { "data": 1000010, "id": 500000221, "lvl": 10, "x": 22, "y": 30 },
  { "data": 1000010, "id": 500000222, "lvl": 10, "x": 26, "y": 18 },
  { "data": 1000010, "id": 500000223, "lvl": 10, "x": 27, "y": 18 },
  { "data": 1000010, "id": 500000224, "lvl": 10, "x": 28, "y": 18 },
  { "data": 1000010, "id": 500000225, "lvl": 10, "x": 29, "y": 18 },
  { "data": 1000010, "id": 500000226, "lvl": 10, "x": 29, "y": 19 },
  { "data": 1000003, "id": 500000227, "lvl": 10, "x": 25, "y": 33 },
  { "data": 1000005, "id": 500000228, "lvl": 10, "x": 18, "y": 31 },
  { "data": 1000023, "id": 500000229, "lvl": 5, "x": 32, "y": 36, "res_time": 64613 },
  { "data": 1000009, "id": 500000230, "lvl": 12, "x": 18, "y": 34 },
  { "data": 1000012, "id": 500000231, "lvl": 7, "x": 22, "y": 33 },
  { "data": 1000011, "id": 500000232, "lvl": 7, "x": 27, "y": 27 },
  { "data": 1000019, "id": 500000233, "lvl": 7, "x": 15, "y": 32 },
  { "data": 1000026, "id": 500000234, "lvl": 6, "x": 11, "y": 31, "unit_prod": { "unit_type": 0 } },
  { "data": 1000010, "id": 500000235, "lvl": 10, "x": 29, "y": 20 },
  { "data": 1000010, "id": 500000236, "lvl": 10, "x": 29, "y": 21 },
  { "data": 1000010, "id": 500000237, "lvl": 10, "x": 29, "y": 22 },
  { "data": 1000010, "id": 500000238, "lvl": 10, "x": 23, "y": 30 },
  { "data": 1000010, "id": 500000239, "lvl": 10, "x": 24, "y": 30 },
  { "data": 1000010, "id": 500000240, "lvl": 10, "x": 25, "y": 30 },
  { "data": 1000010, "id": 500000241, "lvl": 10, "x": 26, "y": 30 },
  { "data": 1000010, "id": 500000242, "lvl": 10, "x": 30, "y": 22 },
  { "data": 1000010, "id": 500000243, "lvl": 10, "x": 30, "y": 23 },
  { "data": 1000010, "id": 500000244, "lvl": 10, "x": 30, "y": 24 },
  { "data": 1000010, "id": 500000245, "lvl": 10, "x": 30, "y": 25 },
  { "data": 1000010, "id": 500000246, "lvl": 10, "x": 30, "y": 26 },
  { "data": 1000010, "id": 500000247, "lvl": 10, "x": 32, "y": 22 },
  { "data": 1000010, "id": 500000248, "lvl": 10, "x": 32, "y": 23 },
  { "data": 1000010, "id": 500000249, "lvl": 10, "x": 32, "y": 24 },
  { "data": 1000010, "id": 500000250, "lvl": 10, "x": 32, "y": 25 },
  { "data": 1000010, "id": 500000251, "lvl": 10, "x": 32, "y": 26 },
  { "data": 1000010, "id": 500000252, "lvl": 10, "x": 32, "y": 27 },
  { "data": 1000010, "id": 500000253, "lvl": 10, "x": 31, "y": 27 },
  { "data": 1000010, "id": 500000254, "lvl": 10, "x": 30, "y": 27 },
  { "data": 1000010, "id": 500000255, "lvl": 10, "x": 30, "y": 28 },
  { "data": 1000010, "id": 500000256, "lvl": 10, "x": 30, "y": 29 },
  { "data": 1000010, "id": 500000257, "lvl": 10, "x": 30, "y": 30 },
  { "data": 1000010, "id": 500000258, "lvl": 10, "x": 29, "y": 30 },
  { "data": 1000010, "id": 500000259, "lvl": 10, "x": 28, "y": 30 },
  { "data": 1000010, "id": 500000260, "lvl": 10, "x": 27, "y": 30 },
  { "data": 1000010, "id": 500000261, "lvl": 10, "x": 27, "y": 31 },
  { "data": 1000010, "id": 500000262, "lvl": 10, "x": 27, "y": 32 },
  { "data": 1000010, "id": 500000263, "lvl": 10, "x": 26, "y": 32 },
  { "data": 1000010, "id": 500000264, "lvl": 10, "x": 25, "y": 32 },
  { "data": 1000010, "id": 500000265, "lvl": 10, "x": 24, "y": 32 },
  { "data": 1000010, "id": 500000266, "lvl": 10, "x": 23, "y": 32 },
  { "data": 1000010, "id": 500000267, "lvl": 10, "x": 39, "y": 17 },
  { "data": 1000010, "id": 500000268, "lvl": 10, "x": 17, "y": 36 },
  { "data": 1000010, "id": 500000269, "lvl": 10, "x": 17, "y": 37 },
  { "data": 1000010, "id": 500000270, "lvl": 10, "x": 17, "y": 38 },
  { "data": 1000010, "id": 500000271, "lvl": 10, "x": 17, "y": 39 },
  { "data": 1000010, "id": 500000272, "lvl": 10, "x": 17, "y": 40 },
  { "data": 1000010, "id": 500000273, "lvl": 10, "x": 18, "y": 40 },
  { "data": 1000010, "id": 500000274, "lvl": 10, "x": 19, "y": 40 },
  { "data": 1000010, "id": 500000275, "lvl": 10, "x": 20, "y": 40 },
  { "data": 1000010, "id": 500000276, "lvl": 10, "x": 21, "y": 40 },
  { "data": 1000010, "id": 500000277, "lvl": 10, "x": 21, "y": 39 },
  { "data": 1000010, "id": 500000278, "lvl": 10, "x": 22, "y": 39 },
  { "data": 1000010, "id": 500000279, "lvl": 10, "x": 23, "y": 39 },
  { "data": 1000010, "id": 500000280, "lvl": 10, "x": 24, "y": 39 },
  { "data": 1000010, "id": 500000281, "lvl": 10, "x": 25, "y": 39 },
  { "data": 1000010, "id": 500000282, "lvl": 10, "x": 26, "y": 39 },
  { "data": 1000010, "id": 500000283, "lvl": 10, "x": 27, "y": 39 },
  { "data": 1000010, "id": 500000284, "lvl": 10, "x": 28, "y": 39 },
  { "data": 1000003, "id": 500000285, "lvl": 10, "x": 33, "y": 25 },
  { "data": 1000005, "id": 500000286, "lvl": 10, "x": 31, "y": 18 },
  { "data": 1000009, "id": 500000287, "lvl": 12, "x": 34, "y": 18 },
  { "data": 1000025, "id": 500000288, "lvl": 0, "x": 23, "y": 20 },
  { "data": 1000019, "id": 500000289, "lvl": 7, "x": 32, "y": 15 },
  { "data": 1000011, "id": 500000290, "lvl": 7, "x": 33, "y": 33 },
  { "data": 1000015, "id": 500000291, "lvl": 0, "x": 35, "y": 15 },
  {
    "data": 1000021,
    "id": 500000292,
    "lvl": 3,
    "x": 19,
    "y": 26,
    "attack_mode": false,
    "attack_mode_draft": false,
    "attack_mode_war": false,
    "attack_mode_draft_war": false,
    "attack_mode2": false,
    "attack_mode_d2": false,
    "attack_mode3": false,
    "attack_mode_d3": false,
    "attack_mode4": false,
    "attack_mode_d4": false,
    "attack_mode5": false,
    "attack_mode_d5": false,
    "ammo": 1500
  }, {
    "data": 1000021,
    "id": 500000293,
    "lvl": 3,
    "x": 26,
    "y": 19,
    "attack_mode": false,
    "attack_mode_draft": false,
    "attack_mode_war": false,
    "attack_mode_draft_war": false,
    "attack_mode2": false,
    "attack_mode_d2": false,
    "attack_mode3": false,
    "attack_mode_d3": false,
    "attack_mode4": false,
    "attack_mode_d4": false,
    "attack_mode5": false,
    "attack_mode_d5": false,
    "ammo": 1500
  }, { "data": 1000012, "id": 500000294, "lvl": 7, "x": 33, "y": 22 },
  { "data": 1000023, "id": 500000295, "lvl": 5, "x": 8, "y": 11, "res_time": 64613 },
  { "data": 1000002, "id": 500000296, "lvl": 11, "x": 11, "y": 8, "res_time": 205527 },
  { "data": 1000004, "id": 500000297, "lvl": 11, "x": 27, "y": 41, "res_time": 205527 },
  { "data": 1000008, "id": 500000298, "lvl": 12, "x": 36, "y": 36 },
  {
    "data": 1000021,
    "id": 500000299,
    "lvl": 3,
    "x": 24,
    "y": 27,
    "attack_mode": false,
    "attack_mode_draft": false,
    "attack_mode_war": false,
    "attack_mode_draft_war": false,
    "attack_mode2": false,
    "attack_mode_d2": false,
    "attack_mode3": false,
    "attack_mode_d3": false,
    "attack_mode4": false,
    "attack_mode_d4": false,
    "attack_mode5": false,
    "attack_mode_d5": false,
    "ammo": 1500
  }, {
    "data": 1000027,
    "id": 500000300,
    "lvl": 2,
    "x": 27,
    "y": 22,
    "attack_mode": true,
    "attack_mode_draft": true,
    "attack_mode_war": true,
    "attack_mode_draft_war": true,
    "attack_mode2": false,
    "attack_mode_d2": false,
    "attack_mode3": false,
    "attack_mode_d3": false,
    "attack_mode4": false,
    "attack_mode_d4": false,
    "attack_mode5": false,
    "attack_mode_d5": false,
    "ammo": 1000
  }, { "data": 1000009, "id": 500000301, "lvl": 12, "x": 29, "y": 36 },
  {
    "data": 1000027,
    "id": 500000302,
    "lvl": 2,
    "x": 22,
    "y": 27,
    "attack_mode": true,
    "attack_mode_draft": true,
    "attack_mode_war": true,
    "attack_mode_draft_war": true,
    "attack_mode2": false,
    "attack_mode_d2": false,
    "attack_mode3": false,
    "attack_mode_d3": false,
    "attack_mode4": false,
    "attack_mode_d4": false,
    "attack_mode5": false,
    "attack_mode_d5": false,
    "ammo": 1000
  }, { "data": 1000023, "id": 500000303, "lvl": 5, "x": 36, "y": 32, "res_time": 64613 },
  { "data": 1000010, "id": 500000304, "lvl": 10, "x": 29, "y": 39 },
  { "data": 1000010, "id": 500000305, "lvl": 10, "x": 30, "y": 39 },
  { "data": 1000010, "id": 500000306, "lvl": 10, "x": 31, "y": 39 },
  { "data": 1000010, "id": 500000307, "lvl": 10, "x": 34, "y": 17 },
  { "data": 1000010, "id": 500000308, "lvl": 10, "x": 35, "y": 17 },
  { "data": 1000010, "id": 500000309, "lvl": 10, "x": 36, "y": 17 },
  { "data": 1000010, "id": 500000310, "lvl": 10, "x": 37, "y": 17 },
  { "data": 1000010, "id": 500000311, "lvl": 10, "x": 38, "y": 17 },
  { "data": 1000010, "id": 500000312, "lvl": 10, "x": 40, "y": 17 },
  { "data": 1000010, "id": 500000313, "lvl": 10, "x": 40, "y": 18 },
  { "data": 1000010, "id": 500000314, "lvl": 10, "x": 40, "y": 19 },
  { "data": 1000010, "id": 500000315, "lvl": 10, "x": 40, "y": 20 },
  { "data": 1000010, "id": 500000316, "lvl": 10, "x": 40, "y": 21 },
  { "data": 1000010, "id": 500000317, "lvl": 10, "x": 39, "y": 21 },
  { "data": 1000010, "id": 500000318, "lvl": 10, "x": 39, "y": 22 },
  { "data": 1000010, "id": 500000319, "lvl": 10, "x": 39, "y": 23 },
  { "data": 1000010, "id": 500000320, "lvl": 10, "x": 39, "y": 24 },
  { "data": 1000010, "id": 500000321, "lvl": 10, "x": 39, "y": 25 },
  { "data": 1000010, "id": 500000322, "lvl": 10, "x": 39, "y": 26 },
  { "data": 1000010, "id": 500000323, "lvl": 10, "x": 39, "y": 27 },
  { "data": 1000010, "id": 500000324, "lvl": 10, "x": 39, "y": 32 },
  { "data": 1000010, "id": 500000325, "lvl": 10, "x": 39, "y": 31 },
  { "data": 1000010, "id": 500000326, "lvl": 10, "x": 39, "y": 30 },
  { "data": 1000010, "id": 500000327, "lvl": 10, "x": 39, "y": 29 },
  { "data": 1000010, "id": 500000328, "lvl": 10, "x": 39, "y": 28 },
  { "data": 1000015, "id": 500000329, "lvl": 0, "x": 30, "y": 34 },
  { "data": 1000013, "id": 500000330, "lvl": 7, "x": 28, "y": 31 },
  {
    "data": 1000028,
    "id": 500000331,
    "lvl": 5,
    "x": 27,
    "y": 25,
    "aim_angle": 315,
    "aim_angle_draft": 0,
    "aim_angle_war": 0,
    "aim_angle_draft_war": 0,
    "aim_angle2": 0,
    "aim_angle_d2": 0,
    "aim_angle3": 0,
    "aim_angle_d3": 0,
    "aim_angle4": 0,
    "aim_angle_d4": 0,
    "aim_angle5": 0,
    "aim_angle_d5": 0
  }, {
    "data": 1000029,
    "id": 500000332,
    "lvl": 2,
    "x": 41,
    "y": 28,
    "units": [[26000009, 1]],
    "unit_prod": { "unit_type": 1 }
  }, {
    "data": 1000028,
    "id": 500000333,
    "lvl": 5,
    "x": 17,
    "y": 17,
    "aim_angle": 225,
    "aim_angle_draft": 0,
    "aim_angle_war": 0,
    "aim_angle_draft_war": 0,
    "aim_angle2": 0,
    "aim_angle_d2": 0,
    "aim_angle3": 0,
    "aim_angle_d3": 0,
    "aim_angle4": 0,
    "aim_angle_d4": 0,
    "aim_angle5": 0,
    "aim_angle_d5": 0
  }, { "data": 1000010, "id": 500000334, "lvl": 10, "x": 16, "y": 11 },
  { "data": 1000010, "id": 500000335, "lvl": 10, "x": 39, "y": 33 },
  { "data": 1000010, "id": 500000336, "lvl": 10, "x": 11, "y": 12 },
  { "data": 1000010, "id": 500000337, "lvl": 10, "x": 11, "y": 13 },
  { "data": 1000010, "id": 500000338, "lvl": 10, "x": 11, "y": 14 },
  { "data": 1000010, "id": 500000339, "lvl": 10, "x": 11, "y": 15 },
  { "data": 1000010, "id": 500000340, "lvl": 10, "x": 39, "y": 34 },
  { "data": 1000010, "id": 500000341, "lvl": 10, "x": 39, "y": 35 },
  { "data": 1000010, "id": 500000342, "lvl": 10, "x": 11, "y": 16 },
  { "data": 1000010, "id": 500000343, "lvl": 10, "x": 15, "y": 11 },
  { "data": 1000010, "id": 500000344, "lvl": 10, "x": 14, "y": 11 },
  { "data": 1000010, "id": 500000345, "lvl": 10, "x": 13, "y": 11 },
  { "data": 1000010, "id": 500000346, "lvl": 10, "x": 12, "y": 11 },
  { "data": 1000010, "id": 500000347, "lvl": 10, "x": 11, "y": 11 },
  { "data": 1000010, "id": 500000348, "lvl": 10, "x": 39, "y": 36 },
  { "data": 1000010, "id": 500000349, "lvl": 10, "x": 39, "y": 37 },
  { "data": 1000010, "id": 500000350, "lvl": 10, "x": 39, "y": 38 },
  { "data": 1000010, "id": 500000351, "lvl": 10, "x": 38, "y": 39 },
  { "data": 1000010, "id": 500000352, "lvl": 10, "x": 37, "y": 39 },
  { "data": 1000010, "id": 500000353, "lvl": 10, "x": 36, "y": 39 },
  { "data": 1000010, "id": 500000354, "lvl": 10, "x": 35, "y": 39 },
  { "data": 1000010, "id": 500000355, "lvl": 10, "x": 34, "y": 39 },
  { "data": 1000010, "id": 500000356, "lvl": 10, "x": 33, "y": 39 },
  { "data": 1000010, "id": 500000357, "lvl": 10, "x": 32, "y": 39 },
  { "data": 1000010, "id": 500000358, "lvl": 10, "x": 39, "y": 39 }
  ],
  "obstacles": [],
  "traps": [
  { "data": 12000000, "id": 504000000, "lvl": 5, "x": 21, "y": 31 },
  { "data": 12000002, "id": 504000001, "lvl": 3, "x": 26, "y": 12 },
  { "data": 12000001, "id": 504000002, "lvl": 0, "x": 34, "y": 32 },
  { "data": 12000005, "id": 504000003, "lvl": 3, "x": 25, "y": 19 },
  { "data": 12000006, "id": 504000004, "lvl": 2, "x": 23, "y": 31 },
  { "data": 12000000, "id": 504000005, "lvl": 5, "x": 21, "y": 32 },
  { "data": 12000002, "id": 504000006, "lvl": 3, "x": 31, "y": 31 },
  { "data": 12000001, "id": 504000007, "lvl": 0, "x": 31, "y": 33 },
  { "data": 12000001, "id": 504000008, "lvl": 0, "x": 33, "y": 31 },
  { "data": 12000000, "id": 504000009, "lvl": 5, "x": 31, "y": 21 },
  { "data": 12000002, "id": 504000010, "lvl": 3, "x": 34, "y": 28 },
  { "data": 12000002, "id": 504000011, "lvl": 3, "x": 28, "y": 34 },
  { "data": 12000001, "id": 504000012, "lvl": 0, "x": 32, "y": 34 },
  { "data": 12000001, "id": 504000013, "lvl": 0, "x": 32, "y": 33 },
  { "data": 12000000, "id": 504000014, "lvl": 5, "x": 32, "y": 21 },
  { "data": 12000000, "id": 504000015, "lvl": 5, "x": 21, "y": 30 },
  { "data": 12000002, "id": 504000016, "lvl": 3, "x": 12, "y": 26 },
  { "data": 12000000, "id": 504000017, "lvl": 5, "x": 30, "y": 21 },
  { "data": 12000001, "id": 504000018, "lvl": 0, "x": 33, "y": 32 },
  { "data": 12000006, "id": 504000019, "lvl": 2, "x": 19, "y": 23 },
  { "data": 12000006, "id": 504000020, "lvl": 2, "x": 31, "y": 23 },
  { "data": 12000006, "id": 504000021, "lvl": 2, "x": 31, "y": 26 },
  { "data": 12000006, "id": 504000022, "lvl": 2, "x": 24, "y": 19 },
  { "data": 12000005, "id": 504000023, "lvl": 3, "x": 19, "y": 25 },
  { "data": 12000005, "id": 504000024, "lvl": 3, "x": 22, "y": 19 },
  { "data": 12000005, "id": 504000025, "lvl": 3, "x": 19, "y": 22 },
  { "data": 12000005, "id": 504000026, "lvl": 3, "x": 25, "y": 31 },
  {
    "data": 12000008,
    "id": 504000027,
    "lvl": 2,
    "air_mode": false,
    "air_mode_draft": false,
    "air_mode_war": false,
    "air_mode_draft_war": false,
    "air_mode2": false,
    "air_mode_d2": false,
    "air_mode3": false,
    "air_mode_d3": false,
    "air_mode4": false,
    "air_mode_d4": false,
    "air_mode5": false,
    "air_mode_d5": false,
    "x": 19,
    "y": 30
  }, {
    "data": 12000008,
    "id": 504000028,
    "lvl": 2,
    "air_mode": false,
    "air_mode_draft": false,
    "air_mode_war": false,
    "air_mode_draft_war": false,
    "air_mode2": false,
    "air_mode_d2": false,
    "air_mode3": false,
    "air_mode_d3": false,
    "air_mode4": false,
    "air_mode_d4": false,
    "air_mode5": false,
    "air_mode_d5": false,
    "x": 16,
    "y": 15
  }, {
    "data": 12000008,
    "id": 504000029,
    "lvl": 2,
    "air_mode": false,
    "air_mode_draft": false,
    "air_mode_war": false,
    "air_mode_draft_war": false,
    "air_mode2": false,
    "air_mode_d2": false,
    "air_mode3": false,
    "air_mode_d3": false,
    "air_mode4": false,
    "air_mode_d4": false,
    "air_mode5": false,
    "air_mode_d5": false,
    "x": 30,
    "y": 18
  }
  ],
  "decos": [
  { "data": 18000033, "id": 506000000, "x": 40, "y": 37 }, { "data": 18000010, "id": 506000001, "x": 40, "y": 40 },
  { "data": 18000004, "id": 506000002, "x": 37, "y": 40 }
  ],
  "respawnVars": {
    "secondsFromLastRespawn": 9250,
    "respawnSeed": -1283303786,
    "obstacleClearCounter": 15,
    "time_to_gembox_drop": 246489,
    "time_in_gembox_period": 187585
  },
  "cooldowns": [{ "cooldown": 6504771, "target": 20000001 }, { "cooldown": 5191575, "target": 20000000 }],
  "newShopBuildings": [
    4, 0, 7, 4, 7, 4, 4, 1, 6, 7, 275, 4, 4, 4, 1, 5, 0, 0, 0, 4, 1, 3, 1, 3, 1, 1, 2, 2, 2, 1, 0,
    0
  ],
  "newShopTraps": [6, 6, 5, 0, 0, 5, 5, 0, 3],
  "newShopDecos": [
    1, 4, 0, 0, 1, 0, 0, 0, 0, 0, 0, 0, 0, 0, 0, 0, 0, 0, 0, 0, 0, 0, 0, 0, 0, 0, 0, 0, 0, 0, 0, 0, 0, 0, 0, 0, 0
  ],
  "last_league_rank": 0,
  "last_alliance_level": 1,
  "last_league_shuffle": 0,
  "last_season_seen": -1,
  "last_news_seen": 58,
  "troop_req_msg": "2 witches 2 wizards 3 barbs",
  "war_req_msg": "1 witch 2 valk 7 archers ",
  "war_tutorials_seen": 0,
  "war_base": false,
  "account_flags": 2,
  "bool_layout_edit_shown_erase": false
}