{
  "buildings": [
    { "data": 1000001, "lvl": 0, "x": 25, "y": 13 }, { "data": 1000004, "lvl": 1, "x": 29, "y": 9, "res_time": 8997 },
    { "data": 1000000, "lvl": 0, "x": 29, "y": 12, "units": [], "storage_type": 0 },
    { "data": 1000015, "lvl": 0, "x": 23, "y": 16 }, { "data": 1000014, "lvl": 0, "x": 25, "y": 32 },
    { "data": 1000004, "lvl": 1, "x": 22, "y": 18, "res_time": 8997 }, { "data": 1000008, "lvl": 1, "x": 26, "y": 10 },
    { "data": 1000002, "lvl": 1, "x": 23, "y": 9, "res_time": 8997 },
    { "data": 1000002, "lvl": 1, "x": 28, "y": 19, "res_time": 8997 }, { "data": 1000015, "lvl": 0, "x": 28, "y": 17 },
    { "data": 1000003, "lvl": 0, "x": 25, "y": 20 }, { "data": 1000005, "lvl": 0, "x": 26, "y": 7 },
    { "data": 1000008, "lvl": 1, "x": 25, "y": 17 }, {
      "data": 1000006,
      "lvl": 2,
      "x": 22,
      "y": 12,
      "unit_prod": { "unit_type": 0 }
    }
  ],
  "obstacles": [
  { "data": 8000007, "x": 5, "y": 13 }, { "data": 8000007, "x": 16, "y": 32 }, { "data": 8000008, "x": 6, "y": 6 },
  { "data": 8000005, "x": 32, "y": 8 }, { "data": 8000006, "x": 15, "y": 37 }, { "data": 8000000, "x": 20, "y": 4 },
  { "data": 8000008, "x": 16, "y": 24 }, { "data": 8000005, "x": 37, "y": 5 }, { "data": 8000007, "x": 6, "y": 4 },
  { "data": 8000003, "x": 31, "y": 5 }, { "data": 8000004, "x": 21, "y": 9 }, { "data": 8000008, "x": 35, "y": 7 },
  { "data": 8000005, "x": 20, "y": 36 }, { "data": 8000003, "x": 29, "y": 34 }, { "data": 8000005, "x": 5, "y": 29 },
  { "data": 8000005, "x": 8, "y": 10 }, { "data": 8000005, "x": 5, "y": 17 }, { "data": 8000002, "x": 4, "y": 38 },
  { "data": 8000002, "x": 5, "y": 21 }, { "data": 8000002, "x": 10, "y": 32 }, { "data": 8000008, "x": 5, "y": 36 },
  { "data": 8000001, "x": 9, "y": 4 }, { "data": 8000001, "x": 18, "y": 31 }, { "data": 8000001, "x": 7, "y": 35 },
  { "data": 8000007, "x": 4, "y": 9 }, { "data": 8000004, "x": 4, "y": 25 }, { "data": 8000004, "x": 6, "y": 26 },
  { "data": 8000003, "x": 29, "y": 37 }, { "data": 8000005, "x": 32, "y": 28 }, { "data": 8000005, "x": 34, "y": 13 },
  { "data": 8000001, "x": 14, "y": 18 }, { "data": 8000001, "x": 33, "y": 4 }, { "data": 8000012, "x": 24, "y": 30 },
  { "data": 8000012, "x": 28, "y": 4 }, { "data": 8000010, "x": 26, "y": 38 }, { "data": 8000010, "x": 14, "y": 5 },
  { "data": 8000013, "x": 34, "y": 33 }, { "data": 8000013, "x": 35, "y": 9 }, { "data": 8000014, "x": 25, "y": 23 },
  { "data": 8000014, "x": 22, "y": 6 }, { "data": 8000006, "x": 36, "y": 26 }, { "data": 8000011, "x": 23, "y": 34 },
  { "data": 8000011, "x": 24, "y": 37 }, { "data": 8000000, "x": 27, "y": 35 }, { "data": 8000000, "x": 25, "y": 35 },
  { "data": 8000000, "x": 26, "y": 30 }, { "data": 8000007, "x": 23, "y": 32 }, { "data": 8000001, "x": 28, "y": 31 },
  { "data": 8000014, "x": 28, "y": 29 }
  ],
  "traps": [],
  "decos": [],
  "respawnVars": { "secondsFromLastRespawn": 7200, "respawnSeed": 1529463799, "obstacleClearCounter": 0 },
  "cooldowns": [],
  "newShopBuildings": [1, 0, 1, 1, 1, 1, 1, 0, 2, 0, 0, 0, 0, 0, 1, 5, 0, 0, 0, 0, 0, 0, 0, 0, 0, 0, 0, 0],
  "newShopTraps": [0, 0, 0, 0, 0, 0, 0],
  "newShopDecos": [
    1, 4, 0, 0, 1, 0, 0, 0, 0, 0, 0, 0, 0, 0, 0, 0, 0, 0, 0, 0, 0, 0, 0, 0, 0, 0, 0, 0, 0, 0, 0, 0, 0, 0, 0, 0, 0
  ],
  "last_league_rank": 0,
  "last_league_shuffle": 0,
  "last_news_seen": -1
}