{
  "active_layout": 0,
  "buildings": [
  { "data": 1000001, "lvl": 2, "x": 20, "y": 20 }, { "data": 1000004, "lvl": 5, "x": 22, "y": 28, "res_time": 55384 },
  { "data": 1000000, "lvl": 2, "x": 18, "y": 11, "units": [], "storage_type": 0 },
  { "data": 1000015, "lvl": 0, "x": 28, "y": 18 }, { "data": 1000014, "lvl": 0, "x": 25, "y": 28 },
  { "data": 1000004, "lvl": 5, "x": 28, "y": 27, "res_time": 55384 },
  { "data": 1000002, "lvl": 5, "x": 14, "y": 16, "res_time": 55384 },
  { "data": 1000002, "lvl": 5, "x": 28, "y": 20, "res_time": 55384 }, { "data": 1000015, "lvl": 0, "x": 28, "y": 16 },
  { "data": 1000003, "lvl": 5, "x": 17, "y": 16 }, { "data": 1000005, "lvl": 5, "x": 16, "y": 24 },
  { "data": 1000006, "lvl": 4, "x": 13, "y": 25, "unit_prod": { "unit_type": 0 } },
  { "data": 1000008, "lvl": 3, "x": 20, "y": 24 }, { "data": 1000008, "lvl": 3, "x": 21, "y": 17 },
  { "data": 1000002, "lvl": 5, "x": 13, "y": 19, "res_time": 55384 },
  { "data": 1000004, "lvl": 5, "x": 13, "y": 22, "res_time": 55384 },
  { "data": 1000006, "lvl": 4, "x": 15, "y": 13, "unit_prod": { "unit_type": 0 } },
  { "data": 1000009, "lvl": 2, "x": 17, "y": 20 }, { "data": 1000010, "lvl": 2, "x": 17, "y": 23 },
  { "data": 1000010, "lvl": 2, "x": 19, "y": 24 }, { "data": 1000010, "lvl": 2, "x": 19, "y": 27 },
  { "data": 1000010, "lvl": 2, "x": 16, "y": 23 }, { "data": 1000010, "lvl": 2, "x": 16, "y": 22 },
  { "data": 1000010, "lvl": 2, "x": 16, "y": 21 }, { "data": 1000010, "lvl": 2, "x": 16, "y": 20 },
  { "data": 1000010, "lvl": 2, "x": 16, "y": 19 }, { "data": 1000010, "lvl": 2, "x": 17, "y": 19 },
  { "data": 1000010, "lvl": 2, "x": 18, "y": 19 }, { "data": 1000010, "lvl": 2, "x": 19, "y": 19 },
  { "data": 1000010, "lvl": 2, "x": 20, "y": 19 }, { "data": 1000010, "lvl": 2, "x": 22, "y": 16 },
  { "data": 1000010, "lvl": 2, "x": 21, "y": 16 }, { "data": 1000010, "lvl": 2, "x": 23, "y": 16 },
  { "data": 1000010, "lvl": 2, "x": 24, "y": 17 }, { "data": 1000010, "lvl": 2, "x": 24, "y": 16 },
  { "data": 1000010, "lvl": 2, "x": 24, "y": 18 }, { "data": 1000010, "lvl": 2, "x": 24, "y": 20 },
  { "data": 1000010, "lvl": 2, "x": 23, "y": 15 }, { "data": 1000010, "lvl": 2, "x": 28, "y": 23 },
  { "data": 1000010, "lvl": 2, "x": 24, "y": 19 }, { "data": 1000010, "lvl": 2, "x": 26, "y": 20 },
  { "data": 1000010, "lvl": 2, "x": 23, "y": 27 }, { "data": 1000010, "lvl": 2, "x": 23, "y": 24 },
  { "data": 1000010, "lvl": 2, "x": 29, "y": 23 }, { "data": 1000010, "lvl": 2, "x": 20, "y": 17 },
  { "data": 1000010, "lvl": 2, "x": 20, "y": 18 }, { "data": 1000010, "lvl": 2, "x": 20, "y": 16 },
  { "data": 1000010, "lvl": 2, "x": 25, "y": 20 }, { "data": 1000010, "lvl": 2, "x": 18, "y": 23 },
  { "data": 1000010, "lvl": 2, "x": 19, "y": 23 }, { "data": 1000010, "lvl": 2, "x": 20, "y": 27 },
  { "data": 1000010, "lvl": 2, "x": 19, "y": 26 }, { "data": 1000010, "lvl": 2, "x": 19, "y": 25 },
  { "data": 1000010, "lvl": 2, "x": 23, "y": 25 }, { "data": 1000010, "lvl": 2, "x": 22, "y": 27 },
  { "data": 1000010, "lvl": 2, "x": 23, "y": 26 }, { "data": 1000010, "lvl": 2, "x": 27, "y": 20 },
  { "data": 1000010, "lvl": 2, "x": 25, "y": 24 }, { "data": 1000010, "lvl": 2, "x": 18, "y": 27 },
  { "data": 1000010, "lvl": 2, "x": 26, "y": 24 }, { "data": 1000010, "lvl": 2, "x": 27, "y": 21 },
  { "data": 1000010, "lvl": 2, "x": 27, "y": 23 }, { "data": 1000010, "lvl": 2, "x": 27, "y": 24 },
  { "data": 1000010, "lvl": 2, "x": 24, "y": 24 }, { "data": 1000010, "lvl": 2, "x": 23, "y": 14 },
  { "data": 1000010, "lvl": 2, "x": 17, "y": 27 }, { "data": 1000010, "lvl": 2, "x": 27, "y": 22 },
  { "data": 1000010, "lvl": 2, "x": 21, "y": 27 }, { "data": 1000002, "lvl": 5, "x": 19, "y": 28, "res_time": 55384 },
  { "data": 1000004, "lvl": 5, "x": 28, "y": 24, "res_time": 55384 }, { "data": 1000005, "lvl": 5, "x": 25, "y": 17 },
  { "data": 1000003, "lvl": 5, "x": 24, "y": 25 }, {
    "data": 1000000,
    "lvl": 2,
    "x": 14,
    "y": 28,
    "units": [],
    "storage_type": 0
  }, { "data": 1000013, "lvl": 0, "x": 24, "y": 21 }, { "data": 1000007, "lvl": 0, "x": 24, "y": 12 }
  ],
  "obstacles": [
  { "data": 8000007, "x": 5, "y": 13, "loot_multiply_ver": 1 },
  { "data": 8000008, "x": 6, "y": 6, "loot_multiply_ver": 1 },
  { "data": 8000006, "x": 15, "y": 37, "loot_multiply_ver": 1 },
  { "data": 8000005, "x": 37, "y": 5, "loot_multiply_ver": 1 },
  { "data": 8000007, "x": 6, "y": 4, "loot_multiply_ver": 1 },
  { "data": 8000003, "x": 31, "y": 5, "loot_multiply_ver": 1 },
  { "data": 8000008, "x": 35, "y": 7, "loot_multiply_ver": 1 },
  { "data": 8000005, "x": 20, "y": 36, "loot_multiply_ver": 1 },
  { "data": 8000005, "x": 5, "y": 29, "loot_multiply_ver": 1 },
  { "data": 8000002, "x": 4, "y": 38, "loot_multiply_ver": 1 },
  { "data": 8000002, "x": 10, "y": 32, "loot_multiply_ver": 1 },
  { "data": 8000008, "x": 5, "y": 36, "loot_multiply_ver": 1 },
  { "data": 8000001, "x": 7, "y": 35, "loot_multiply_ver": 1 },
  { "data": 8000007, "x": 4, "y": 9, "loot_multiply_ver": 1 },
  { "data": 8000004, "x": 4, "y": 25, "loot_multiply_ver": 1 },
  { "data": 8000004, "x": 6, "y": 26, "loot_multiply_ver": 1 },
  { "data": 8000003, "x": 29, "y": 37, "loot_multiply_ver": 1 },
  { "data": 8000001, "x": 33, "y": 4, "loot_multiply_ver": 1 },
  { "data": 8000010, "x": 26, "y": 38, "loot_multiply_ver": 1 },
  { "data": 8000013, "x": 34, "y": 33, "loot_multiply_ver": 1 },
  { "data": 8000013, "x": 35, "y": 9, "loot_multiply_ver": 1 },
  { "data": 8000011, "x": 24, "y": 37, "loot_multiply_ver": 1 }
  ],
  "traps": [
  { "data": 12000000, "lvl": 1, "x": 27, "y": 25 }, { "data": 12000000, "lvl": 1, "x": 25, "y": 16 },
  { "data": 12000000, "lvl": 1, "x": 16, "y": 27 }
  ],
  "decos": [],
  "respawnVars": {
    "secondsFromLastRespawn": 7200,
    "respawnSeed": -212853765,
    "obstacleClearCounter": 7,
    "time_to_gembox_drop": 360000,
    "time_in_gembox_period": 244800,
    "time_to_special_drop": 248400,
    "time_to_special_period": 97200
  },
  "cooldowns": [],
  "newShopBuildings": [2, 0, 3, 2, 3, 2, 2, 1, 2, 1, 50, 0, 0, 1, 1, 5, 0, 0, 0, 0, 0, 0, 0, 0, 0, 0, 0, 0],
  "newShopTraps": [2, 0, 0, 0, 0, 0, 0, 0, 0],
  "newShopDecos": [
    1, 4, 0, 0, 1, 0, 0, 0, 0, 0, 0, 0, 0, 0, 0, 0, 0, 0, 0, 0, 0, 0, 0, 0, 0, 0, 0, 0, 0, 0, 0, 0, 0, 0, 0, 0, 0
  ],
  "last_league_rank": 0,
  "last_league_shuffle": 0,
  "last_news_seen": 13,
  "edit_mode_shown": false,
  "war_tutorials_seen": 0,
  "war_base": false,
  "help_opened": false
}