{
  "active_layout": 0,
  "layout_state": [0, 0, 0, 0, 0, 0],
  "buildings": [
  { "data": 1000001, "lvl": 8, "x": 22, "y": 24 }, { "data": 1000004, "lvl": 11, "x": 20, "y": 15, "res_time": 205678 },
  { "data": 1000000, "lvl": 6, "x": 8, "y": 18, "units": [], "storage_type": 0 },
  { "data": 1000015, "lvl": 0, "x": 14, "y": 23 }, { "data": 1000014, "lvl": 4, "x": 16, "y": 22 },
  { "data": 1000008, "lvl": 10, "x": 31, "y": 34 }, { "data": 1000015, "lvl": 0, "x": 17, "y": 20 },
  { "data": 1000002, "lvl": 11, "x": 39, "y": 36, "res_time": 205678 },
  { "data": 1000003, "lvl": 10, "x": 27, "y": 25 }, { "data": 1000005, "lvl": 10, "x": 35, "y": 19 },
  { "data": 1000006, "lvl": 9, "x": 26, "y": 38, "unit_prod": { "unit_type": 0 } },
  { "data": 1000006, "lvl": 9, "x": 25, "y": 11, "unit_prod": { "unit_type": 0 } },
  { "data": 1000010, "lvl": 9, "x": 7, "y": 15 }, { "data": 1000010, "lvl": 9, "x": 15, "y": 32 },
  { "data": 1000008, "lvl": 10, "x": 31, "y": 19 }, { "data": 1000009, "lvl": 10, "x": 29, "y": 15 },
  { "data": 1000002, "lvl": 11, "x": 31, "y": 39, "res_time": 205678 }, { "data": 1000010, "lvl": 9, "x": 13, "y": 32 },
  { "data": 1000004, "lvl": 11, "x": 28, "y": 11, "res_time": 205678 }, { "data": 1000010, "lvl": 9, "x": 26, "y": 37 },
  { "data": 1000010, "lvl": 9, "x": 13, "y": 30 }, { "data": 1000010, "lvl": 9, "x": 13, "y": 33 },
  { "data": 1000010, "lvl": 9, "x": 23, "y": 37 }, { "data": 1000010, "lvl": 9, "x": 15, "y": 14 },
  { "data": 1000004, "lvl": 11, "x": 35, "y": 15, "res_time": 205678 },
  { "data": 1000002, "lvl": 11, "x": 26, "y": 15, "res_time": 205678 },
  { "data": 1000000, "lvl": 6, "x": 25, "y": 32, "units": [], "storage_type": 0 },
  { "data": 1000003, "lvl": 10, "x": 35, "y": 31 }, { "data": 1000005, "lvl": 10, "x": 31, "y": 30 },
  { "data": 1000010, "lvl": 9, "x": 24, "y": 37 }, { "data": 1000010, "lvl": 9, "x": 25, "y": 37 },
  { "data": 1000010, "lvl": 9, "x": 10, "y": 38 }, { "data": 1000010, "lvl": 9, "x": 38, "y": 21 },
  { "data": 1000010, "lvl": 9, "x": 38, "y": 23 }, { "data": 1000010, "lvl": 9, "x": 38, "y": 19 },
  { "data": 1000010, "lvl": 9, "x": 11, "y": 14 }, { "data": 1000010, "lvl": 9, "x": 12, "y": 38 },
  { "data": 1000010, "lvl": 9, "x": 38, "y": 22 }, { "data": 1000010, "lvl": 9, "x": 38, "y": 24 },
  { "data": 1000010, "lvl": 9, "x": 16, "y": 14 }, { "data": 1000010, "lvl": 9, "x": 31, "y": 18 },
  { "data": 1000010, "lvl": 9, "x": 30, "y": 23 }, { "data": 1000010, "lvl": 9, "x": 27, "y": 31 },
  { "data": 1000010, "lvl": 9, "x": 7, "y": 35 }, { "data": 1000010, "lvl": 9, "x": 16, "y": 18 },
  { "data": 1000010, "lvl": 9, "x": 34, "y": 38 }, { "data": 1000010, "lvl": 9, "x": 23, "y": 18 },
  { "data": 1000010, "lvl": 9, "x": 36, "y": 38 }, { "data": 1000010, "lvl": 9, "x": 9, "y": 14 },
  { "data": 1000010, "lvl": 9, "x": 21, "y": 14 }, { "data": 1000010, "lvl": 9, "x": 25, "y": 18 },
  { "data": 1000010, "lvl": 9, "x": 19, "y": 14 }, { "data": 1000010, "lvl": 9, "x": 26, "y": 31 },
  { "data": 1000010, "lvl": 9, "x": 23, "y": 31 }, { "data": 1000010, "lvl": 9, "x": 13, "y": 27 },
  { "data": 1000010, "lvl": 9, "x": 19, "y": 18 }, { "data": 1000010, "lvl": 9, "x": 7, "y": 25 },
  { "data": 1000010, "lvl": 9, "x": 13, "y": 26 }, { "data": 1000010, "lvl": 9, "x": 7, "y": 36 },
  { "data": 1000010, "lvl": 9, "x": 7, "y": 37 }, { "data": 1000010, "lvl": 9, "x": 21, "y": 32 },
  { "data": 1000013, "lvl": 6, "x": 22, "y": 19 }, { "data": 1000015, "lvl": 0, "x": 39, "y": 20 },
  { "data": 1000010, "lvl": 9, "x": 13, "y": 34 }, { "data": 1000010, "lvl": 9, "x": 13, "y": 35 },
  { "data": 1000010, "lvl": 9, "x": 14, "y": 37 }, { "data": 1000010, "lvl": 9, "x": 13, "y": 38 },
  { "data": 1000010, "lvl": 9, "x": 15, "y": 37 }, { "data": 1000010, "lvl": 9, "x": 21, "y": 18 },
  { "data": 1000010, "lvl": 9, "x": 20, "y": 18 }, { "data": 1000010, "lvl": 9, "x": 18, "y": 18 },
  { "data": 1000010, "lvl": 9, "x": 17, "y": 18 }, { "data": 1000010, "lvl": 9, "x": 18, "y": 14 },
  { "data": 1000007, "lvl": 6, "x": 3, "y": 21 }, { "data": 1000009, "lvl": 10, "x": 22, "y": 34 },
  { "data": 1000010, "lvl": 9, "x": 30, "y": 37 }, { "data": 1000010, "lvl": 9, "x": 17, "y": 32 },
  { "data": 1000010, "lvl": 9, "x": 13, "y": 29 }, { "data": 1000010, "lvl": 9, "x": 22, "y": 31 },
  { "data": 1000010, "lvl": 9, "x": 22, "y": 32 }, { "data": 1000010, "lvl": 9, "x": 15, "y": 18 },
  { "data": 1000010, "lvl": 9, "x": 14, "y": 18 }, { "data": 1000010, "lvl": 9, "x": 13, "y": 18 },
  { "data": 1000010, "lvl": 9, "x": 8, "y": 14 }, { "data": 1000010, "lvl": 9, "x": 38, "y": 29 },
  { "data": 1000010, "lvl": 9, "x": 17, "y": 14 }, { "data": 1000010, "lvl": 9, "x": 25, "y": 14 },
  { "data": 1000010, "lvl": 9, "x": 30, "y": 18 }, { "data": 1000010, "lvl": 9, "x": 25, "y": 31 },
  { "data": 1000010, "lvl": 9, "x": 38, "y": 30 }, { "data": 1000010, "lvl": 9, "x": 30, "y": 29 },
  { "data": 1000010, "lvl": 9, "x": 13, "y": 25 }, { "data": 1000010, "lvl": 9, "x": 7, "y": 38 },
  { "data": 1000010, "lvl": 9, "x": 30, "y": 30 }, { "data": 1000010, "lvl": 9, "x": 38, "y": 25 },
  { "data": 1000010, "lvl": 9, "x": 38, "y": 26 }, { "data": 1000010, "lvl": 9, "x": 30, "y": 19 },
  { "data": 1000010, "lvl": 9, "x": 38, "y": 27 }, { "data": 1000010, "lvl": 9, "x": 13, "y": 28 },
  { "data": 1000010, "lvl": 9, "x": 7, "y": 26 }, { "data": 1000012, "lvl": 6, "x": 31, "y": 23 },
  { "data": 1000002, "lvl": 11, "x": 18, "y": 38, "res_time": 205678 },
  { "data": 1000004, "lvl": 11, "x": 17, "y": 15, "res_time": 205678 },
  { "data": 1000006, "lvl": 9, "x": 21, "y": 38, "unit_prod": { "unit_type": 0 } },
  { "data": 1000008, "lvl": 10, "x": 10, "y": 30 }, { "data": 1000011, "lvl": 6, "x": 27, "y": 19 },
  { "data": 1000010, "lvl": 9, "x": 38, "y": 28 }, { "data": 1000010, "lvl": 9, "x": 13, "y": 31 },
  { "data": 1000010, "lvl": 9, "x": 22, "y": 37 }, { "data": 1000010, "lvl": 9, "x": 26, "y": 14 },
  { "data": 1000010, "lvl": 9, "x": 38, "y": 20 }, { "data": 1000010, "lvl": 9, "x": 32, "y": 38 },
  { "data": 1000010, "lvl": 9, "x": 22, "y": 14 }, { "data": 1000010, "lvl": 9, "x": 13, "y": 24 },
  { "data": 1000010, "lvl": 9, "x": 27, "y": 14 }, { "data": 1000010, "lvl": 9, "x": 13, "y": 22 },
  { "data": 1000010, "lvl": 9, "x": 28, "y": 18 }, { "data": 1000010, "lvl": 9, "x": 30, "y": 21 },
  { "data": 1000004, "lvl": 11, "x": 15, "y": 11, "res_time": 205678 }, { "data": 1000010, "lvl": 9, "x": 38, "y": 37 },
  { "data": 1000010, "lvl": 9, "x": 13, "y": 20 }, { "data": 1000010, "lvl": 9, "x": 20, "y": 37 },
  { "data": 1000010, "lvl": 9, "x": 7, "y": 21 }, { "data": 1000010, "lvl": 9, "x": 9, "y": 38 },
  { "data": 1000010, "lvl": 9, "x": 7, "y": 19 }, { "data": 1000010, "lvl": 9, "x": 30, "y": 28 },
  { "data": 1000010, "lvl": 9, "x": 7, "y": 17 }, { "data": 1000010, "lvl": 9, "x": 35, "y": 38 },
  { "data": 1000010, "lvl": 9, "x": 8, "y": 38 }, { "data": 1000010, "lvl": 9, "x": 31, "y": 26 },
  { "data": 1000010, "lvl": 9, "x": 38, "y": 15 }, { "data": 1000010, "lvl": 9, "x": 7, "y": 24 },
  { "data": 1000002, "lvl": 11, "x": 39, "y": 16, "res_time": 205678 },
  { "data": 1000009, "lvl": 10, "x": 14, "y": 29 }, { "data": 1000010, "lvl": 9, "x": 29, "y": 31 },
  { "data": 1000010, "lvl": 9, "x": 27, "y": 18 }, { "data": 1000010, "lvl": 9, "x": 7, "y": 18 },
  { "data": 1000010, "lvl": 9, "x": 30, "y": 14 }, { "data": 1000010, "lvl": 9, "x": 31, "y": 14 },
  { "data": 1000010, "lvl": 9, "x": 28, "y": 31 }, { "data": 1000010, "lvl": 9, "x": 26, "y": 18 },
  { "data": 1000010, "lvl": 9, "x": 20, "y": 14 }, { "data": 1000010, "lvl": 9, "x": 22, "y": 18 },
  { "data": 1000010, "lvl": 9, "x": 38, "y": 31 }, { "data": 1000010, "lvl": 9, "x": 13, "y": 19 },
  { "data": 1000010, "lvl": 9, "x": 38, "y": 32 }, { "data": 1000010, "lvl": 9, "x": 38, "y": 33 },
  { "data": 1000010, "lvl": 9, "x": 30, "y": 39 }, { "data": 1000010, "lvl": 9, "x": 7, "y": 30 },
  { "data": 1000010, "lvl": 9, "x": 16, "y": 32 }, { "data": 1000010, "lvl": 9, "x": 17, "y": 37 },
  { "data": 1000010, "lvl": 9, "x": 11, "y": 38 }, { "data": 1000010, "lvl": 9, "x": 18, "y": 37 },
  { "data": 1000010, "lvl": 9, "x": 33, "y": 18 }, { "data": 1000010, "lvl": 9, "x": 13, "y": 40 },
  { "data": 1000010, "lvl": 9, "x": 21, "y": 10 }, { "data": 1000010, "lvl": 9, "x": 24, "y": 14 },
  { "data": 1000010, "lvl": 9, "x": 38, "y": 16 }, { "data": 1000010, "lvl": 9, "x": 32, "y": 14 },
  { "data": 1000013, "lvl": 6, "x": 17, "y": 29 }, {
    "data": 1000000,
    "lvl": 6,
    "x": 8,
    "y": 33,
    "units": [],
    "storage_type": 0
  }, { "data": 1000010, "lvl": 9, "x": 36, "y": 18 }, { "data": 1000010, "lvl": 9, "x": 28, "y": 14 },
  { "data": 1000010, "lvl": 9, "x": 29, "y": 14 }, { "data": 1000010, "lvl": 9, "x": 32, "y": 18 },
  { "data": 1000010, "lvl": 9, "x": 13, "y": 21 }, { "data": 1000010, "lvl": 9, "x": 13, "y": 37 },
  { "data": 1000010, "lvl": 9, "x": 24, "y": 31 }, { "data": 1000010, "lvl": 9, "x": 19, "y": 37 },
  { "data": 1000010, "lvl": 9, "x": 20, "y": 32 }, { "data": 1000010, "lvl": 9, "x": 18, "y": 13 },
  { "data": 1000010, "lvl": 9, "x": 21, "y": 37 }, { "data": 1000010, "lvl": 9, "x": 7, "y": 29 },
  { "data": 1000010, "lvl": 9, "x": 7, "y": 16 }, { "data": 1000010, "lvl": 9, "x": 7, "y": 14 },
  { "data": 1000010, "lvl": 9, "x": 12, "y": 14 }, { "data": 1000010, "lvl": 9, "x": 13, "y": 23 },
  { "data": 1000010, "lvl": 9, "x": 13, "y": 14 }, { "data": 1000010, "lvl": 9, "x": 38, "y": 17 },
  { "data": 1000010, "lvl": 9, "x": 38, "y": 18 }, { "data": 1000010, "lvl": 9, "x": 34, "y": 18 },
  { "data": 1000010, "lvl": 9, "x": 18, "y": 32 }, { "data": 1000010, "lvl": 9, "x": 37, "y": 38 },
  { "data": 1000010, "lvl": 9, "x": 33, "y": 38 }, { "data": 1000010, "lvl": 9, "x": 23, "y": 14 },
  { "data": 1000010, "lvl": 9, "x": 7, "y": 20 }, { "data": 1000008, "lvl": 10, "x": 32, "y": 15 },
  { "data": 1000012, "lvl": 6, "x": 19, "y": 22 }, { "data": 1000010, "lvl": 9, "x": 14, "y": 32 },
  { "data": 1000010, "lvl": 9, "x": 7, "y": 32 }, { "data": 1000010, "lvl": 9, "x": 7, "y": 34 },
  { "data": 1000010, "lvl": 9, "x": 7, "y": 28 }, { "data": 1000010, "lvl": 9, "x": 37, "y": 26 },
  { "data": 1000009, "lvl": 10, "x": 31, "y": 27 }, { "data": 1000010, "lvl": 9, "x": 7, "y": 27 },
  { "data": 1000010, "lvl": 9, "x": 13, "y": 36 }, { "data": 1000010, "lvl": 9, "x": 35, "y": 26 },
  { "data": 1000010, "lvl": 9, "x": 19, "y": 32 }, { "data": 1000010, "lvl": 9, "x": 36, "y": 26 },
  { "data": 1000010, "lvl": 9, "x": 7, "y": 31 }, { "data": 1000010, "lvl": 9, "x": 30, "y": 33 },
  { "data": 1000010, "lvl": 9, "x": 16, "y": 37 }, { "data": 1000010, "lvl": 9, "x": 7, "y": 23 },
  { "data": 1000010, "lvl": 9, "x": 30, "y": 27 }, { "data": 1000010, "lvl": 9, "x": 30, "y": 31 },
  { "data": 1000010, "lvl": 9, "x": 31, "y": 38 }, { "data": 1000010, "lvl": 9, "x": 30, "y": 38 },
  { "data": 1000010, "lvl": 9, "x": 24, "y": 18 }, { "data": 1000010, "lvl": 9, "x": 14, "y": 14 },
  { "data": 1000010, "lvl": 9, "x": 38, "y": 35 }, { "data": 1000010, "lvl": 9, "x": 38, "y": 36 },
  { "data": 1000010, "lvl": 9, "x": 38, "y": 34 }, { "data": 1000010, "lvl": 9, "x": 30, "y": 32 },
  { "data": 1000010, "lvl": 9, "x": 38, "y": 38 }, { "data": 1000010, "lvl": 9, "x": 7, "y": 22 },
  { "data": 1000010, "lvl": 9, "x": 29, "y": 37 }, { "data": 1000010, "lvl": 9, "x": 28, "y": 37 },
  { "data": 1000010, "lvl": 9, "x": 10, "y": 14 }, { "data": 1000010, "lvl": 9, "x": 35, "y": 14 },
  { "data": 1000010, "lvl": 9, "x": 29, "y": 18 }, { "data": 1000010, "lvl": 9, "x": 30, "y": 25 },
  { "data": 1000010, "lvl": 9, "x": 30, "y": 26 }, { "data": 1000010, "lvl": 9, "x": 33, "y": 14 },
  { "data": 1000010, "lvl": 9, "x": 34, "y": 14 }, { "data": 1000010, "lvl": 9, "x": 30, "y": 24 },
  { "data": 1000010, "lvl": 9, "x": 30, "y": 20 }, { "data": 1000010, "lvl": 9, "x": 30, "y": 22 },
  { "data": 1000010, "lvl": 9, "x": 30, "y": 36 }, { "data": 1000010, "lvl": 9, "x": 30, "y": 35 },
  { "data": 1000010, "lvl": 9, "x": 30, "y": 34 }, { "data": 1000010, "lvl": 9, "x": 27, "y": 37 },
  { "data": 1000010, "lvl": 9, "x": 34, "y": 26 }, { "data": 1000010, "lvl": 9, "x": 33, "y": 26 },
  { "data": 1000010, "lvl": 9, "x": 32, "y": 26 }, { "data": 1000010, "lvl": 9, "x": 37, "y": 18 },
  { "data": 1000010, "lvl": 9, "x": 35, "y": 18 }, { "data": 1000010, "lvl": 9, "x": 38, "y": 14 },
  { "data": 1000010, "lvl": 9, "x": 37, "y": 14 }, { "data": 1000010, "lvl": 9, "x": 36, "y": 14 },
  { "data": 1000011, "lvl": 6, "x": 34, "y": 27 }, { "data": 1000005, "lvl": 10, "x": 34, "y": 34 },
  { "data": 1000006, "lvl": 9, "x": 39, "y": 33, "unit_prod": { "unit_type": 0 } },
  { "data": 1000003, "lvl": 10, "x": 35, "y": 23 }, {
    "data": 1000000,
    "lvl": 6,
    "x": 8,
    "y": 25,
    "units": [],
    "storage_type": 0
  }, { "data": 1000015, "lvl": 0, "x": 17, "y": 33 }, { "data": 1000015, "lvl": 0, "x": 8, "y": 23 },
  { "data": 1000009, "lvl": 10, "x": 23, "y": 15 }, { "data": 1000013, "lvl": 6, "x": 14, "y": 19 },
  { "data": 1000019, "lvl": 6, "x": 10, "y": 23 }, { "data": 1000011, "lvl": 6, "x": 14, "y": 15 },
  { "data": 1000019, "lvl": 6, "x": 17, "y": 35 }, { "data": 1000002, "lvl": 11, "x": 4, "y": 25, "res_time": 205678 },
  { "data": 1000004, "lvl": 11, "x": 31, "y": 11, "res_time": 205678 }, { "data": 1000012, "lvl": 6, "x": 23, "y": 28 },
  {
    "data": 1000021,
    "lvl": 2,
    "x": 20,
    "y": 28,
    "attack_mode": true,
    "attack_mode_draft": true,
    "attack_mode_war": true,
    "attack_mode_draft_war": true,
    "attack_mode2": false,
    "attack_mode_d2": false,
    "attack_mode3": false,
    "attack_mode_d3": false,
    "attack_mode4": false,
    "attack_mode_d4": false,
    "attack_mode5": false,
    "attack_mode_d5": false,
    "ammo": 3000
  }, { "data": 1000019, "lvl": 6, "x": 25, "y": 19 }, { "data": 1000008, "lvl": 10, "x": 8, "y": 15 },
  { "data": 1000020, "lvl": 3, "x": 34, "y": 11, "units": [], "storage_type": 1, "unit_prod": { "unit_type": 1 } },
  { "data": 1000022, "lvl": 0, "x": 17, "y": 26 }, { "data": 1000003, "lvl": 10, "x": 19, "y": 11 },
  { "data": 1000005, "lvl": 10, "x": 39, "y": 22 }, { "data": 1000024, "lvl": 5, "x": 22, "y": 11 },
  { "data": 1000023, "lvl": 5, "x": 11, "y": 15, "res_time": 64764 },
  { "data": 1000023, "lvl": 5, "x": 39, "y": 28, "res_time": 64764 }, { "data": 1000025, "lvl": 0, "x": 27, "y": 22 },
  { "data": 1000010, "lvl": 9, "x": 18, "y": 12 }, { "data": 1000010, "lvl": 9, "x": 18, "y": 11 },
  { "data": 1000010, "lvl": 9, "x": 18, "y": 10 }, { "data": 1000010, "lvl": 9, "x": 22, "y": 10 },
  { "data": 1000010, "lvl": 9, "x": 23, "y": 10 }, { "data": 1000010, "lvl": 9, "x": 24, "y": 10 },
  { "data": 1000010, "lvl": 9, "x": 25, "y": 10 }, { "data": 1000010, "lvl": 9, "x": 26, "y": 10 },
  { "data": 1000010, "lvl": 9, "x": 27, "y": 10 }, { "data": 1000010, "lvl": 9, "x": 28, "y": 10 },
  { "data": 1000010, "lvl": 9, "x": 29, "y": 10 }, { "data": 1000010, "lvl": 9, "x": 30, "y": 10 },
  { "data": 1000010, "lvl": 9, "x": 31, "y": 10 }, { "data": 1000010, "lvl": 9, "x": 32, "y": 10 },
  { "data": 1000010, "lvl": 9, "x": 33, "y": 10 }, { "data": 1000010, "lvl": 9, "x": 34, "y": 10 },
  { "data": 1000010, "lvl": 9, "x": 35, "y": 10 }, { "data": 1000010, "lvl": 9, "x": 36, "y": 10 },
  { "data": 1000010, "lvl": 9, "x": 37, "y": 10 }, { "data": 1000010, "lvl": 9, "x": 38, "y": 10 },
  { "data": 1000010, "lvl": 9, "x": 38, "y": 12 }, { "data": 1000010, "lvl": 9, "x": 38, "y": 11 },
  { "data": 1000010, "lvl": 9, "x": 38, "y": 13 }, { "data": 1000010, "lvl": 9, "x": 20, "y": 10 },
  { "data": 1000010, "lvl": 9, "x": 19, "y": 10 }, { "data": 1000009, "lvl": 10, "x": 14, "y": 34 },
  {
    "data": 1000021,
    "lvl": 2,
    "x": 19,
    "y": 19,
    "attack_mode": true,
    "attack_mode_draft": true,
    "attack_mode_war": true,
    "attack_mode_draft_war": true,
    "attack_mode2": false,
    "attack_mode_d2": false,
    "attack_mode3": false,
    "attack_mode_d3": false,
    "attack_mode4": false,
    "attack_mode_d4": false,
    "attack_mode5": false,
    "attack_mode_d5": false,
    "ammo": 1500
  }, { "data": 1000019, "lvl": 6, "x": 23, "y": 32 }, {
    "data": 1000026,
    "lvl": 5,
    "x": 9,
    "y": 11,
    "unit_prod": { "unit_type": 0 }
  }, { "data": 1000026, "lvl": 5, "x": 14, "y": 38, "unit_prod": { "unit_type": 0 } },
  { "data": 1000011, "lvl": 6, "x": 19, "y": 33 }, { "data": 1000010, "lvl": 9, "x": 23, "y": 41 },
  { "data": 1000010, "lvl": 9, "x": 13, "y": 41 }, { "data": 1000010, "lvl": 9, "x": 22, "y": 41 },
  { "data": 1000010, "lvl": 9, "x": 21, "y": 41 }, { "data": 1000010, "lvl": 9, "x": 20, "y": 41 },
  { "data": 1000010, "lvl": 9, "x": 19, "y": 41 }, { "data": 1000010, "lvl": 9, "x": 18, "y": 41 },
  { "data": 1000010, "lvl": 9, "x": 17, "y": 41 }, { "data": 1000010, "lvl": 9, "x": 16, "y": 41 },
  { "data": 1000010, "lvl": 9, "x": 15, "y": 41 }, { "data": 1000010, "lvl": 9, "x": 14, "y": 41 },
  { "data": 1000010, "lvl": 9, "x": 24, "y": 41 }, { "data": 1000010, "lvl": 9, "x": 25, "y": 41 },
  { "data": 1000010, "lvl": 9, "x": 26, "y": 41 }, { "data": 1000010, "lvl": 9, "x": 27, "y": 41 },
  { "data": 1000010, "lvl": 9, "x": 7, "y": 33 }, { "data": 1000010, "lvl": 9, "x": 29, "y": 41 },
  { "data": 1000010, "lvl": 9, "x": 30, "y": 41 }, { "data": 1000010, "lvl": 9, "x": 30, "y": 40 },
  { "data": 1000010, "lvl": 9, "x": 28, "y": 41 }, { "data": 1000010, "lvl": 9, "x": 7, "y": 39 },
  { "data": 1000010, "lvl": 9, "x": 13, "y": 39 }, { "data": 1000010, "lvl": 9, "x": 24, "y": 40 },
  { "data": 1000010, "lvl": 9, "x": 24, "y": 39 }, { "data": 1000010, "lvl": 9, "x": 24, "y": 38 },
  { "data": 1000012, "lvl": 6, "x": 14, "y": 25 }, { "data": 1000013, "lvl": 6, "x": 27, "y": 28 },
  {
    "data": 1000028,
    "lvl": 4,
    "x": 20,
    "y": 26,
    "aim_angle": 45,
    "aim_angle_draft": 0,
    "aim_angle_war": 0,
    "aim_angle_draft_war": 0,
    "aim_angle2": 0,
    "aim_angle_d2": 0,
    "aim_angle3": 0,
    "aim_angle_d3": 0,
    "aim_angle4": 0,
    "aim_angle_d4": 0,
    "aim_angle5": 0,
    "aim_angle_d5": 0
  }, { "data": 1000029, "lvl": 2, "x": 12, "y": 11, "unit_prod": { "unit_type": 1 } },
  {
    "data": 1000028,
    "lvl": 4,
    "x": 24,
    "y": 22,
    "aim_angle": 225,
    "aim_angle_draft": 0,
    "aim_angle_war": 0,
    "aim_angle_draft_war": 0,
    "aim_angle2": 0,
    "aim_angle_d2": 0,
    "aim_angle3": 0,
    "aim_angle_d3": 0,
    "aim_angle4": 0,
    "aim_angle_d4": 0,
    "aim_angle5": 0,
    "aim_angle_d5": 0
  }
  ],
  "obstacles": [
  { "data": 8000013, "x": 38, "y": 7, "loot_multiply_ver": 1 },
  { "data": 8000007, "x": 1, "y": 13, "loot_multiply_ver": 1 },
  { "data": 8000007, "x": 40, "y": 26, "loot_multiply_ver": 1 },
  { "data": 8000010, "x": 8, "y": 40, "loot_multiply_ver": 1 },
  { "data": 8000004, "x": 2, "y": 4, "loot_multiply_ver": 1 },
  { "data": 8000007, "x": 40, "y": 39, "loot_multiply_ver": 1 }
  ],
  "traps": [
  { "data": 12000000, "lvl": 5, "x": 31, "y": 37 }, { "data": 12000001, "lvl": 0, "x": 14, "y": 28 },
  { "data": 12000001, "lvl": 0, "x": 19, "y": 25 }, { "data": 12000000, "lvl": 5, "x": 17, "y": 19 },
  { "data": 12000001, "lvl": 0, "x": 37, "y": 22 }, { "data": 12000001, "lvl": 0, "x": 18, "y": 19 },
  { "data": 12000000, "lvl": 5, "x": 37, "y": 30 }, { "data": 12000000, "lvl": 5, "x": 21, "y": 36 },
  { "data": 12000000, "lvl": 5, "x": 25, "y": 38 }, { "data": 12000000, "lvl": 5, "x": 9, "y": 32 },
  { "data": 12000002, "lvl": 2, "x": 7, "y": 12 }, { "data": 12000002, "lvl": 2, "x": 8, "y": 30 },
  { "data": 12000002, "lvl": 2, "x": 37, "y": 39 }, { "data": 12000002, "lvl": 2, "x": 27, "y": 8 },
  { "data": 12000001, "lvl": 0, "x": 35, "y": 39 }, { "data": 12000001, "lvl": 0, "x": 19, "y": 36 },
  { "data": 12000005, "lvl": 3, "x": 18, "y": 25 }, { "data": 12000005, "lvl": 3, "x": 34, "y": 19 },
  { "data": 12000005, "lvl": 3, "x": 16, "y": 28 }, { "data": 12000005, "lvl": 3, "x": 26, "y": 28 },
  { "data": 12000006, "lvl": 1, "x": 25, "y": 21 }, { "data": 12000006, "lvl": 1, "x": 20, "y": 31 },
  { "data": 12000006, "lvl": 1, "x": 26, "y": 30 }, { "data": 12000006, "lvl": 1, "x": 31, "y": 22 },
  {
    "data": 12000008,
    "lvl": 2,
    "air_mode": false,
    "air_mode_draft": false,
    "air_mode_war": false,
    "air_mode_draft_war": false,
    "air_mode2": false,
    "air_mode_d2": false,
    "air_mode3": false,
    "air_mode_d3": false,
    "air_mode4": false,
    "air_mode_d4": false,
    "air_mode5": false,
    "air_mode_d5": false,
    "x": 32,
    "y": 22
  }, {
    "data": 12000008,
    "lvl": 2,
    "air_mode": true,
    "air_mode_draft": true,
    "air_mode_war": true,
    "air_mode_draft_war": true,
    "air_mode2": false,
    "air_mode_d2": false,
    "air_mode3": false,
    "air_mode_d3": false,
    "air_mode4": false,
    "air_mode_d4": false,
    "air_mode5": false,
    "air_mode_d5": false,
    "x": 21,
    "y": 31
  }
  ],
  "decos": [
  { "data": 18000007, "x": 20, "y": 4 }, { "data": 18000012, "x": 20, "y": 6 }, { "data": 18000001, "x": 23, "y": 4 },
  { "data": 18000001, "x": 17, "y": 4 }, { "data": 18000001, "x": 32, "y": 4 }, { "data": 18000001, "x": 8, "y": 4 },
  { "data": 18000005, "x": 26, "y": 6 }, { "data": 18000006, "x": 23, "y": 8 }, { "data": 18000006, "x": 17, "y": 8 },
  { "data": 18000005, "x": 10, "y": 4 }, { "data": 18000005, "x": 30, "y": 4 }, { "data": 18000006, "x": 12, "y": 4 },
  { "data": 18000006, "x": 28, "y": 4 }, { "data": 18000005, "x": 14, "y": 6 }, { "data": 18000009, "x": 26, "y": 4 },
  { "data": 18000008, "x": 14, "y": 4 }, { "data": 18000000, "x": 30, "y": 6 }, { "data": 18000010, "x": 10, "y": 6 }
  ],
  "respawnVars": {
    "secondsFromLastRespawn": 13587,
    "respawnSeed": 674613891,
    "obstacleClearCounter": 12,
    "time_to_gembox_drop": 460666,
    "time_in_gembox_period": 143866
  },
  "cooldowns": [],
  "newShopBuildings": [4, 0, 6, 4, 6, 4, 4, 1, 5, 6, 250, 4, 4, 4, 1, 5, 0, 0, 0, 4, 1, 2, 1, 2, 1, 1, 2, 0, 2, 1],
  "newShopTraps": [6, 6, 4, 0, 0, 4, 4, 0, 2],
  "newShopDecos": [
    1, 4, 0, 0, 1, 0, 0, 0, 0, 0, 0, 0, 0, 0, 0, 0, 0, 0, 0, 0, 0, 0, 0, 0, 0, 0, 0, 0, 0, 0, 0, 0, 0, 0, 0, 0, 0
  ],
  "last_league_rank": 0,
  "last_alliance_level": 1,
  "last_league_shuffle": 0,
  "last_season_seen": -1,
  "last_news_seen": 58,
  "edit_mode_shown": true,
  "war_tutorials_seen": 0,
  "war_base": false,
  "help_opened": false,
  "bool_layout_edit_shown_erase": false
}