{
  "active_layout": 0,
  "buildings": [
  { "data": 1000001, "lvl": 1, "x": 21, "y": 14 }, { "data": 1000004, "lvl": 3, "x": 20, "y": 22, "res_time": 11248 },
  { "data": 1000000, "lvl": 1, "x": 25, "y": 15, "units": [], "storage_type": 0 },
  { "data": 1000015, "lvl": 0, "x": 23, "y": 22 }, { "data": 1000014, "lvl": 0, "x": 25, "y": 32 },
  { "data": 1000004, "lvl": 3, "x": 25, "y": 12, "res_time": 11248 },
  { "data": 1000002, "lvl": 3, "x": 25, "y": 9, "res_time": 11248 },
  { "data": 1000002, "lvl": 3, "x": 25, "y": 20, "res_time": 11248 }, { "data": 1000015, "lvl": 0, "x": 22, "y": 8 },
  { "data": 1000003, "lvl": 2, "x": 17, "y": 10 }, { "data": 1000005, "lvl": 2, "x": 17, "y": 18 },
  { "data": 1000006, "lvl": 3, "x": 19, "y": 7, "unit_prod": { "unit_type": 0 } },
  { "data": 1000008, "lvl": 2, "x": 21, "y": 18 }, { "data": 1000008, "lvl": 2, "x": 21, "y": 11 },
  { "data": 1000002, "lvl": 3, "x": 17, "y": 21, "res_time": 11248 },
  { "data": 1000004, "lvl": 3, "x": 14, "y": 15, "res_time": 11248 },
  { "data": 1000006, "lvl": 3, "x": 14, "y": 12, "unit_prod": { "unit_type": 0 } },
  { "data": 1000009, "lvl": 1, "x": 18, "y": 14 }, { "data": 1000010, "lvl": 1, "x": 19, "y": 17 },
  { "data": 1000010, "lvl": 1, "x": 18, "y": 17 }, { "data": 1000010, "lvl": 1, "x": 17, "y": 17 },
  { "data": 1000010, "lvl": 1, "x": 17, "y": 16 }, { "data": 1000010, "lvl": 1, "x": 17, "y": 15 },
  { "data": 1000010, "lvl": 1, "x": 17, "y": 14 }, { "data": 1000010, "lvl": 1, "x": 17, "y": 13 },
  { "data": 1000010, "lvl": 1, "x": 18, "y": 13 }, { "data": 1000010, "lvl": 1, "x": 19, "y": 13 },
  { "data": 1000010, "lvl": 1, "x": 24, "y": 12 }, { "data": 1000010, "lvl": 1, "x": 20, "y": 11 },
  { "data": 1000010, "lvl": 1, "x": 20, "y": 10 }, { "data": 1000010, "lvl": 1, "x": 21, "y": 10 },
  { "data": 1000010, "lvl": 1, "x": 22, "y": 10 }, { "data": 1000010, "lvl": 1, "x": 23, "y": 10 },
  { "data": 1000010, "lvl": 1, "x": 24, "y": 10 }, { "data": 1000010, "lvl": 1, "x": 24, "y": 11 },
  { "data": 1000010, "lvl": 1, "x": 24, "y": 20 }, { "data": 1000010, "lvl": 1, "x": 20, "y": 19 },
  { "data": 1000010, "lvl": 1, "x": 20, "y": 20 }, { "data": 1000010, "lvl": 1, "x": 20, "y": 21 },
  { "data": 1000010, "lvl": 1, "x": 21, "y": 21 }, { "data": 1000010, "lvl": 1, "x": 22, "y": 21 },
  { "data": 1000010, "lvl": 1, "x": 23, "y": 21 }, { "data": 1000010, "lvl": 1, "x": 24, "y": 21 }
  ],
  "obstacles": [
  { "data": 8000007, "x": 5, "y": 13, "loot_multiply_ver": 1 },
  { "data": 8000007, "x": 16, "y": 32, "loot_multiply_ver": 1 },
  { "data": 8000008, "x": 6, "y": 6, "loot_multiply_ver": 1 },
  { "data": 8000005, "x": 32, "y": 8, "loot_multiply_ver": 1 },
  { "data": 8000006, "x": 15, "y": 37, "loot_multiply_ver": 1 },
  { "data": 8000000, "x": 20, "y": 4, "loot_multiply_ver": 1 },
  { "data": 8000005, "x": 37, "y": 5, "loot_multiply_ver": 1 },
  { "data": 8000007, "x": 6, "y": 4, "loot_multiply_ver": 1 },
  { "data": 8000003, "x": 31, "y": 5, "loot_multiply_ver": 1 },
  { "data": 8000008, "x": 35, "y": 7, "loot_multiply_ver": 1 },
  { "data": 8000005, "x": 20, "y": 36, "loot_multiply_ver": 1 },
  { "data": 8000003, "x": 29, "y": 34, "loot_multiply_ver": 1 },
  { "data": 8000005, "x": 5, "y": 29, "loot_multiply_ver": 1 },
  { "data": 8000005, "x": 8, "y": 10, "loot_multiply_ver": 1 },
  { "data": 8000005, "x": 5, "y": 17, "loot_multiply_ver": 1 },
  { "data": 8000002, "x": 4, "y": 38, "loot_multiply_ver": 1 },
  { "data": 8000002, "x": 5, "y": 21, "loot_multiply_ver": 1 },
  { "data": 8000002, "x": 10, "y": 32, "loot_multiply_ver": 1 },
  { "data": 8000008, "x": 5, "y": 36, "loot_multiply_ver": 1 },
  { "data": 8000001, "x": 9, "y": 4, "loot_multiply_ver": 1 },
  { "data": 8000001, "x": 18, "y": 31, "loot_multiply_ver": 1 },
  { "data": 8000001, "x": 7, "y": 35, "loot_multiply_ver": 1 },
  { "data": 8000007, "x": 4, "y": 9, "loot_multiply_ver": 1 },
  { "data": 8000004, "x": 4, "y": 25, "loot_multiply_ver": 1 },
  { "data": 8000004, "x": 6, "y": 26, "loot_multiply_ver": 1 },
  { "data": 8000003, "x": 29, "y": 37, "loot_multiply_ver": 1 },
  { "data": 8000005, "x": 32, "y": 28, "loot_multiply_ver": 1 },
  { "data": 8000005, "x": 34, "y": 13, "loot_multiply_ver": 1 },
  { "data": 8000001, "x": 14, "y": 18, "loot_multiply_ver": 1 },
  { "data": 8000001, "x": 33, "y": 4, "loot_multiply_ver": 1 },
  { "data": 8000012, "x": 24, "y": 30, "loot_multiply_ver": 1 },
  { "data": 8000012, "x": 28, "y": 4, "loot_multiply_ver": 1 },
  { "data": 8000010, "x": 26, "y": 38, "loot_multiply_ver": 1 },
  { "data": 8000010, "x": 14, "y": 5, "loot_multiply_ver": 1 },
  { "data": 8000013, "x": 34, "y": 33, "loot_multiply_ver": 1 },
  { "data": 8000013, "x": 35, "y": 9, "loot_multiply_ver": 1 },
  { "data": 8000014, "x": 25, "y": 23, "loot_multiply_ver": 1 },
  { "data": 8000014, "x": 22, "y": 6, "loot_multiply_ver": 1 },
  { "data": 8000006, "x": 36, "y": 26, "loot_multiply_ver": 1 },
  { "data": 8000011, "x": 23, "y": 34, "loot_multiply_ver": 1 },
  { "data": 8000011, "x": 24, "y": 37, "loot_multiply_ver": 1 },
  { "data": 8000000, "x": 27, "y": 35, "loot_multiply_ver": 1 },
  { "data": 8000000, "x": 25, "y": 35, "loot_multiply_ver": 1 },
  { "data": 8000000, "x": 26, "y": 30, "loot_multiply_ver": 1 },
  { "data": 8000007, "x": 23, "y": 32, "loot_multiply_ver": 1 },
  { "data": 8000001, "x": 28, "y": 31, "loot_multiply_ver": 1 },
  { "data": 8000014, "x": 28, "y": 29, "loot_multiply_ver": 1 }
  ],
  "traps": [],
  "decos": [],
  "respawnVars": {
    "secondsFromLastRespawn": 7200,
    "respawnSeed": -212853765,
    "obstacleClearCounter": 2,
    "time_to_gembox_drop": 360000,
    "time_in_gembox_period": 244800,
    "time_to_special_drop": 248400,
    "time_to_special_period": 97200
  },
  "cooldowns": [],
  "newShopBuildings": [1, 0, 2, 1, 2, 1, 2, 0, 2, 1, 25, 0, 0, 0, 1, 5, 0, 0, 0, 0, 0, 0, 0, 0, 0, 0, 0, 0],
  "newShopTraps": [0, 0, 0, 0, 0, 0, 0, 0, 0],
  "newShopDecos": [
    1, 4, 0, 0, 1, 0, 0, 0, 0, 0, 0, 0, 0, 0, 0, 0, 0, 0, 0, 0, 0, 0, 0, 0, 0, 0, 0, 0, 0, 0, 0, 0, 0, 0, 0, 0, 0
  ],
  "last_league_rank": 0,
  "last_league_shuffle": 0,
  "last_news_seen": 13,
  "edit_mode_shown": false,
  "war_tutorials_seen": 0,
  "war_base": false,
  "help_opened": false
}