{
  "active_layout": 0,
  "layout_state": [0, 0, 0, 0, 0, 0],
  "buildings": [
  { "data": 1000001, "lvl": 7, "x": 20, "y": 20 }, { "data": 1000004, "lvl": 11, "x": 9, "y": 14, "res_time": 205653 },
  { "data": 1000000, "lvl": 5, "x": 34, "y": 31, "units": [[4000005, 10]] },
  { "data": 1000015, "lvl": 0, "x": 31, "y": 14 }, { "data": 1000014, "lvl": 3, "x": 29, "y": 26 },
  { "data": 1000008, "lvl": 9, "x": 25, "y": 19 }, { "data": 1000015, "lvl": 0, "x": 40, "y": 2 },
  { "data": 1000002, "lvl": 11, "x": 8, "y": 31, "res_time": 205653 }, { "data": 1000003, "lvl": 10, "x": 22, "y": 31 },
  { "data": 1000005, "lvl": 10, "x": 25, "y": 12 }, {
    "data": 1000006,
    "lvl": 9,
    "x": 34,
    "y": 20,
    "unit_prod": { "unit_type": 0 }
  }, { "data": 1000002, "lvl": 11, "x": 20, "y": 37, "res_time": 205653 },
  { "data": 1000006, "lvl": 9, "x": 23, "y": 5, "unit_prod": { "unit_type": 0 } },
  { "data": 1000010, "lvl": 7, "x": 24, "y": 34 }, { "data": 1000004, "lvl": 11, "x": 26, "y": 33, "res_time": 205653 },
  { "data": 1000002, "lvl": 11, "x": 31, "y": 16, "res_time": 205653 },
  { "data": 1000003, "lvl": 10, "x": 28, "y": 23 }, {
    "data": 1000000,
    "lvl": 5,
    "x": 29,
    "y": 34,
    "units": [[4000005, 10]]
  }, { "data": 1000008, "lvl": 9, "x": 19, "y": 25 }, { "data": 1000013, "lvl": 5, "x": 27, "y": 16 },
  { "data": 1000004, "lvl": 11, "x": 28, "y": 12, "res_time": 205653 }, { "data": 1000005, "lvl": 10, "x": 10, "y": 9 },
  { "data": 1000009, "lvl": 9, "x": 23, "y": 28 }, { "data": 1000004, "lvl": 11, "x": 13, "y": 9, "res_time": 205653 },
  { "data": 1000002, "lvl": 11, "x": 16, "y": 31, "res_time": 205653 },
  { "data": 1000006, "lvl": 9, "x": 12, "y": 35, "unit_prod": { "unit_type": 0 } },
  { "data": 1000009, "lvl": 9, "x": 30, "y": 20 }, { "data": 1000010, "lvl": 7, "x": 27, "y": 25 },
  { "data": 1000010, "lvl": 7, "x": 23, "y": 15 }, { "data": 1000010, "lvl": 7, "x": 15, "y": 28 },
  { "data": 1000010, "lvl": 7, "x": 26, "y": 25 }, { "data": 1000010, "lvl": 7, "x": 33, "y": 25 },
  { "data": 1000010, "lvl": 7, "x": 16, "y": 19 }, { "data": 1000010, "lvl": 7, "x": 34, "y": 17 },
  { "data": 1000010, "lvl": 7, "x": 11, "y": 22 }, { "data": 1000010, "lvl": 7, "x": 33, "y": 29 },
  { "data": 1000010, "lvl": 7, "x": 19, "y": 23 }, { "data": 1000010, "lvl": 7, "x": 23, "y": 17 },
  { "data": 1000010, "lvl": 7, "x": 25, "y": 26 }, { "data": 1000010, "lvl": 7, "x": 23, "y": 38 },
  { "data": 1000010, "lvl": 7, "x": 19, "y": 21 }, { "data": 1000010, "lvl": 7, "x": 25, "y": 15 },
  { "data": 1000010, "lvl": 7, "x": 11, "y": 19 }, { "data": 1000010, "lvl": 7, "x": 34, "y": 19 },
  { "data": 1000010, "lvl": 7, "x": 24, "y": 15 }, { "data": 1000010, "lvl": 7, "x": 17, "y": 30 },
  { "data": 1000010, "lvl": 7, "x": 11, "y": 25 }, { "data": 1000010, "lvl": 7, "x": 24, "y": 21 },
  { "data": 1000010, "lvl": 7, "x": 22, "y": 26 }, { "data": 1000010, "lvl": 7, "x": 27, "y": 11 },
  { "data": 1000010, "lvl": 7, "x": 23, "y": 18 }, { "data": 1000010, "lvl": 7, "x": 29, "y": 29 },
  { "data": 1000010, "lvl": 7, "x": 34, "y": 14 }, { "data": 1000010, "lvl": 7, "x": 26, "y": 11 },
  { "data": 1000010, "lvl": 7, "x": 39, "y": 26 }, { "data": 1000010, "lvl": 7, "x": 19, "y": 11 },
  { "data": 1000010, "lvl": 7, "x": 20, "y": 24 }, { "data": 1000010, "lvl": 7, "x": 16, "y": 23 },
  { "data": 1000010, "lvl": 7, "x": 15, "y": 24 }, { "data": 1000010, "lvl": 7, "x": 30, "y": 29 },
  { "data": 1000010, "lvl": 7, "x": 33, "y": 24 }, { "data": 1000010, "lvl": 7, "x": 32, "y": 29 },
  { "data": 1000010, "lvl": 7, "x": 21, "y": 15 }, { "data": 1000010, "lvl": 7, "x": 11, "y": 28 },
  { "data": 1000010, "lvl": 7, "x": 17, "y": 23 }, { "data": 1000010, "lvl": 7, "x": 22, "y": 24 },
  { "data": 1000010, "lvl": 7, "x": 15, "y": 22 }, { "data": 1000010, "lvl": 7, "x": 16, "y": 34 },
  { "data": 1000010, "lvl": 7, "x": 19, "y": 15 }, { "data": 1000010, "lvl": 7, "x": 31, "y": 33 },
  { "data": 1000010, "lvl": 7, "x": 21, "y": 24 }, { "data": 1000010, "lvl": 7, "x": 19, "y": 19 },
  { "data": 1000010, "lvl": 7, "x": 15, "y": 23 }, { "data": 1000010, "lvl": 7, "x": 25, "y": 22 },
  { "data": 1000010, "lvl": 7, "x": 15, "y": 26 }, { "data": 1000010, "lvl": 7, "x": 15, "y": 21 },
  { "data": 1000010, "lvl": 7, "x": 27, "y": 15 }, { "data": 1000010, "lvl": 7, "x": 18, "y": 23 },
  { "data": 1000010, "lvl": 7, "x": 25, "y": 11 }, { "data": 1000010, "lvl": 7, "x": 22, "y": 27 },
  { "data": 1000010, "lvl": 7, "x": 19, "y": 34 }, { "data": 1000010, "lvl": 7, "x": 25, "y": 25 },
  { "data": 1000010, "lvl": 7, "x": 17, "y": 19 }, { "data": 1000010, "lvl": 7, "x": 25, "y": 34 },
  { "data": 1000010, "lvl": 7, "x": 16, "y": 12 }, { "data": 1000010, "lvl": 7, "x": 19, "y": 30 },
  { "data": 1000010, "lvl": 7, "x": 27, "y": 23 }, { "data": 1000010, "lvl": 7, "x": 27, "y": 24 },
  { "data": 1000010, "lvl": 7, "x": 23, "y": 24 }, { "data": 1000010, "lvl": 7, "x": 22, "y": 28 },
  { "data": 1000010, "lvl": 7, "x": 30, "y": 18 }, { "data": 1000010, "lvl": 7, "x": 17, "y": 34 },
  { "data": 1000010, "lvl": 7, "x": 28, "y": 11 }, { "data": 1000010, "lvl": 7, "x": 22, "y": 25 },
  { "data": 1000010, "lvl": 7, "x": 20, "y": 19 }, { "data": 1000010, "lvl": 7, "x": 33, "y": 30 },
  { "data": 1000010, "lvl": 7, "x": 19, "y": 20 }, { "data": 1000010, "lvl": 7, "x": 15, "y": 34 },
  { "data": 1000010, "lvl": 7, "x": 30, "y": 19 }, { "data": 1000010, "lvl": 7, "x": 28, "y": 19 },
  { "data": 1000010, "lvl": 7, "x": 33, "y": 28 }, {
    "data": 1000000,
    "lvl": 5,
    "x": 15,
    "y": 35,
    "units": [[4000005, 1], [4000010, 23]]
  }, { "data": 1000010, "lvl": 7, "x": 23, "y": 34 }, { "data": 1000010, "lvl": 7, "x": 24, "y": 22 },
  { "data": 1000010, "lvl": 7, "x": 34, "y": 16 }, { "data": 1000010, "lvl": 7, "x": 20, "y": 15 },
  { "data": 1000010, "lvl": 7, "x": 24, "y": 27 }, { "data": 1000010, "lvl": 7, "x": 33, "y": 23 },
  { "data": 1000010, "lvl": 7, "x": 19, "y": 18 }, { "data": 1000010, "lvl": 7, "x": 22, "y": 19 },
  { "data": 1000010, "lvl": 7, "x": 24, "y": 11 }, { "data": 1000010, "lvl": 7, "x": 12, "y": 16 },
  { "data": 1000010, "lvl": 7, "x": 12, "y": 32 }, { "data": 1000010, "lvl": 7, "x": 39, "y": 25 },
  { "data": 1000010, "lvl": 7, "x": 26, "y": 37 }, { "data": 1000010, "lvl": 7, "x": 18, "y": 19 },
  { "data": 1000010, "lvl": 7, "x": 26, "y": 22 }, { "data": 1000010, "lvl": 7, "x": 13, "y": 12 },
  { "data": 1000010, "lvl": 7, "x": 23, "y": 27 }, { "data": 1000010, "lvl": 7, "x": 33, "y": 33 },
  { "data": 1000010, "lvl": 7, "x": 30, "y": 16 }, { "data": 1000010, "lvl": 7, "x": 28, "y": 20 },
  { "data": 1000010, "lvl": 7, "x": 22, "y": 15 }, { "data": 1000010, "lvl": 7, "x": 12, "y": 14 },
  { "data": 1000010, "lvl": 7, "x": 16, "y": 30 }, { "data": 1000010, "lvl": 7, "x": 23, "y": 19 },
  { "data": 1000010, "lvl": 7, "x": 30, "y": 15 }, { "data": 1000008, "lvl": 9, "x": 13, "y": 13 },
  { "data": 1000004, "lvl": 11, "x": 34, "y": 26, "res_time": 205653 },
  { "data": 1000002, "lvl": 11, "x": 8, "y": 28, "res_time": 205653 }, { "data": 1000007, "lvl": 5, "x": 7, "y": 17 },
  { "data": 1000012, "lvl": 5, "x": 24, "y": 16 }, { "data": 1000015, "lvl": 0, "x": 14, "y": 31 },
  { "data": 1000015, "lvl": 0, "x": 39, "y": 39 }, { "data": 1000011, "lvl": 5, "x": 16, "y": 20 },
  { "data": 1000015, "lvl": 0, "x": 2, "y": 40 }, { "data": 1000013, "lvl": 5, "x": 30, "y": 30 },
  { "data": 1000009, "lvl": 9, "x": 19, "y": 31 }, { "data": 1000010, "lvl": 7, "x": 13, "y": 32 },
  { "data": 1000010, "lvl": 7, "x": 12, "y": 18 }, { "data": 1000010, "lvl": 7, "x": 15, "y": 20 },
  { "data": 1000010, "lvl": 7, "x": 29, "y": 11 }, { "data": 1000010, "lvl": 7, "x": 22, "y": 11 },
  { "data": 1000010, "lvl": 7, "x": 17, "y": 12 }, { "data": 1000010, "lvl": 7, "x": 11, "y": 23 },
  { "data": 1000010, "lvl": 7, "x": 15, "y": 19 }, { "data": 1000010, "lvl": 7, "x": 21, "y": 34 },
  { "data": 1000010, "lvl": 7, "x": 19, "y": 17 }, { "data": 1000010, "lvl": 7, "x": 18, "y": 12 },
  { "data": 1000010, "lvl": 7, "x": 18, "y": 34 }, { "data": 1000010, "lvl": 7, "x": 11, "y": 24 },
  { "data": 1000010, "lvl": 7, "x": 24, "y": 38 }, { "data": 1000010, "lvl": 7, "x": 15, "y": 29 },
  { "data": 1000010, "lvl": 7, "x": 12, "y": 17 }, { "data": 1000010, "lvl": 7, "x": 39, "y": 27 },
  { "data": 1000010, "lvl": 7, "x": 33, "y": 14 }, { "data": 1000010, "lvl": 7, "x": 15, "y": 25 },
  { "data": 1000010, "lvl": 7, "x": 11, "y": 30 }, { "data": 1000010, "lvl": 7, "x": 15, "y": 12 },
  { "data": 1000010, "lvl": 7, "x": 12, "y": 12 }, { "data": 1000010, "lvl": 7, "x": 23, "y": 16 },
  { "data": 1000010, "lvl": 7, "x": 32, "y": 33 }, { "data": 1000010, "lvl": 7, "x": 33, "y": 27 },
  { "data": 1000004, "lvl": 11, "x": 8, "y": 25, "res_time": 205653 },
  { "data": 1000002, "lvl": 11, "x": 22, "y": 8, "res_time": 205653 },
  {
    "data": 1000020,
    "lvl": 2,
    "x": 16,
    "y": 8,
    "units": [[26000000, 1], [26000002, 2]],
    "unit_prod": { "unit_type": 1 }
  }, { "data": 1000011, "lvl": 5, "x": 20, "y": 16 }, { "data": 1000013, "lvl": 5, "x": 16, "y": 27 },
  { "data": 1000010, "lvl": 7, "x": 21, "y": 19 }, { "data": 1000010, "lvl": 7, "x": 22, "y": 34 },
  { "data": 1000010, "lvl": 7, "x": 11, "y": 18 }, { "data": 1000010, "lvl": 7, "x": 34, "y": 15 },
  { "data": 1000010, "lvl": 7, "x": 11, "y": 29 }, { "data": 1000010, "lvl": 7, "x": 20, "y": 34 },
  { "data": 1000010, "lvl": 7, "x": 25, "y": 33 }, { "data": 1000010, "lvl": 7, "x": 11, "y": 20 },
  { "data": 1000010, "lvl": 7, "x": 29, "y": 15 }, { "data": 1000010, "lvl": 7, "x": 19, "y": 22 },
  { "data": 1000010, "lvl": 7, "x": 29, "y": 30 }, { "data": 1000010, "lvl": 7, "x": 29, "y": 33 },
  { "data": 1000010, "lvl": 7, "x": 33, "y": 21 }, { "data": 1000010, "lvl": 7, "x": 19, "y": 16 },
  { "data": 1000010, "lvl": 7, "x": 33, "y": 26 }, { "data": 1000010, "lvl": 7, "x": 28, "y": 21 },
  { "data": 1000010, "lvl": 7, "x": 32, "y": 12 }, { "data": 1000010, "lvl": 7, "x": 33, "y": 22 },
  { "data": 1000010, "lvl": 7, "x": 23, "y": 11 }, { "data": 1000010, "lvl": 7, "x": 29, "y": 19 },
  { "data": 1000010, "lvl": 7, "x": 25, "y": 27 }, { "data": 1000010, "lvl": 7, "x": 24, "y": 24 },
  { "data": 1000010, "lvl": 7, "x": 33, "y": 31 }, { "data": 1000010, "lvl": 7, "x": 33, "y": 20 },
  { "data": 1000010, "lvl": 7, "x": 28, "y": 32 }, {
    "data": 1000000,
    "lvl": 5,
    "x": 35,
    "y": 15,
    "units": [[4000010, 24]]
  }, { "data": 1000008, "lvl": 9, "x": 12, "y": 19 }, { "data": 1000009, "lvl": 9, "x": 22, "y": 12 },
  { "data": 1000006, "lvl": 9, "x": 23, "y": 35, "unit_prod": { "unit_type": 0 } },
  { "data": 1000012, "lvl": 5, "x": 16, "y": 24 }, { "data": 1000019, "lvl": 5, "x": 23, "y": 25 },
  { "data": 1000010, "lvl": 7, "x": 30, "y": 17 }, { "data": 1000010, "lvl": 7, "x": 21, "y": 11 },
  { "data": 1000010, "lvl": 7, "x": 14, "y": 33 }, { "data": 1000010, "lvl": 7, "x": 31, "y": 12 },
  { "data": 1000010, "lvl": 7, "x": 20, "y": 11 }, { "data": 1000010, "lvl": 7, "x": 24, "y": 23 },
  { "data": 1000010, "lvl": 7, "x": 26, "y": 32 }, { "data": 1000010, "lvl": 7, "x": 31, "y": 11 },
  { "data": 1000010, "lvl": 7, "x": 11, "y": 31 }, { "data": 1000010, "lvl": 7, "x": 28, "y": 15 },
  { "data": 1000010, "lvl": 7, "x": 33, "y": 13 }, { "data": 1000010, "lvl": 7, "x": 30, "y": 11 },
  { "data": 1000010, "lvl": 7, "x": 11, "y": 26 }, { "data": 1000010, "lvl": 7, "x": 19, "y": 29 },
  { "data": 1000010, "lvl": 7, "x": 39, "y": 28 }, { "data": 1000010, "lvl": 7, "x": 27, "y": 37 },
  { "data": 1000010, "lvl": 7, "x": 30, "y": 33 }, { "data": 1000010, "lvl": 7, "x": 25, "y": 38 },
  { "data": 1000010, "lvl": 7, "x": 28, "y": 22 }, { "data": 1000010, "lvl": 7, "x": 14, "y": 34 },
  { "data": 1000010, "lvl": 7, "x": 13, "y": 33 }, { "data": 1000010, "lvl": 7, "x": 11, "y": 27 },
  { "data": 1000010, "lvl": 7, "x": 39, "y": 30 }, { "data": 1000010, "lvl": 7, "x": 11, "y": 21 },
  { "data": 1000010, "lvl": 7, "x": 18, "y": 11 }, { "data": 1000010, "lvl": 7, "x": 14, "y": 12 },
  { "data": 1000010, "lvl": 7, "x": 18, "y": 30 }, { "data": 1000010, "lvl": 7, "x": 31, "y": 29 },
  { "data": 1000010, "lvl": 7, "x": 12, "y": 31 }, { "data": 1000010, "lvl": 7, "x": 19, "y": 28 },
  { "data": 1000010, "lvl": 7, "x": 15, "y": 27 }, { "data": 1000010, "lvl": 7, "x": 26, "y": 38 },
  { "data": 1000010, "lvl": 7, "x": 12, "y": 13 }, { "data": 1000010, "lvl": 7, "x": 32, "y": 13 },
  { "data": 1000010, "lvl": 7, "x": 29, "y": 31 }, { "data": 1000010, "lvl": 7, "x": 27, "y": 22 },
  { "data": 1000010, "lvl": 7, "x": 33, "y": 32 }, { "data": 1000010, "lvl": 7, "x": 33, "y": 19 },
  { "data": 1000010, "lvl": 7, "x": 34, "y": 18 }, { "data": 1000010, "lvl": 7, "x": 27, "y": 32 },
  { "data": 1000010, "lvl": 7, "x": 20, "y": 28 }, { "data": 1000010, "lvl": 7, "x": 25, "y": 32 },
  { "data": 1000010, "lvl": 7, "x": 19, "y": 24 }, { "data": 1000010, "lvl": 7, "x": 29, "y": 32 },
  { "data": 1000010, "lvl": 7, "x": 21, "y": 28 }, { "data": 1000010, "lvl": 7, "x": 15, "y": 30 },
  { "data": 1000010, "lvl": 7, "x": 26, "y": 15 }, { "data": 1000010, "lvl": 7, "x": 24, "y": 19 },
  { "data": 1000010, "lvl": 7, "x": 12, "y": 15 }, { "data": 1000010, "lvl": 7, "x": 24, "y": 20 },
  { "data": 1000009, "lvl": 9, "x": 12, "y": 28 }, { "data": 1000003, "lvl": 10, "x": 16, "y": 13 },
  { "data": 1000005, "lvl": 10, "x": 12, "y": 25 }, { "data": 1000011, "lvl": 5, "x": 26, "y": 26 },
  { "data": 1000019, "lvl": 5, "x": 25, "y": 23 }, { "data": 1000022, "lvl": 0, "x": 13, "y": 16 },
  { "data": 1000008, "lvl": 9, "x": 26, "y": 29 }, { "data": 1000024, "lvl": 3, "x": 12, "y": 22 },
  { "data": 1000023, "lvl": 2, "x": 27, "y": 8, "res_time": 43139 }, { "data": 1000019, "lvl": 5, "x": 25, "y": 9 },
  { "data": 1000026, "lvl": 3, "x": 8, "y": 22, "unit_prod": { "unit_type": 0 } },
  { "data": 1000010, "lvl": 7, "x": 39, "y": 29 }, { "data": 1000010, "lvl": 7, "x": 35, "y": 14 },
  { "data": 1000010, "lvl": 7, "x": 36, "y": 14 }, { "data": 1000010, "lvl": 7, "x": 37, "y": 14 },
  { "data": 1000010, "lvl": 7, "x": 38, "y": 14 }, { "data": 1000010, "lvl": 7, "x": 39, "y": 14 },
  { "data": 1000010, "lvl": 7, "x": 40, "y": 14 }, { "data": 1000010, "lvl": 7, "x": 40, "y": 15 },
  { "data": 1000010, "lvl": 7, "x": 40, "y": 16 }, { "data": 1000010, "lvl": 7, "x": 40, "y": 17 },
  { "data": 1000010, "lvl": 7, "x": 40, "y": 18 }, { "data": 1000010, "lvl": 7, "x": 40, "y": 19 },
  { "data": 1000010, "lvl": 7, "x": 40, "y": 20 }, { "data": 1000010, "lvl": 7, "x": 40, "y": 21 },
  { "data": 1000010, "lvl": 7, "x": 39, "y": 21 }, { "data": 1000010, "lvl": 7, "x": 38, "y": 21 },
  { "data": 1000010, "lvl": 7, "x": 38, "y": 22 }, { "data": 1000010, "lvl": 7, "x": 38, "y": 23 },
  { "data": 1000010, "lvl": 7, "x": 38, "y": 24 }, { "data": 1000010, "lvl": 7, "x": 38, "y": 25 },
  { "data": 1000010, "lvl": 7, "x": 35, "y": 30 }, { "data": 1000010, "lvl": 7, "x": 34, "y": 30 },
  { "data": 1000010, "lvl": 7, "x": 38, "y": 30 }, { "data": 1000010, "lvl": 7, "x": 37, "y": 30 },
  { "data": 1000010, "lvl": 7, "x": 36, "y": 30 }, { "data": 1000012, "lvl": 5, "x": 34, "y": 23 },
  { "data": 1000026, "lvl": 3, "x": 31, "y": 8, "unit_prod": { "unit_type": 0 } },
  { "data": 1000013, "lvl": 5, "x": 16, "y": 16 }, { "data": 1000023, "lvl": 2, "x": 19, "y": 12, "res_time": 43139 },
  {
    "data": 1000028,
    "lvl": 3,
    "x": 21,
    "y": 29,
    "aim_angle": 270,
    "aim_angle_draft": 0,
    "aim_angle_war": 0,
    "aim_angle_draft_war": 0,
    "aim_angle2": 0,
    "aim_angle_d2": 0,
    "aim_angle3": 0,
    "aim_angle_d3": 0,
    "aim_angle4": 0,
    "aim_angle_d4": 0,
    "aim_angle5": 0,
    "aim_angle_d5": 0
  }, { "data": 1000029, "lvl": 1, "x": 19, "y": 7, "units": [], "unit_prod": { "unit_type": 1 } }
  ],
  "obstacles": [
  { "data": 8000005, "x": 36, "y": 5, "loot_multiply_ver": 1 },
  { "data": 8000000, "x": 1, "y": 42, "loot_multiply_ver": 1 },
  { "data": 8000000, "x": 41, "y": 4, "loot_multiply_ver": 1 },
  { "data": 8000013, "x": 11, "y": 41, "loot_multiply_ver": 1 },
  { "data": 8000013, "x": 31, "y": 0, "loot_multiply_ver": 1 },
  { "data": 8000000, "x": 28, "y": 0, "loot_multiply_ver": 1 },
  { "data": 8000000, "x": 5, "y": 26, "loot_multiply_ver": 1 },
  { "data": 8000000, "x": 19, "y": 41, "loot_multiply_ver": 1 },
  { "data": 8000000, "x": 15, "y": 3, "loot_multiply_ver": 1 },
  { "data": 8000000, "x": 21, "y": 4, "loot_multiply_ver": 1 },
  { "data": 8000005, "x": 36, "y": 0, "loot_multiply_ver": 1 },
  { "data": 8000000, "x": 1, "y": 14, "loot_multiply_ver": 1 },
  { "data": 8000000, "x": 2, "y": 34, "loot_multiply_ver": 1 },
  { "data": 8000007, "x": 26, "y": 5, "loot_multiply_ver": 1 },
  { "data": 8000000, "x": 3, "y": 23, "loot_multiply_ver": 1 },
  { "data": 8000007, "x": 3, "y": 29, "loot_multiply_ver": 1 },
  { "data": 8000010, "x": 4, "y": 15, "loot_multiply_ver": 1 },
  { "data": 8000006, "x": 22, "y": 42, "loot_multiply_ver": 1 },
  { "data": 8000006, "x": 25, "y": 1, "loot_multiply_ver": 1 },
  { "data": 8000006, "x": 42, "y": 23, "loot_multiply_ver": 1 },
  { "data": 8000004, "x": 41, "y": 15, "loot_multiply_ver": 1 },
  { "data": 8000004, "x": 0, "y": 0, "loot_multiply_ver": 1 },
  { "data": 8000021, "x": 5, "y": 42, "loot_multiply_ver": 1 },
  { "data": 8000004, "x": 2, "y": 20, "loot_multiply_ver": 1 },
  { "data": 8000000, "x": 3, "y": 0, "loot_multiply_ver": 1 },
  { "data": 8000010, "x": 12, "y": 3, "loot_multiply_ver": 1 },
  { "data": 8000000, "x": 13, "y": 0, "loot_multiply_ver": 1 },
  { "data": 8000000, "x": 8, "y": 42, "loot_multiply_ver": 1 },
  { "data": 8000006, "x": 0, "y": 24, "loot_multiply_ver": 1 },
  { "data": 8000006, "x": 5, "y": 37, "loot_multiply_ver": 1 },
  { "data": 8000000, "x": 0, "y": 27, "loot_multiply_ver": 1 },
  { "data": 8000007, "x": 20, "y": 1, "loot_multiply_ver": 1 },
  { "data": 8000000, "x": 2, "y": 37, "loot_multiply_ver": 1 },
  { "data": 8000010, "x": 36, "y": 42, "loot_multiply_ver": 1 },
  { "data": 8000004, "x": 33, "y": 42, "loot_multiply_ver": 1 },
  { "data": 8000000, "x": 42, "y": 33, "loot_multiply_ver": 1 },
  { "data": 8000010, "x": 14, "y": 6, "loot_multiply_ver": 1 },
  { "data": 8000006, "x": 0, "y": 31, "loot_multiply_ver": 1 },
  { "data": 8000004, "x": 18, "y": 5, "loot_multiply_ver": 1 },
  { "data": 8000004, "x": 42, "y": 38, "loot_multiply_ver": 2 }
  ],
  "traps": [
  { "data": 12000001, "lvl": 0, "x": 9, "y": 21 }, { "data": 12000001, "lvl": 0, "x": 21, "y": 10 },
  { "data": 12000000, "lvl": 4, "x": 32, "y": 25 }, { "data": 12000000, "lvl": 4, "x": 32, "y": 27 },
  { "data": 12000000, "lvl": 4, "x": 28, "y": 36 }, { "data": 12000001, "lvl": 0, "x": 11, "y": 17 },
  { "data": 12000001, "lvl": 0, "x": 33, "y": 12 }, { "data": 12000000, "lvl": 4, "x": 7, "y": 27 },
  { "data": 12000000, "lvl": 4, "x": 20, "y": 10 }, { "data": 12000000, "lvl": 4, "x": 37, "y": 26 },
  { "data": 12000002, "lvl": 2, "x": 10, "y": 12 }, { "data": 12000002, "lvl": 2, "x": 20, "y": 35 },
  { "data": 12000002, "lvl": 2, "x": 34, "y": 12 }, { "data": 12000001, "lvl": 0, "x": 30, "y": 10 },
  { "data": 12000001, "lvl": 0, "x": 11, "y": 32 }, { "data": 12000005, "lvl": 2, "x": 13, "y": 31 },
  { "data": 12000005, "lvl": 2, "x": 31, "y": 25 }, { "data": 12000005, "lvl": 2, "x": 33, "y": 15 },
  { "data": 12000005, "lvl": 2, "x": 10, "y": 21 }, { "data": 12000006, "lvl": 0, "x": 17, "y": 11 },
  { "data": 12000006, "lvl": 0, "x": 29, "y": 22 }, {
    "data": 12000008,
    "lvl": 1,
    "air_mode": false,
    "air_mode_draft": false,
    "air_mode_war": false,
    "air_mode_draft_war": false,
    "air_mode2": false,
    "air_mode_d2": false,
    "air_mode3": false,
    "air_mode_d3": false,
    "air_mode4": false,
    "air_mode_d4": false,
    "air_mode5": false,
    "air_mode_d5": false,
    "x": 20,
    "y": 29
  }, {
    "data": 12000008,
    "lvl": 1,
    "air_mode": true,
    "air_mode_draft": true,
    "air_mode_war": true,
    "air_mode_draft_war": true,
    "air_mode2": false,
    "air_mode_d2": false,
    "air_mode3": false,
    "air_mode_d3": false,
    "air_mode4": false,
    "air_mode_d4": false,
    "air_mode5": false,
    "air_mode_d5": false,
    "x": 32,
    "y": 19
  }
  ],
  "decos": [
  { "data": 18000001, "x": 6, "y": 8 }, { "data": 18000001, "x": 8, "y": 6 }, { "data": 18000001, "x": 6, "y": 4 },
  { "data": 18000001, "x": 4, "y": 6 }, { "data": 18000005, "x": 35, "y": 39 }, { "data": 18000006, "x": 6, "y": 2 },
  { "data": 18000005, "x": 35, "y": 37 }, { "data": 18000006, "x": 2, "y": 6 }, { "data": 18000005, "x": 39, "y": 35 },
  { "data": 18000006, "x": 10, "y": 6 }, { "data": 18000006, "x": 6, "y": 10 }, { "data": 18000012, "x": 26, "y": 40 },
  { "data": 18000018, "x": 30, "y": 6 }, { "data": 18000019, "x": 10, "y": 36 }, { "data": 18000030, "x": 8, "y": 34 },
  { "data": 18000021, "x": 10, "y": 38 }, { "data": 18000026, "x": 40, "y": 30 }, { "data": 18000020, "x": 8, "y": 36 },
  { "data": 18000023, "x": 6, "y": 30 }, { "data": 18000024, "x": 36, "y": 8 }, { "data": 18000027, "x": 8, "y": 38 },
  { "data": 18000028, "x": 6, "y": 32 }, { "data": 18000029, "x": 34, "y": 6 }, { "data": 18000011, "x": 36, "y": 10 },
  { "data": 18000017, "x": 40, "y": 26 }, { "data": 18000013, "x": 34, "y": 8 }, { "data": 18000014, "x": 6, "y": 34 },
  { "data": 18000015, "x": 32, "y": 6 }, { "data": 18000010, "x": 6, "y": 6 }, { "data": 18000032, "x": 38, "y": 10 },
  { "data": 18000031, "x": 38, "y": 8 }, { "data": 18000033, "x": 9, "y": 3 }, { "data": 18000000, "x": 3, "y": 9 },
  { "data": 18000004, "x": 3, "y": 3 }
  ],
  "respawnVars": {
    "secondsFromLastRespawn": 2972,
    "respawnSeed": 898893280,
    "obstacleClearCounter": 18,
    "time_to_gembox_drop": 177028,
    "time_in_gembox_period": 335428
  },
  "cooldowns": [],
  "newShopBuildings": [4, 0, 6, 3, 6, 3, 4, 1, 5, 5, 225, 3, 3, 4, 1, 5, 0, 0, 0, 3, 1, 0, 1, 2, 1, 0, 2, 0, 1, 1],
  "newShopTraps": [6, 6, 3, 0, 0, 4, 2, 0, 2],
  "newShopDecos": [
    1, 4, 0, 0, 1, 0, 0, 0, 0, 0, 0, 0, 0, 0, 0, 0, 0, 0, 0, 0, 0, 0, 0, 0, 0, 0, 0, 0, 0, 0, 0, 0, 0, 0, 0, 0, 0
  ],
  "last_league_rank": 0,
  "last_alliance_level": 1,
  "last_league_shuffle": 0,
  "last_season_seen": -1,
  "last_news_seen": 58,
  "edit_mode_shown": true,
  "war_tutorials_seen": 0,
  "war_base": false,
  "help_opened": false,
  "bool_layout_edit_shown_erase": false
}