{
  "active_layout": 0,
  "buildings": [
  { "data": 1000001, "lvl": 4, "x": 20, "y": 20 }, { "data": 1000004, "lvl": 9, "x": 14, "y": 28, "res_time": 143999 },
  { "data": 1000000, "lvl": 4, "x": 29, "y": 15, "units": [], "storage_type": 0 },
  { "data": 1000015, "lvl": 0, "x": 12, "y": 27 }, { "data": 1000014, "lvl": 1, "x": 9, "y": 24 },
  { "data": 1000004, "lvl": 9, "x": 28, "y": 25, "res_time": 143999 },
  { "data": 1000002, "lvl": 9, "x": 15, "y": 12, "res_time": 143999 },
  { "data": 1000002, "lvl": 9, "x": 18, "y": 12, "res_time": 143999 }, { "data": 1000015, "lvl": 0, "x": 19, "y": 32 },
  { "data": 1000003, "lvl": 8, "x": 28, "y": 21 }, { "data": 1000005, "lvl": 8, "x": 27, "y": 29 },
  { "data": 1000006, "lvl": 6, "x": 12, "y": 24, "unit_prod": { "unit_type": 0 } },
  { "data": 1000008, "lvl": 5, "x": 24, "y": 25 }, { "data": 1000008, "lvl": 5, "x": 17, "y": 16 },
  { "data": 1000002, "lvl": 9, "x": 24, "y": 13, "res_time": 143999 },
  { "data": 1000004, "lvl": 9, "x": 10, "y": 16, "res_time": 143999 },
  { "data": 1000006, "lvl": 6, "x": 11, "y": 13, "unit_prod": { "unit_type": 0 } },
  { "data": 1000009, "lvl": 5, "x": 25, "y": 17 }, { "data": 1000010, "lvl": 4, "x": 13, "y": 23 },
  { "data": 1000010, "lvl": 4, "x": 12, "y": 20 }, { "data": 1000010, "lvl": 4, "x": 23, "y": 28 },
  { "data": 1000010, "lvl": 4, "x": 27, "y": 22 }, { "data": 1000010, "lvl": 4, "x": 27, "y": 21 },
  { "data": 1000010, "lvl": 4, "x": 27, "y": 23 }, { "data": 1000010, "lvl": 4, "x": 20, "y": 15 },
  { "data": 1000010, "lvl": 4, "x": 22, "y": 28 }, { "data": 1000010, "lvl": 4, "x": 20, "y": 28 },
  { "data": 1000010, "lvl": 4, "x": 20, "y": 19 }, { "data": 1000010, "lvl": 4, "x": 21, "y": 16 },
  { "data": 1000010, "lvl": 4, "x": 23, "y": 16 }, { "data": 1000010, "lvl": 4, "x": 12, "y": 23 },
  { "data": 1000010, "lvl": 4, "x": 26, "y": 16 }, { "data": 1000010, "lvl": 4, "x": 24, "y": 16 },
  { "data": 1000010, "lvl": 4, "x": 27, "y": 16 }, { "data": 1000010, "lvl": 4, "x": 28, "y": 19 },
  { "data": 1000010, "lvl": 4, "x": 22, "y": 16 }, { "data": 1000010, "lvl": 4, "x": 28, "y": 20 },
  { "data": 1000010, "lvl": 4, "x": 28, "y": 17 }, { "data": 1000010, "lvl": 4, "x": 25, "y": 16 },
  { "data": 1000010, "lvl": 4, "x": 26, "y": 20 }, { "data": 1000010, "lvl": 4, "x": 23, "y": 25 },
  { "data": 1000010, "lvl": 4, "x": 27, "y": 20 }, { "data": 1000010, "lvl": 4, "x": 20, "y": 17 },
  { "data": 1000010, "lvl": 4, "x": 20, "y": 18 }, { "data": 1000010, "lvl": 4, "x": 20, "y": 16 },
  { "data": 1000010, "lvl": 4, "x": 28, "y": 16 }, { "data": 1000010, "lvl": 4, "x": 12, "y": 19 },
  { "data": 1000010, "lvl": 4, "x": 23, "y": 24 }, { "data": 1000010, "lvl": 4, "x": 23, "y": 27 },
  { "data": 1000010, "lvl": 4, "x": 19, "y": 28 }, { "data": 1000010, "lvl": 4, "x": 26, "y": 24 },
  { "data": 1000010, "lvl": 4, "x": 25, "y": 24 }, { "data": 1000010, "lvl": 4, "x": 27, "y": 24 },
  { "data": 1000010, "lvl": 4, "x": 25, "y": 20 }, { "data": 1000010, "lvl": 4, "x": 29, "y": 20 },
  { "data": 1000010, "lvl": 4, "x": 24, "y": 24 }, { "data": 1000010, "lvl": 4, "x": 28, "y": 18 },
  { "data": 1000010, "lvl": 4, "x": 24, "y": 18 }, { "data": 1000010, "lvl": 4, "x": 24, "y": 20 },
  { "data": 1000010, "lvl": 4, "x": 31, "y": 21 }, { "data": 1000010, "lvl": 4, "x": 30, "y": 20 },
  { "data": 1000010, "lvl": 4, "x": 24, "y": 17 }, { "data": 1000010, "lvl": 4, "x": 31, "y": 20 },
  { "data": 1000010, "lvl": 4, "x": 24, "y": 19 }, { "data": 1000010, "lvl": 4, "x": 23, "y": 26 },
  { "data": 1000002, "lvl": 9, "x": 13, "y": 16, "res_time": 143999 },
  { "data": 1000004, "lvl": 9, "x": 21, "y": 32, "res_time": 143999 }, { "data": 1000005, "lvl": 8, "x": 20, "y": 29 },
  { "data": 1000003, "lvl": 8, "x": 21, "y": 13 }, {
    "data": 1000000,
    "lvl": 4,
    "x": 7,
    "y": 19,
    "units": [],
    "storage_type": 0
  }, { "data": 1000007, "lvl": 2, "x": 21, "y": 9 }, { "data": 1000004, "lvl": 9, "x": 27, "y": 12, "res_time": 143999 },
  { "data": 1000009, "lvl": 5, "x": 20, "y": 25 }, { "data": 1000012, "lvl": 2, "x": 21, "y": 17 },
  { "data": 1000006, "lvl": 6, "x": 24, "y": 30, "unit_prod": { "unit_type": 0 } },
  { "data": 1000010, "lvl": 4, "x": 19, "y": 19 }, { "data": 1000010, "lvl": 4, "x": 12, "y": 21 },
  { "data": 1000010, "lvl": 4, "x": 13, "y": 19 }, { "data": 1000010, "lvl": 4, "x": 14, "y": 19 },
  { "data": 1000010, "lvl": 4, "x": 19, "y": 23 }, { "data": 1000010, "lvl": 4, "x": 19, "y": 24 },
  { "data": 1000010, "lvl": 4, "x": 15, "y": 19 }, { "data": 1000010, "lvl": 4, "x": 19, "y": 25 },
  { "data": 1000010, "lvl": 4, "x": 19, "y": 26 }, { "data": 1000010, "lvl": 4, "x": 19, "y": 27 },
  { "data": 1000010, "lvl": 4, "x": 18, "y": 23 }, { "data": 1000010, "lvl": 4, "x": 17, "y": 23 },
  { "data": 1000010, "lvl": 4, "x": 16, "y": 23 }, { "data": 1000010, "lvl": 4, "x": 15, "y": 23 },
  { "data": 1000010, "lvl": 4, "x": 16, "y": 22 }, { "data": 1000010, "lvl": 4, "x": 16, "y": 21 },
  { "data": 1000010, "lvl": 4, "x": 16, "y": 20 }, { "data": 1000010, "lvl": 4, "x": 16, "y": 19 },
  { "data": 1000010, "lvl": 4, "x": 17, "y": 19 }, { "data": 1000010, "lvl": 4, "x": 18, "y": 19 },
  { "data": 1000010, "lvl": 4, "x": 24, "y": 28 }, { "data": 1000010, "lvl": 4, "x": 25, "y": 28 },
  { "data": 1000010, "lvl": 4, "x": 26, "y": 28 }, { "data": 1000010, "lvl": 4, "x": 27, "y": 28 },
  { "data": 1000010, "lvl": 4, "x": 27, "y": 27 }, { "data": 1000010, "lvl": 4, "x": 27, "y": 25 },
  { "data": 1000010, "lvl": 4, "x": 29, "y": 24 }, { "data": 1000010, "lvl": 4, "x": 30, "y": 24 },
  { "data": 1000010, "lvl": 4, "x": 19, "y": 15 }, { "data": 1000010, "lvl": 4, "x": 18, "y": 15 },
  { "data": 1000010, "lvl": 4, "x": 31, "y": 22 }, { "data": 1000010, "lvl": 4, "x": 31, "y": 23 },
  { "data": 1000010, "lvl": 4, "x": 31, "y": 24 }, { "data": 1000010, "lvl": 4, "x": 28, "y": 24 },
  { "data": 1000010, "lvl": 4, "x": 27, "y": 26 }, { "data": 1000010, "lvl": 4, "x": 18, "y": 27 },
  { "data": 1000010, "lvl": 4, "x": 17, "y": 27 }, { "data": 1000010, "lvl": 4, "x": 16, "y": 27 },
  { "data": 1000010, "lvl": 4, "x": 15, "y": 27 }, { "data": 1000010, "lvl": 4, "x": 15, "y": 26 },
  { "data": 1000010, "lvl": 4, "x": 15, "y": 25 }, { "data": 1000010, "lvl": 4, "x": 15, "y": 24 },
  { "data": 1000010, "lvl": 4, "x": 16, "y": 18 }, { "data": 1000010, "lvl": 4, "x": 16, "y": 17 },
  { "data": 1000010, "lvl": 4, "x": 16, "y": 16 }, { "data": 1000010, "lvl": 4, "x": 16, "y": 15 },
  { "data": 1000010, "lvl": 4, "x": 17, "y": 15 }, { "data": 1000010, "lvl": 4, "x": 12, "y": 22 },
  { "data": 1000010, "lvl": 4, "x": 14, "y": 23 }, { "data": 1000002, "lvl": 9, "x": 11, "y": 29, "res_time": 143999 },
  { "data": 1000008, "lvl": 5, "x": 16, "y": 24 }, { "data": 1000013, "lvl": 2, "x": 17, "y": 20 },
  { "data": 1000000, "lvl": 4, "x": 32, "y": 20, "units": [], "storage_type": 0 },
  { "data": 1000011, "lvl": 1, "x": 24, "y": 21 }, { "data": 1000009, "lvl": 5, "x": 13, "y": 20 },
  { "data": 1000020, "lvl": 0, "x": 17, "y": 29, "units": [], "storage_type": 1, "unit_prod": { "unit_type": 1 } },
  { "data": 1000010, "lvl": 4, "x": 21, "y": 28 }, { "data": 1000010, "lvl": 4, "x": 22, "y": 24 },
  { "data": 1000010, "lvl": 4, "x": 21, "y": 24 }, { "data": 1000010, "lvl": 4, "x": 20, "y": 24 }
  ],
  "obstacles": [
  { "data": 8000008, "x": 6, "y": 6, "loot_multiply_ver": 1 },
  { "data": 8000005, "x": 37, "y": 5, "loot_multiply_ver": 1 },
  { "data": 8000007, "x": 6, "y": 4, "loot_multiply_ver": 1 },
  { "data": 8000008, "x": 35, "y": 7, "loot_multiply_ver": 1 },
  { "data": 8000005, "x": 5, "y": 29, "loot_multiply_ver": 1 },
  { "data": 8000002, "x": 4, "y": 38, "loot_multiply_ver": 1 },
  { "data": 8000008, "x": 5, "y": 36, "loot_multiply_ver": 1 },
  { "data": 8000001, "x": 7, "y": 35, "loot_multiply_ver": 1 },
  { "data": 8000007, "x": 4, "y": 9, "loot_multiply_ver": 1 },
  { "data": 8000003, "x": 29, "y": 37, "loot_multiply_ver": 1 },
  { "data": 8000001, "x": 33, "y": 4, "loot_multiply_ver": 1 },
  { "data": 8000010, "x": 26, "y": 38, "loot_multiply_ver": 1 },
  { "data": 8000013, "x": 34, "y": 33, "loot_multiply_ver": 1 },
  { "data": 8000007, "x": 32, "y": 38, "loot_multiply_ver": 1 },
  { "data": 8000000, "x": 12, "y": 8, "loot_multiply_ver": 1 },
  { "data": 8000005, "x": 4, "y": 14, "loot_multiply_ver": 1 },
  { "data": 8000010, "x": 14, "y": 41, "loot_multiply_ver": 1 }
  ],
  "traps": [
  { "data": 12000000, "lvl": 2, "x": 14, "y": 27 }, { "data": 12000000, "lvl": 2, "x": 15, "y": 15 },
  { "data": 12000000, "lvl": 2, "x": 25, "y": 29 }, { "data": 12000001, "lvl": 0, "x": 28, "y": 28 },
  { "data": 12000001, "lvl": 0, "x": 27, "y": 15 }, { "data": 12000000, "lvl": 2, "x": 28, "y": 15 },
  { "data": 12000005, "lvl": 1, "x": 18, "y": 28 }, { "data": 12000005, "lvl": 1, "x": 14, "y": 15 }
  ],
  "decos": [],
  "respawnVars": {
    "secondsFromLastRespawn": 10800,
    "respawnSeed": 327748489,
    "obstacleClearCounter": 16,
    "time_to_gembox_drop": 316800,
    "time_in_gembox_period": 288000,
    "time_to_special_drop": 262800,
    "time_to_special_period": 82800
  },
  "cooldowns": [],
  "newShopBuildings": [3, 0, 5, 2, 5, 2, 3, 1, 3, 3, 100, 1, 1, 1, 1, 5, 0, 0, 0, 0, 1, 0, 0, 0, 0, 0, 0, 0],
  "newShopTraps": [4, 2, 0, 0, 0, 2, 0, 0, 0],
  "newShopDecos": [
    1, 4, 0, 0, 1, 0, 0, 0, 0, 0, 0, 0, 0, 0, 0, 0, 0, 0, 0, 0, 0, 0, 0, 0, 0, 0, 0, 0, 0, 0, 0, 0, 0, 0, 0, 0, 0
  ],
  "last_league_rank": 0,
  "last_league_shuffle": 0,
  "last_news_seen": 58,
  "edit_mode_shown": false,
  "war_tutorials_seen": 0,
  "war_base": false,
  "help_opened": false
}