{
  "exp_ver": 1,
  "active_layout": 0,
  "layout_state": [0, 0, 0, 0, 0, 0],
  "buildings": [
  { "data": 1000001, "id": 500000000, "lvl": 5, "x": 23, "y": 23 },
  { "data": 1000004, "id": 500000001, "lvl": 9, "x": 15, "y": 34, "res_time": 143376 },
  { "data": 1000000, "id": 500000002, "lvl": 5, "x": 32, "y": 17, "units": [] },
  { "data": 1000015, "id": 500000003, "lvl": 0, "x": 14, "y": 28 },
  { "data": 1000014, "id": 500000004, "lvl": 2, "x": 31, "y": 24 },
  { "data": 1000004, "id": 500000005, "lvl": 9, "x": 26, "y": 36, "res_time": 143376 },
  { "data": 1000002, "id": 500000006, "lvl": 9, "x": 20, "y": 15, "res_time": 143446 },
  { "data": 1000002, "id": 500000007, "lvl": 9, "x": 21, "y": 12, "res_time": 143382 },
  { "data": 1000015, "id": 500000008, "lvl": 0, "x": 34, "y": 28 },
  { "data": 1000003, "id": 500000009, "lvl": 9, "x": 15, "y": 31 },
  { "data": 1000005, "id": 500000010, "lvl": 9, "x": 27, "y": 32 },
  { "data": 1000006, "id": 500000011, "lvl": 7, "x": 12, "y": 30, "unit_prod": { "unit_type": 0 } },
  { "data": 1000008, "id": 500000012, "lvl": 6, "x": 27, "y": 28 },
  { "data": 1000008, "id": 500000013, "lvl": 6, "x": 16, "y": 23 },
  { "data": 1000002, "id": 500000014, "lvl": 9, "x": 28, "y": 13, "res_time": 143376 },
  { "data": 1000004, "id": 500000015, "lvl": 9, "x": 14, "y": 16, "res_time": 143376 },
  { "data": 1000006, "id": 500000016, "lvl": 7, "x": 17, "y": 15, "unit_prod": { "unit_type": 0 } },
  { "data": 1000009, "id": 500000017, "lvl": 6, "x": 20, "y": 19 },
  { "data": 1000010, "id": 500000018, "lvl": 5, "x": 16, "y": 26 },
  { "data": 1000010, "id": 500000019, "lvl": 5, "x": 15, "y": 23 },
  { "data": 1000010, "id": 500000020, "lvl": 5, "x": 26, "y": 32 },
  { "data": 1000010, "id": 500000021, "lvl": 5, "x": 30, "y": 25 },
  { "data": 1000010, "id": 500000022, "lvl": 5, "x": 30, "y": 24 },
  { "data": 1000010, "id": 500000023, "lvl": 5, "x": 30, "y": 26 },
  { "data": 1000010, "id": 500000024, "lvl": 5, "x": 23, "y": 18 },
  { "data": 1000010, "id": 500000025, "lvl": 5, "x": 25, "y": 31 },
  { "data": 1000010, "id": 500000026, "lvl": 5, "x": 24, "y": 31 },
  { "data": 1000010, "id": 500000027, "lvl": 5, "x": 23, "y": 22 },
  { "data": 1000010, "id": 500000028, "lvl": 5, "x": 24, "y": 19 },
  { "data": 1000010, "id": 500000029, "lvl": 5, "x": 26, "y": 19 },
  { "data": 1000010, "id": 500000030, "lvl": 5, "x": 15, "y": 26 },
  { "data": 1000010, "id": 500000031, "lvl": 5, "x": 29, "y": 19 },
  { "data": 1000010, "id": 500000032, "lvl": 5, "x": 27, "y": 19 },
  { "data": 1000010, "id": 500000033, "lvl": 5, "x": 30, "y": 19 },
  { "data": 1000010, "id": 500000034, "lvl": 5, "x": 31, "y": 22 },
  { "data": 1000010, "id": 500000035, "lvl": 5, "x": 25, "y": 19 },
  { "data": 1000010, "id": 500000036, "lvl": 5, "x": 31, "y": 23 },
  { "data": 1000010, "id": 500000037, "lvl": 5, "x": 31, "y": 20 },
  { "data": 1000010, "id": 500000038, "lvl": 5, "x": 28, "y": 19 },
  { "data": 1000010, "id": 500000039, "lvl": 5, "x": 29, "y": 23 },
  { "data": 1000010, "id": 500000040, "lvl": 5, "x": 26, "y": 29 },
  { "data": 1000010, "id": 500000041, "lvl": 5, "x": 30, "y": 23 },
  { "data": 1000010, "id": 500000042, "lvl": 5, "x": 23, "y": 20 },
  { "data": 1000010, "id": 500000043, "lvl": 5, "x": 23, "y": 21 },
  { "data": 1000010, "id": 500000044, "lvl": 5, "x": 23, "y": 19 },
  { "data": 1000010, "id": 500000045, "lvl": 5, "x": 31, "y": 19 },
  { "data": 1000010, "id": 500000046, "lvl": 5, "x": 15, "y": 22 },
  { "data": 1000010, "id": 500000047, "lvl": 5, "x": 26, "y": 28 },
  { "data": 1000010, "id": 500000048, "lvl": 5, "x": 26, "y": 31 },
  { "data": 1000010, "id": 500000049, "lvl": 5, "x": 23, "y": 31 },
  { "data": 1000010, "id": 500000050, "lvl": 5, "x": 29, "y": 27 },
  { "data": 1000010, "id": 500000051, "lvl": 5, "x": 28, "y": 27 },
  { "data": 1000010, "id": 500000052, "lvl": 5, "x": 30, "y": 27 },
  { "data": 1000010, "id": 500000053, "lvl": 5, "x": 28, "y": 23 },
  { "data": 1000010, "id": 500000054, "lvl": 5, "x": 32, "y": 23 },
  { "data": 1000010, "id": 500000055, "lvl": 5, "x": 27, "y": 27 },
  { "data": 1000010, "id": 500000056, "lvl": 5, "x": 31, "y": 21 },
  { "data": 1000010, "id": 500000057, "lvl": 5, "x": 27, "y": 21 },
  { "data": 1000010, "id": 500000058, "lvl": 5, "x": 27, "y": 23 },
  { "data": 1000010, "id": 500000059, "lvl": 5, "x": 34, "y": 24 },
  { "data": 1000010, "id": 500000060, "lvl": 5, "x": 33, "y": 23 },
  { "data": 1000010, "id": 500000061, "lvl": 5, "x": 27, "y": 20 },
  { "data": 1000010, "id": 500000062, "lvl": 5, "x": 34, "y": 23 },
  { "data": 1000010, "id": 500000063, "lvl": 5, "x": 27, "y": 22 },
  { "data": 1000010, "id": 500000064, "lvl": 5, "x": 26, "y": 30 },
  { "data": 1000002, "id": 500000065, "lvl": 9, "x": 13, "y": 19, "res_time": 143376 },
  { "data": 1000004, "id": 500000066, "lvl": 9, "x": 12, "y": 22, "res_time": 143376 },
  { "data": 1000005, "id": 500000067, "lvl": 9, "x": 16, "y": 19 },
  { "data": 1000003, "id": 500000068, "lvl": 9, "x": 28, "y": 16 },
  { "data": 1000000, "id": 500000069, "lvl": 5, "x": 21, "y": 36, "units": [] },
  { "data": 1000013, "id": 500000070, "lvl": 3, "x": 27, "y": 24 },
  { "data": 1000007, "id": 500000071, "lvl": 3, "x": 24, "y": 11 },
  { "data": 1000002, "id": 500000072, "lvl": 9, "x": 12, "y": 25, "res_time": 143376 },
  { "data": 1000004, "id": 500000073, "lvl": 9, "x": 31, "y": 14, "res_time": 143376 },
  { "data": 1000009, "id": 500000074, "lvl": 6, "x": 28, "y": 20 },
  { "data": 1000012, "id": 500000075, "lvl": 3, "x": 24, "y": 20 },
  { "data": 1000006, "id": 500000076, "lvl": 7, "x": 29, "y": 35, "unit_prod": { "unit_type": 0 } },
  { "data": 1000010, "id": 500000077, "lvl": 5, "x": 22, "y": 22 },
  { "data": 1000010, "id": 500000078, "lvl": 5, "x": 15, "y": 24 },
  { "data": 1000010, "id": 500000079, "lvl": 5, "x": 16, "y": 22 },
  { "data": 1000010, "id": 500000080, "lvl": 5, "x": 17, "y": 22 },
  { "data": 1000010, "id": 500000081, "lvl": 5, "x": 20, "y": 27 },
  { "data": 1000010, "id": 500000082, "lvl": 5, "x": 20, "y": 29 },
  { "data": 1000010, "id": 500000083, "lvl": 5, "x": 18, "y": 22 },
  { "data": 1000010, "id": 500000084, "lvl": 5, "x": 26, "y": 27 },
  { "data": 1000010, "id": 500000085, "lvl": 5, "x": 22, "y": 35 },
  { "data": 1000010, "id": 500000086, "lvl": 5, "x": 22, "y": 30 },
  { "data": 1000010, "id": 500000087, "lvl": 5, "x": 20, "y": 28 },
  { "data": 1000010, "id": 500000088, "lvl": 5, "x": 20, "y": 26 },
  { "data": 1000010, "id": 500000089, "lvl": 5, "x": 19, "y": 26 },
  { "data": 1000010, "id": 500000090, "lvl": 5, "x": 18, "y": 26 },
  { "data": 1000010, "id": 500000091, "lvl": 5, "x": 19, "y": 25 },
  { "data": 1000010, "id": 500000092, "lvl": 5, "x": 19, "y": 24 },
  { "data": 1000010, "id": 500000093, "lvl": 5, "x": 19, "y": 23 },
  { "data": 1000010, "id": 500000094, "lvl": 5, "x": 19, "y": 22 },
  { "data": 1000010, "id": 500000095, "lvl": 5, "x": 20, "y": 22 },
  { "data": 1000010, "id": 500000096, "lvl": 5, "x": 21, "y": 22 },
  { "data": 1000010, "id": 500000097, "lvl": 5, "x": 27, "y": 31 },
  { "data": 1000010, "id": 500000098, "lvl": 5, "x": 28, "y": 31 },
  { "data": 1000010, "id": 500000099, "lvl": 5, "x": 29, "y": 31 },
  { "data": 1000010, "id": 500000100, "lvl": 5, "x": 30, "y": 31 },
  { "data": 1000010, "id": 500000101, "lvl": 5, "x": 30, "y": 30 },
  { "data": 1000010, "id": 500000102, "lvl": 5, "x": 30, "y": 28 },
  { "data": 1000010, "id": 500000103, "lvl": 5, "x": 32, "y": 27 },
  { "data": 1000010, "id": 500000104, "lvl": 5, "x": 33, "y": 27 },
  { "data": 1000010, "id": 500000105, "lvl": 5, "x": 22, "y": 18 },
  { "data": 1000010, "id": 500000106, "lvl": 5, "x": 21, "y": 18 },
  { "data": 1000010, "id": 500000107, "lvl": 5, "x": 34, "y": 25 },
  { "data": 1000010, "id": 500000108, "lvl": 5, "x": 34, "y": 26 },
  { "data": 1000010, "id": 500000109, "lvl": 5, "x": 34, "y": 27 },
  { "data": 1000010, "id": 500000110, "lvl": 5, "x": 31, "y": 27 },
  { "data": 1000010, "id": 500000111, "lvl": 5, "x": 30, "y": 29 },
  { "data": 1000010, "id": 500000112, "lvl": 5, "x": 21, "y": 30 },
  { "data": 1000010, "id": 500000113, "lvl": 5, "x": 20, "y": 30 },
  { "data": 1000010, "id": 500000114, "lvl": 5, "x": 19, "y": 30 },
  { "data": 1000010, "id": 500000115, "lvl": 5, "x": 18, "y": 30 },
  { "data": 1000010, "id": 500000116, "lvl": 5, "x": 17, "y": 30 },
  { "data": 1000010, "id": 500000117, "lvl": 5, "x": 16, "y": 28 },
  { "data": 1000010, "id": 500000118, "lvl": 5, "x": 16, "y": 27 },
  { "data": 1000010, "id": 500000119, "lvl": 5, "x": 19, "y": 21 },
  { "data": 1000010, "id": 500000120, "lvl": 5, "x": 19, "y": 20 },
  { "data": 1000010, "id": 500000121, "lvl": 5, "x": 19, "y": 19 },
  { "data": 1000010, "id": 500000122, "lvl": 5, "x": 19, "y": 18 },
  { "data": 1000010, "id": 500000123, "lvl": 5, "x": 20, "y": 18 },
  { "data": 1000010, "id": 500000124, "lvl": 5, "x": 15, "y": 25 },
  { "data": 1000010, "id": 500000125, "lvl": 5, "x": 17, "y": 26 },
  { "data": 1000002, "id": 500000126, "lvl": 9, "x": 18, "y": 35, "res_time": 143376 },
  { "data": 1000004, "id": 500000127, "lvl": 9, "x": 31, "y": 31, "res_time": 143984 },
  { "data": 1000008, "id": 500000128, "lvl": 6, "x": 19, "y": 31 },
  { "data": 1000013, "id": 500000129, "lvl": 3, "x": 20, "y": 23 },
  { "data": 1000000, "id": 500000130, "lvl": 5, "x": 35, "y": 22, "units": [] },
  { "data": 1000009, "id": 500000131, "lvl": 6, "x": 23, "y": 32 },
  { "data": 1000011, "id": 500000132, "lvl": 2, "x": 23, "y": 28 },
  { "data": 1000010, "id": 500000133, "lvl": 5, "x": 22, "y": 31 },
  { "data": 1000010, "id": 500000134, "lvl": 5, "x": 22, "y": 32 },
  { "data": 1000010, "id": 500000135, "lvl": 5, "x": 22, "y": 33 },
  { "data": 1000010, "id": 500000136, "lvl": 5, "x": 22, "y": 34 },
  { "data": 1000010, "id": 500000137, "lvl": 5, "x": 26, "y": 35 },
  { "data": 1000010, "id": 500000138, "lvl": 5, "x": 23, "y": 35 },
  { "data": 1000010, "id": 500000139, "lvl": 5, "x": 24, "y": 35 },
  { "data": 1000010, "id": 500000140, "lvl": 5, "x": 25, "y": 35 },
  { "data": 1000010, "id": 500000141, "lvl": 5, "x": 26, "y": 34 },
  { "data": 1000010, "id": 500000142, "lvl": 5, "x": 26, "y": 33 },
  { "data": 1000010, "id": 500000143, "lvl": 5, "x": 23, "y": 17 },
  { "data": 1000010, "id": 500000144, "lvl": 5, "x": 23, "y": 16 },
  { "data": 1000010, "id": 500000145, "lvl": 5, "x": 23, "y": 15 },
  { "data": 1000010, "id": 500000146, "lvl": 5, "x": 24, "y": 15 },
  { "data": 1000010, "id": 500000147, "lvl": 5, "x": 25, "y": 15 },
  { "data": 1000010, "id": 500000148, "lvl": 5, "x": 26, "y": 15 },
  { "data": 1000010, "id": 500000149, "lvl": 5, "x": 27, "y": 15 },
  { "data": 1000010, "id": 500000150, "lvl": 5, "x": 27, "y": 16 },
  { "data": 1000010, "id": 500000151, "lvl": 5, "x": 27, "y": 17 },
  { "data": 1000010, "id": 500000152, "lvl": 5, "x": 27, "y": 18 },
  { "data": 1000010, "id": 500000153, "lvl": 5, "x": 21, "y": 34 },
  { "data": 1000010, "id": 500000154, "lvl": 5, "x": 20, "y": 34 },
  { "data": 1000010, "id": 500000155, "lvl": 5, "x": 19, "y": 34 },
  { "data": 1000010, "id": 500000156, "lvl": 5, "x": 18, "y": 34 },
  { "data": 1000010, "id": 500000157, "lvl": 5, "x": 18, "y": 33 },
  { "data": 1000010, "id": 500000158, "lvl": 5, "x": 18, "y": 32 },
  { "data": 1000010, "id": 500000159, "lvl": 5, "x": 18, "y": 31 },
  { "data": 1000011, "id": 500000160, "lvl": 2, "x": 24, "y": 16 },
  { "data": 1000020, "id": 500000161, "lvl": 1, "x": 31, "y": 28, "units": [], "unit_prod": { "unit_type": 1 } },
  { "data": 1000010, "id": 500000162, "lvl": 5, "x": 16, "y": 30 },
  { "data": 1000010, "id": 500000163, "lvl": 5, "x": 16, "y": 29 },
  {
    "data": 1000028,
    "id": 500000164,
    "lvl": 1,
    "x": 21,
    "y": 28,
    "aim_angle": 225,
    "aim_angle_draft": 0,
    "aim_angle_war": 0,
    "aim_angle_draft_war": 0,
    "aim_angle2": 0,
    "aim_angle_d2": 0,
    "aim_angle3": 0,
    "aim_angle_d3": 0,
    "aim_angle4": 0,
    "aim_angle_d4": 0,
    "aim_angle5": 0,
    "aim_angle_d5": 0
  }, { "data": 1000012, "id": 500000165, "lvl": 3, "x": 17, "y": 27 }
  ],
  "obstacles": [
  { "data": 8000008, "id": 503000000, "x": 9, "y": 9, "loot_multiply_ver": 1 },
  { "data": 8000005, "id": 503000001, "x": 40, "y": 8, "loot_multiply_ver": 1 },
  { "data": 8000007, "id": 503000002, "x": 9, "y": 7, "loot_multiply_ver": 1 },
  { "data": 8000008, "id": 503000003, "x": 38, "y": 10, "loot_multiply_ver": 1 },
  { "data": 8000005, "id": 503000004, "x": 8, "y": 32, "loot_multiply_ver": 1 },
  { "data": 8000002, "id": 503000005, "x": 7, "y": 41, "loot_multiply_ver": 1 },
  { "data": 8000008, "id": 503000006, "x": 8, "y": 39, "loot_multiply_ver": 1 },
  { "data": 8000001, "id": 503000007, "x": 10, "y": 38, "loot_multiply_ver": 1 },
  { "data": 8000007, "id": 503000008, "x": 7, "y": 12, "loot_multiply_ver": 1 },
  { "data": 8000003, "id": 503000009, "x": 32, "y": 40, "loot_multiply_ver": 1 },
  { "data": 8000001, "id": 503000010, "x": 36, "y": 7, "loot_multiply_ver": 1 },
  { "data": 8000010, "id": 503000011, "x": 29, "y": 41, "loot_multiply_ver": 1 },
  { "data": 8000013, "id": 503000012, "x": 37, "y": 36, "loot_multiply_ver": 1 },
  { "data": 8000007, "id": 503000013, "x": 35, "y": 41, "loot_multiply_ver": 1 },
  { "data": 8000000, "id": 503000014, "x": 15, "y": 11, "loot_multiply_ver": 1 },
  { "data": 8000005, "id": 503000015, "x": 7, "y": 23, "loot_multiply_ver": 1 },
  { "data": 8000005, "id": 503000016, "x": 35, "y": 13, "loot_multiply_ver": 1 },
  { "data": 8000000, "id": 503000017, "x": 41, "y": 16, "loot_multiply_ver": 1 },
  { "data": 8000013, "id": 503000018, "x": 1, "y": 37, "loot_multiply_ver": 1 },
  { "data": 8000006, "id": 503000019, "x": 1, "y": 22, "loot_multiply_ver": 1 },
  { "data": 8000000, "id": 503000020, "x": 46, "y": 32, "loot_multiply_ver": 1 },
  { "data": 8000004, "id": 503000021, "x": 14, "y": 37, "loot_multiply_ver": 2 },
  { "data": 8000010, "id": 503000022, "x": 47, "y": 10, "loot_multiply_ver": 2 }
  ],
  "traps": [
  { "data": 12000000, "id": 504000000, "lvl": 2, "x": 17, "y": 18 },
  { "data": 12000000, "id": 504000001, "lvl": 2, "x": 30, "y": 32 },
  { "data": 12000001, "id": 504000002, "lvl": 0, "x": 35, "y": 27 },
  { "data": 12000001, "id": 504000003, "lvl": 0, "x": 24, "y": 27 },
  { "data": 12000000, "id": 504000004, "lvl": 2, "x": 27, "y": 35 },
  { "data": 12000000, "id": 504000005, "lvl": 2, "x": 34, "y": 30 },
  { "data": 12000001, "id": 504000006, "lvl": 0, "x": 18, "y": 18 },
  { "data": 12000001, "id": 504000007, "lvl": 0, "x": 31, "y": 18 },
  { "data": 12000005, "id": 504000008, "lvl": 1, "x": 23, "y": 27 },
  { "data": 12000005, "id": 504000009, "lvl": 1, "x": 25, "y": 27 },
  { "data": 12000002, "id": 504000010, "lvl": 1, "x": 21, "y": 26 }
  ],
  "decos": [],
  "respawnVars": {
    "secondsFromLastRespawn": 623,
    "respawnSeed": 377858680,
    "obstacleClearCounter": 16,
    "time_to_gembox_drop": 276577,
    "time_in_gembox_period": 326977
  },
  "cooldowns": [],
  "newShopBuildings": [
    3, 0, 6, 2, 6, 2, 3, 1, 3, 3, 125, 2, 2, 2, 1, 5, 0, 0, 0, 0, 1, 0, 0, 0, 0, 0, 0, 0, 1, 0, 0,
    0
  ],
  "newShopTraps": [4, 4, 1, 0, 0, 2, 0, 0, 0],
  "newShopDecos": [
    1, 4, 0, 0, 1, 0, 0, 0, 0, 0, 0, 0, 0, 0, 0, 0, 0, 0, 0, 0, 0, 0, 0, 0, 0, 0, 0, 0, 0, 0, 0, 0, 0, 0, 0, 0, 0
  ],
  "last_league_rank": 0,
  "last_alliance_level": 1,
  "last_league_shuffle": 0,
  "last_season_seen": -1,
  "last_news_seen": 58,
  "war_tutorials_seen": 0,
  "war_base": false,
  "account_flags": 0,
  "bool_layout_edit_shown_erase": false
}